ISO-10303-21;
HEADER;
FILE_DESCRIPTION(('FreeCAD Model'),'2;1');
FILE_NAME('Open CASCADE Shape Model','2026-08-23T15:09:25',('FreeCAD'),(
    'FreeCAD'),'Open CASCADE STEP processor 7.8','FreeCAD','Unknown');
FILE_SCHEMA(('AUTOMOTIVE_DESIGN { 1 0 10303 214 1 1 1 1 }'));
ENDSEC;
DATA;
#1 = APPLICATION_PROTOCOL_DEFINITION('international standard',
  'automotive_design',2000,#2);
#2 = APPLICATION_CONTEXT(
  'core data for automotive mechanical design processes');
#3 = SHAPE_DEFINITION_REPRESENTATION(#4,#10);
#4 = PRODUCT_DEFINITION_SHAPE('','',#5);
#5 = PRODUCT_DEFINITION('design','',#6,#9);
#6 = PRODUCT_DEFINITION_FORMATION('','',#7);
#7 = PRODUCT('Open CASCADE STEP translator 7.8 1',
  'Open CASCADE STEP translator 7.8 1','',(#8));
#8 = PRODUCT_CONTEXT('',#2,'mechanical');
#9 = PRODUCT_DEFINITION_CONTEXT('part definition',#2,'design');
#10 = SHAPE_REPRESENTATION('',(#11,#15,#4831,#4923,#5015,#5107,#5199,
    #5291,#5383,#5533,#5683,#5833,#5983,#6036,#6089,#6142,#6195,#6248,
    #6301,#6354,#6407,#6557,#6707,#6760,#6852,#6905,#7055,#7205,#7355),
  #7505);
#11 = AXIS2_PLACEMENT_3D('',#12,#13,#14);
#12 = CARTESIAN_POINT('',(0.,0.,0.));
#13 = DIRECTION('',(0.,0.,1.));
#14 = DIRECTION('',(1.,0.,-0.));
#15 = MANIFOLD_SOLID_BREP('',#16);
#16 = CLOSED_SHELL('',(#17,#43,#68,#93,#118,#143,#168,#193,#218,#243,
    #268,#293,#318,#343,#368,#393,#418,#443,#468,#493,#518,#543,#568,
    #593,#618,#643,#668,#693,#718,#743,#768,#793,#818,#843,#868,#893,
    #918,#943,#968,#993,#1018,#1043,#1068,#1093,#1118,#1143,#1168,#1193,
    #1218,#1243,#1268,#1293,#1318,#1343,#1368,#1393,#1418,#1443,#1468,
    #1493,#1518,#1543,#1568,#1593,#1618,#1643,#1668,#1693,#1718,#1743,
    #1768,#1793,#1818,#1843,#1868,#1893,#1918,#1943,#1968,#1993,#2018,
    #2043,#2068,#2093,#2118,#2143,#2168,#2193,#2218,#2243,#2268,#2293,
    #2318,#2343,#2368,#2393,#2418,#2438,#2463,#2488,#2513,#2538,#2563,
    #2588,#2613,#2638,#2663,#2688,#2713,#2738,#2763,#2788,#2813,#2838,
    #2863,#2888,#2913,#2938,#2963,#2988,#3013,#3038,#3063,#3088,#3113,
    #3138,#3163,#3188,#3213,#3238,#3263,#3288,#3313,#3338,#3363,#3388,
    #3413,#3438,#3463,#3488,#3513,#3538,#3563,#3588,#3613,#3638,#3663,
    #3688,#3713,#3738,#3763,#3788,#3813,#3838,#3863,#3888,#3913,#3938,
    #3963,#3988,#4013,#4038,#4063,#4088,#4113,#4138,#4163,#4188,#4213,
    #4238,#4263,#4288,#4313,#4338,#4363,#4388,#4413,#4438,#4463,#4488,
    #4513,#4538,#4563,#4588,#4613,#4638,#4663,#4688,#4713,#4738,#4763,
    #4788,#4813));
#17 = ADVANCED_FACE('',(#18),#38,.T.);
#18 = FACE_BOUND('',#19,.T.);
#19 = EDGE_LOOP('',(#20,#30,#37));
#20 = ORIENTED_EDGE('',*,*,#21,.T.);
#21 = EDGE_CURVE('',#22,#24,#26,.T.);
#22 = VERTEX_POINT('',#23);
#23 = CARTESIAN_POINT('',(0.,0.,0.));
#24 = VERTEX_POINT('',#25);
#25 = CARTESIAN_POINT('',(5.729166666667,2.545020789034,0.));
#26 = LINE('',#27,#28);
#27 = CARTESIAN_POINT('',(0.,0.,0.));
#28 = VECTOR('',#29,1.);
#29 = DIRECTION('',(0.913887044616,0.405968557506,0.));
#30 = ORIENTED_EDGE('',*,*,#31,.F.);
#31 = EDGE_CURVE('',#24,#24,#32,.T.);
#32 = CIRCLE('',#33,2.545020789034);
#33 = AXIS2_PLACEMENT_3D('',#34,#35,#36);
#34 = CARTESIAN_POINT('',(5.729166666667,0.,0.));
#35 = DIRECTION('',(1.,0.,0.));
#36 = DIRECTION('',(0.,1.,0.));
#37 = ORIENTED_EDGE('',*,*,#21,.F.);
#38 = CONICAL_SURFACE('',#39,0.,0.418038403357);
#39 = AXIS2_PLACEMENT_3D('',#40,#41,#42);
#40 = CARTESIAN_POINT('',(0.,0.,0.));
#41 = DIRECTION('',(1.,0.,0.));
#42 = DIRECTION('',(0.,1.,0.));
#43 = ADVANCED_FACE('',(#44),#63,.T.);
#44 = FACE_BOUND('',#45,.T.);
#45 = EDGE_LOOP('',(#46,#47,#55,#62));
#46 = ORIENTED_EDGE('',*,*,#31,.T.);
#47 = ORIENTED_EDGE('',*,*,#48,.T.);
#48 = EDGE_CURVE('',#24,#49,#51,.T.);
#49 = VERTEX_POINT('',#50);
#50 = CARTESIAN_POINT('',(11.458333333333,4.273445782303,0.));
#51 = LINE('',#52,#53);
#52 = CARTESIAN_POINT('',(5.729166666667,2.545020789034,0.));
#53 = VECTOR('',#54,1.);
#54 = DIRECTION('',(0.957380158905,0.288830800531,0.));
#55 = ORIENTED_EDGE('',*,*,#56,.F.);
#56 = EDGE_CURVE('',#49,#49,#57,.T.);
#57 = CIRCLE('',#58,4.273445782303);
#58 = AXIS2_PLACEMENT_3D('',#59,#60,#61);
#59 = CARTESIAN_POINT('',(11.458333333333,0.,0.));
#60 = DIRECTION('',(1.,0.,0.));
#61 = DIRECTION('',(0.,1.,0.));
#62 = ORIENTED_EDGE('',*,*,#48,.F.);
#63 = CONICAL_SURFACE('',#64,2.545020789034,0.293005363483);
#64 = AXIS2_PLACEMENT_3D('',#65,#66,#67);
#65 = CARTESIAN_POINT('',(5.729166666667,0.,0.));
#66 = DIRECTION('',(1.,0.,0.));
#67 = DIRECTION('',(0.,1.,0.));
#68 = ADVANCED_FACE('',(#69),#88,.T.);
#69 = FACE_BOUND('',#70,.T.);
#70 = EDGE_LOOP('',(#71,#72,#80,#87));
#71 = ORIENTED_EDGE('',*,*,#56,.T.);
#72 = ORIENTED_EDGE('',*,*,#73,.T.);
#73 = EDGE_CURVE('',#49,#74,#76,.T.);
#74 = VERTEX_POINT('',#75);
#75 = CARTESIAN_POINT('',(17.1875,5.783040403269,0.));
#76 = LINE('',#77,#78);
#77 = CARTESIAN_POINT('',(11.458333333333,4.273445782303,0.));
#78 = VECTOR('',#79,1.);
#79 = DIRECTION('',(0.966994766521,0.254796235295,0.));
#80 = ORIENTED_EDGE('',*,*,#81,.F.);
#81 = EDGE_CURVE('',#74,#74,#82,.T.);
#82 = CIRCLE('',#83,5.783040403269);
#83 = AXIS2_PLACEMENT_3D('',#84,#85,#86);
#84 = CARTESIAN_POINT('',(17.1875,0.,0.));
#85 = DIRECTION('',(1.,0.,0.));
#86 = DIRECTION('',(0.,1.,0.));
#87 = ORIENTED_EDGE('',*,*,#73,.F.);
#88 = CONICAL_SURFACE('',#89,4.273445782303,0.257636977802);
#89 = AXIS2_PLACEMENT_3D('',#90,#91,#92);
#90 = CARTESIAN_POINT('',(11.458333333333,0.,0.));
#91 = DIRECTION('',(1.,0.,0.));
#92 = DIRECTION('',(0.,1.,0.));
#93 = ADVANCED_FACE('',(#94),#113,.T.);
#94 = FACE_BOUND('',#95,.T.);
#95 = EDGE_LOOP('',(#96,#97,#105,#112));
#96 = ORIENTED_EDGE('',*,*,#81,.T.);
#97 = ORIENTED_EDGE('',*,*,#98,.T.);
#98 = EDGE_CURVE('',#74,#99,#101,.T.);
#99 = VERTEX_POINT('',#100);
#100 = CARTESIAN_POINT('',(22.916666666667,7.16415556349,0.));
#101 = LINE('',#102,#103);
#102 = CARTESIAN_POINT('',(17.1875,5.783040403269,0.));
#103 = VECTOR('',#104,1.);
#104 = DIRECTION('',(0.972151334573,0.234353968793,0.));
#105 = ORIENTED_EDGE('',*,*,#106,.F.);
#106 = EDGE_CURVE('',#99,#99,#107,.T.);
#107 = CIRCLE('',#108,7.16415556349);
#108 = AXIS2_PLACEMENT_3D('',#109,#110,#111);
#109 = CARTESIAN_POINT('',(22.916666666667,0.,0.));
#110 = DIRECTION('',(1.,0.,0.));
#111 = DIRECTION('',(0.,1.,0.));
#112 = ORIENTED_EDGE('',*,*,#98,.F.);
#113 = CONICAL_SURFACE('',#114,5.783040403269,0.236553977113);
#114 = AXIS2_PLACEMENT_3D('',#115,#116,#117);
#115 = CARTESIAN_POINT('',(17.1875,0.,0.));
#116 = DIRECTION('',(1.,0.,0.));
#117 = DIRECTION('',(0.,1.,0.));
#118 = ADVANCED_FACE('',(#119),#138,.T.);
#119 = FACE_BOUND('',#120,.T.);
#120 = EDGE_LOOP('',(#121,#122,#130,#137));
#121 = ORIENTED_EDGE('',*,*,#106,.T.);
#122 = ORIENTED_EDGE('',*,*,#123,.T.);
#123 = EDGE_CURVE('',#99,#124,#126,.T.);
#124 = VERTEX_POINT('',#125);
#125 = CARTESIAN_POINT('',(28.645833333333,8.455656216966,0.));
#126 = LINE('',#127,#128);
#127 = CARTESIAN_POINT('',(22.916666666667,7.16415556349,0.));
#128 = VECTOR('',#129,1.);
#129 = DIRECTION('',(0.975520768065,0.219907323829,0.));
#130 = ORIENTED_EDGE('',*,*,#131,.F.);
#131 = EDGE_CURVE('',#124,#124,#132,.T.);
#132 = CIRCLE('',#133,8.455656216966);
#133 = AXIS2_PLACEMENT_3D('',#134,#135,#136);
#134 = CARTESIAN_POINT('',(28.645833333333,0.,0.));
#135 = DIRECTION('',(1.,0.,0.));
#136 = DIRECTION('',(0.,1.,0.));
#137 = ORIENTED_EDGE('',*,*,#123,.F.);
#138 = CONICAL_SURFACE('',#139,7.16415556349,0.221719467738);
#139 = AXIS2_PLACEMENT_3D('',#140,#141,#142);
#140 = CARTESIAN_POINT('',(22.916666666667,0.,0.));
#141 = DIRECTION('',(1.,0.,0.));
#142 = DIRECTION('',(0.,1.,0.));
#143 = ADVANCED_FACE('',(#144),#163,.T.);
#144 = FACE_BOUND('',#145,.T.);
#145 = EDGE_LOOP('',(#146,#147,#155,#162));
#146 = ORIENTED_EDGE('',*,*,#131,.T.);
#147 = ORIENTED_EDGE('',*,*,#148,.T.);
#148 = EDGE_CURVE('',#124,#149,#151,.T.);
#149 = VERTEX_POINT('',#150);
#150 = CARTESIAN_POINT('',(34.375,9.678945590237,0.));
#151 = LINE('',#152,#153);
#152 = CARTESIAN_POINT('',(28.645833333333,8.455656216966,0.));
#153 = VECTOR('',#154,1.);
#154 = DIRECTION('',(0.977955651666,0.208812699266,0.));
#155 = ORIENTED_EDGE('',*,*,#156,.F.);
#156 = EDGE_CURVE('',#149,#149,#157,.T.);
#157 = CIRCLE('',#158,9.678945590237);
#158 = AXIS2_PLACEMENT_3D('',#159,#160,#161);
#159 = CARTESIAN_POINT('',(34.375,0.,0.));
#160 = DIRECTION('',(1.,0.,0.));
#161 = DIRECTION('',(0.,1.,0.));
#162 = ORIENTED_EDGE('',*,*,#148,.F.);
#163 = CONICAL_SURFACE('',#164,8.455656216966,0.210360738077);
#164 = AXIS2_PLACEMENT_3D('',#165,#166,#167);
#165 = CARTESIAN_POINT('',(28.645833333333,0.,0.));
#166 = DIRECTION('',(1.,0.,0.));
#167 = DIRECTION('',(0.,1.,0.));
#168 = ADVANCED_FACE('',(#169),#188,.T.);
#169 = FACE_BOUND('',#170,.T.);
#170 = EDGE_LOOP('',(#171,#172,#180,#187));
#171 = ORIENTED_EDGE('',*,*,#156,.T.);
#172 = ORIENTED_EDGE('',*,*,#173,.T.);
#173 = EDGE_CURVE('',#149,#174,#176,.T.);
#174 = VERTEX_POINT('',#175);
#175 = CARTESIAN_POINT('',(40.104166666667,10.84745498807,0.));
#176 = LINE('',#177,#178);
#177 = CARTESIAN_POINT('',(34.375,9.678945590237,0.));
#178 = VECTOR('',#179,1.);
#179 = DIRECTION('',(0.979827784808,0.199843719239,0.));
#180 = ORIENTED_EDGE('',*,*,#181,.F.);
#181 = EDGE_CURVE('',#174,#174,#182,.T.);
#182 = CIRCLE('',#183,10.84745498807);
#183 = AXIS2_PLACEMENT_3D('',#184,#185,#186);
#184 = CARTESIAN_POINT('',(40.104166666667,0.,0.));
#185 = DIRECTION('',(1.,0.,0.));
#186 = DIRECTION('',(0.,1.,0.));
#187 = ORIENTED_EDGE('',*,*,#173,.F.);
#188 = CONICAL_SURFACE('',#189,9.678945590237,0.201198420002);
#189 = AXIS2_PLACEMENT_3D('',#190,#191,#192);
#190 = CARTESIAN_POINT('',(34.375,0.,0.));
#191 = DIRECTION('',(1.,0.,0.));
#192 = DIRECTION('',(0.,1.,0.));
#193 = ADVANCED_FACE('',(#194),#213,.T.);
#194 = FACE_BOUND('',#195,.T.);
#195 = EDGE_LOOP('',(#196,#197,#205,#212));
#196 = ORIENTED_EDGE('',*,*,#181,.T.);
#197 = ORIENTED_EDGE('',*,*,#198,.T.);
#198 = EDGE_CURVE('',#174,#199,#201,.T.);
#199 = VERTEX_POINT('',#200);
#200 = CARTESIAN_POINT('',(45.833333333333,11.970336898861,0.));
#201 = LINE('',#202,#203);
#202 = CARTESIAN_POINT('',(40.104166666667,10.84745498807,0.));
#203 = VECTOR('',#204,1.);
#204 = DIRECTION('',(0.981329403339,0.192334609839,0.));
#205 = ORIENTED_EDGE('',*,*,#206,.F.);
#206 = EDGE_CURVE('',#199,#199,#207,.T.);
#207 = CIRCLE('',#208,11.970336898861);
#208 = AXIS2_PLACEMENT_3D('',#209,#210,#211);
#209 = CARTESIAN_POINT('',(45.833333333333,0.,0.));
#210 = DIRECTION('',(1.,0.,0.));
#211 = DIRECTION('',(0.,1.,0.));
#212 = ORIENTED_EDGE('',*,*,#198,.F.);
#213 = CONICAL_SURFACE('',#214,10.84745498807,0.193540622097);
#214 = AXIS2_PLACEMENT_3D('',#215,#216,#217);
#215 = CARTESIAN_POINT('',(40.104166666667,0.,0.));
#216 = DIRECTION('',(1.,0.,0.));
#217 = DIRECTION('',(0.,1.,0.));
#218 = ADVANCED_FACE('',(#219),#238,.T.);
#219 = FACE_BOUND('',#220,.T.);
#220 = EDGE_LOOP('',(#221,#222,#230,#237));
#221 = ORIENTED_EDGE('',*,*,#206,.T.);
#222 = ORIENTED_EDGE('',*,*,#223,.T.);
#223 = EDGE_CURVE('',#199,#224,#226,.T.);
#224 = VERTEX_POINT('',#225);
#225 = CARTESIAN_POINT('',(51.5625,13.054194586362,0.));
#226 = LINE('',#227,#228);
#227 = CARTESIAN_POINT('',(45.833333333333,11.970336898861,0.));
#228 = VECTOR('',#229,1.);
#229 = DIRECTION('',(0.982571458247,0.1858852588,0.));
#230 = ORIENTED_EDGE('',*,*,#231,.F.);
#231 = EDGE_CURVE('',#224,#224,#232,.T.);
#232 = CIRCLE('',#233,13.054194586362);
#233 = AXIS2_PLACEMENT_3D('',#234,#235,#236);
#234 = CARTESIAN_POINT('',(51.5625,0.,0.));
#235 = DIRECTION('',(1.,0.,0.));
#236 = DIRECTION('',(0.,1.,0.));
#237 = ORIENTED_EDGE('',*,*,#223,.F.);
#238 = CONICAL_SURFACE('',#239,11.970336898861,0.186972746924);
#239 = AXIS2_PLACEMENT_3D('',#240,#241,#242);
#240 = CARTESIAN_POINT('',(45.833333333333,0.,0.));
#241 = DIRECTION('',(1.,0.,0.));
#242 = DIRECTION('',(0.,1.,0.));
#243 = ADVANCED_FACE('',(#244),#263,.T.);
#244 = FACE_BOUND('',#245,.T.);
#245 = EDGE_LOOP('',(#246,#247,#255,#262));
#246 = ORIENTED_EDGE('',*,*,#231,.T.);
#247 = ORIENTED_EDGE('',*,*,#248,.T.);
#248 = EDGE_CURVE('',#224,#249,#251,.T.);
#249 = VERTEX_POINT('',#250);
#250 = CARTESIAN_POINT('',(57.291666666667,14.103996573455,0.));
#251 = LINE('',#252,#253);
#252 = CARTESIAN_POINT('',(51.5625,13.054194586362,0.));
#253 = VECTOR('',#254,1.);
#254 = DIRECTION('',(0.983623156927,0.180237302346,0.));
#255 = ORIENTED_EDGE('',*,*,#256,.F.);
#256 = EDGE_CURVE('',#249,#249,#257,.T.);
#257 = CIRCLE('',#258,14.103996573455);
#258 = AXIS2_PLACEMENT_3D('',#259,#260,#261);
#259 = CARTESIAN_POINT('',(57.291666666667,0.,0.));
#260 = DIRECTION('',(1.,0.,0.));
#261 = DIRECTION('',(0.,1.,0.));
#262 = ORIENTED_EDGE('',*,*,#248,.F.);
#263 = CONICAL_SURFACE('',#264,13.054194586362,0.181227699231);
#264 = AXIS2_PLACEMENT_3D('',#265,#266,#267);
#265 = CARTESIAN_POINT('',(51.5625,0.,0.));
#266 = DIRECTION('',(1.,0.,0.));
#267 = DIRECTION('',(0.,1.,0.));
#268 = ADVANCED_FACE('',(#269),#288,.T.);
#269 = FACE_BOUND('',#270,.T.);
#270 = EDGE_LOOP('',(#271,#272,#280,#287));
#271 = ORIENTED_EDGE('',*,*,#256,.T.);
#272 = ORIENTED_EDGE('',*,*,#273,.T.);
#273 = EDGE_CURVE('',#249,#274,#276,.T.);
#274 = VERTEX_POINT('',#275);
#275 = CARTESIAN_POINT('',(63.020833333333,15.123603885955,0.));
#276 = LINE('',#277,#278);
#277 = CARTESIAN_POINT('',(57.291666666667,14.103996573455,0.));
#278 = VECTOR('',#279,1.);
#279 = DIRECTION('',(0.984530247194,0.175214703607,0.));
#280 = ORIENTED_EDGE('',*,*,#281,.F.);
#281 = EDGE_CURVE('',#274,#274,#282,.T.);
#282 = CIRCLE('',#283,15.123603885955);
#283 = AXIS2_PLACEMENT_3D('',#284,#285,#286);
#284 = CARTESIAN_POINT('',(63.020833333333,0.,0.));
#285 = DIRECTION('',(1.,0.,0.));
#286 = DIRECTION('',(0.,1.,0.));
#287 = ORIENTED_EDGE('',*,*,#273,.F.);
#288 = CONICAL_SURFACE('',#289,14.103996573455,0.176123841141);
#289 = AXIS2_PLACEMENT_3D('',#290,#291,#292);
#290 = CARTESIAN_POINT('',(57.291666666667,0.,0.));
#291 = DIRECTION('',(1.,0.,0.));
#292 = DIRECTION('',(0.,1.,0.));
#293 = ADVANCED_FACE('',(#294),#313,.T.);
#294 = FACE_BOUND('',#295,.T.);
#295 = EDGE_LOOP('',(#296,#297,#305,#312));
#296 = ORIENTED_EDGE('',*,*,#281,.T.);
#297 = ORIENTED_EDGE('',*,*,#298,.T.);
#298 = EDGE_CURVE('',#274,#299,#301,.T.);
#299 = VERTEX_POINT('',#300);
#300 = CARTESIAN_POINT('',(68.75,16.11609453515,0.));
#301 = LINE('',#302,#303);
#302 = CARTESIAN_POINT('',(63.020833333333,15.123603885955,0.));
#303 = VECTOR('',#304,1.);
#304 = DIRECTION('',(0.985324364854,0.170692401782,0.));
#305 = ORIENTED_EDGE('',*,*,#306,.F.);
#306 = EDGE_CURVE('',#299,#299,#307,.T.);
#307 = CIRCLE('',#308,16.11609453515);
#308 = AXIS2_PLACEMENT_3D('',#309,#310,#311);
#309 = CARTESIAN_POINT('',(68.75,0.,0.));
#310 = DIRECTION('',(1.,0.,0.));
#311 = DIRECTION('',(0.,1.,0.));
#312 = ORIENTED_EDGE('',*,*,#298,.F.);
#313 = CONICAL_SURFACE('',#314,15.123603885955,0.171532340984);
#314 = AXIS2_PLACEMENT_3D('',#315,#316,#317);
#315 = CARTESIAN_POINT('',(63.020833333333,0.,0.));
#316 = DIRECTION('',(1.,0.,0.));
#317 = DIRECTION('',(0.,1.,0.));
#318 = ADVANCED_FACE('',(#319),#338,.T.);
#319 = FACE_BOUND('',#320,.T.);
#320 = EDGE_LOOP('',(#321,#322,#330,#337));
#321 = ORIENTED_EDGE('',*,*,#306,.T.);
#322 = ORIENTED_EDGE('',*,*,#323,.T.);
#323 = EDGE_CURVE('',#299,#324,#326,.T.);
#324 = VERTEX_POINT('',#325);
#325 = CARTESIAN_POINT('',(74.479166666667,17.083973687286,0.));
#326 = LINE('',#327,#328);
#327 = CARTESIAN_POINT('',(68.75,16.11609453515,0.));
#328 = VECTOR('',#329,1.);
#329 = DIRECTION('',(0.986028191865,0.166578524566,0.));
#330 = ORIENTED_EDGE('',*,*,#331,.F.);
#331 = EDGE_CURVE('',#324,#324,#332,.T.);
#332 = CIRCLE('',#333,17.083973687286);
#333 = AXIS2_PLACEMENT_3D('',#334,#335,#336);
#334 = CARTESIAN_POINT('',(74.479166666667,0.,0.));
#335 = DIRECTION('',(1.,0.,0.));
#336 = DIRECTION('',(0.,1.,0.));
#337 = ORIENTED_EDGE('',*,*,#323,.F.);
#338 = CONICAL_SURFACE('',#339,16.11609453515,0.167358687489);
#339 = AXIS2_PLACEMENT_3D('',#340,#341,#342);
#340 = CARTESIAN_POINT('',(68.75,0.,0.));
#341 = DIRECTION('',(1.,0.,0.));
#342 = DIRECTION('',(0.,1.,0.));
#343 = ADVANCED_FACE('',(#344),#363,.T.);
#344 = FACE_BOUND('',#345,.T.);
#345 = EDGE_LOOP('',(#346,#347,#355,#362));
#346 = ORIENTED_EDGE('',*,*,#331,.T.);
#347 = ORIENTED_EDGE('',*,*,#348,.T.);
#348 = EDGE_CURVE('',#324,#349,#351,.T.);
#349 = VERTEX_POINT('',#350);
#350 = CARTESIAN_POINT('',(80.208333333333,18.029315516033,0.));
#351 = LINE('',#352,#353);
#352 = CARTESIAN_POINT('',(74.479166666667,17.083973687286,0.));
#353 = VECTOR('',#354,1.);
#354 = DIRECTION('',(0.986658479545,0.162803700026,0.));
#355 = ORIENTED_EDGE('',*,*,#356,.F.);
#356 = EDGE_CURVE('',#349,#349,#357,.T.);
#357 = CIRCLE('',#358,18.029315516033);
#358 = AXIS2_PLACEMENT_3D('',#359,#360,#361);
#359 = CARTESIAN_POINT('',(80.208333333333,0.,0.));
#360 = DIRECTION('',(1.,0.,0.));
#361 = DIRECTION('',(0.,1.,0.));
#362 = ORIENTED_EDGE('',*,*,#348,.F.);
#363 = CONICAL_SURFACE('',#364,17.083973687286,0.16353160234);
#364 = AXIS2_PLACEMENT_3D('',#365,#366,#367);
#365 = CARTESIAN_POINT('',(74.479166666667,0.,0.));
#366 = DIRECTION('',(1.,0.,0.));
#367 = DIRECTION('',(0.,1.,0.));
#368 = ADVANCED_FACE('',(#369),#388,.T.);
#369 = FACE_BOUND('',#370,.T.);
#370 = EDGE_LOOP('',(#371,#372,#380,#387));
#371 = ORIENTED_EDGE('',*,*,#356,.T.);
#372 = ORIENTED_EDGE('',*,*,#373,.T.);
#373 = EDGE_CURVE('',#349,#374,#376,.T.);
#374 = VERTEX_POINT('',#375);
#375 = CARTESIAN_POINT('',(85.9375,18.953862250202,0.));
#376 = LINE('',#377,#378);
#377 = CARTESIAN_POINT('',(80.208333333333,18.029315516033,0.));
#378 = VECTOR('',#379,1.);
#379 = DIRECTION('',(0.987227909244,0.159314328327,0.));
#380 = ORIENTED_EDGE('',*,*,#381,.F.);
#381 = EDGE_CURVE('',#374,#374,#382,.T.);
#382 = CIRCLE('',#383,18.953862250202);
#383 = AXIS2_PLACEMENT_3D('',#384,#385,#386);
#384 = CARTESIAN_POINT('',(85.9375,0.,0.));
#385 = DIRECTION('',(1.,0.,0.));
#386 = DIRECTION('',(0.,1.,0.));
#387 = ORIENTED_EDGE('',*,*,#373,.F.);
#388 = CONICAL_SURFACE('',#389,18.029315516033,0.159996071536);
#389 = AXIS2_PLACEMENT_3D('',#390,#391,#392);
#390 = CARTESIAN_POINT('',(80.208333333333,0.,0.));
#391 = DIRECTION('',(1.,0.,0.));
#392 = DIRECTION('',(0.,1.,0.));
#393 = ADVANCED_FACE('',(#394),#413,.T.);
#394 = FACE_BOUND('',#395,.T.);
#395 = EDGE_LOOP('',(#396,#397,#405,#412));
#396 = ORIENTED_EDGE('',*,*,#381,.T.);
#397 = ORIENTED_EDGE('',*,*,#398,.T.);
#398 = EDGE_CURVE('',#374,#399,#401,.T.);
#399 = VERTEX_POINT('',#400);
#400 = CARTESIAN_POINT('',(91.666666666667,19.859095330621,0.));
#401 = LINE('',#402,#403);
#402 = CARTESIAN_POINT('',(85.9375,18.953862250202,0.));
#403 = VECTOR('',#404,1.);
#404 = DIRECTION('',(0.987746284895,0.156068179575,0.));
#405 = ORIENTED_EDGE('',*,*,#406,.F.);
#406 = EDGE_CURVE('',#399,#399,#407,.T.);
#407 = CIRCLE('',#408,19.859095330621);
#408 = AXIS2_PLACEMENT_3D('',#409,#410,#411);
#409 = CARTESIAN_POINT('',(91.666666666667,0.,0.));
#410 = DIRECTION('',(1.,0.,0.));
#411 = DIRECTION('',(0.,1.,0.));
#412 = ORIENTED_EDGE('',*,*,#398,.F.);
#413 = CONICAL_SURFACE('',#414,18.953862250202,0.156708792302);
#414 = AXIS2_PLACEMENT_3D('',#415,#416,#417);
#415 = CARTESIAN_POINT('',(85.9375,0.,0.));
#416 = DIRECTION('',(1.,0.,0.));
#417 = DIRECTION('',(0.,1.,0.));
#418 = ADVANCED_FACE('',(#419),#438,.T.);
#419 = FACE_BOUND('',#420,.T.);
#420 = EDGE_LOOP('',(#421,#422,#430,#437));
#421 = ORIENTED_EDGE('',*,*,#406,.T.);
#422 = ORIENTED_EDGE('',*,*,#423,.T.);
#423 = EDGE_CURVE('',#399,#424,#426,.T.);
#424 = VERTEX_POINT('',#425);
#425 = CARTESIAN_POINT('',(97.395833333333,20.746287784039,0.));
#426 = LINE('',#427,#428);
#427 = CARTESIAN_POINT('',(91.666666666667,19.859095330621,0.));
#428 = VECTOR('',#429,1.);
#429 = DIRECTION('',(0.988221323896,0.153031418333,0.));
#430 = ORIENTED_EDGE('',*,*,#431,.F.);
#431 = EDGE_CURVE('',#424,#424,#432,.T.);
#432 = CIRCLE('',#433,20.746287784039);
#433 = AXIS2_PLACEMENT_3D('',#434,#435,#436);
#434 = CARTESIAN_POINT('',(97.395833333333,0.,0.));
#435 = DIRECTION('',(1.,0.,0.));
#436 = DIRECTION('',(0.,1.,0.));
#437 = ORIENTED_EDGE('',*,*,#423,.F.);
#438 = CONICAL_SURFACE('',#439,19.859095330621,0.153635099355);
#439 = AXIS2_PLACEMENT_3D('',#440,#441,#442);
#440 = CARTESIAN_POINT('',(91.666666666667,0.,0.));
#441 = DIRECTION('',(1.,0.,0.));
#442 = DIRECTION('',(0.,1.,0.));
#443 = ADVANCED_FACE('',(#444),#463,.T.);
#444 = FACE_BOUND('',#445,.T.);
#445 = EDGE_LOOP('',(#446,#447,#455,#462));
#446 = ORIENTED_EDGE('',*,*,#431,.T.);
#447 = ORIENTED_EDGE('',*,*,#448,.T.);
#448 = EDGE_CURVE('',#424,#449,#451,.T.);
#449 = VERTEX_POINT('',#450);
#450 = CARTESIAN_POINT('',(103.125,21.61654358571,0.));
#451 = LINE('',#452,#453);
#452 = CARTESIAN_POINT('',(97.395833333333,20.746287784039,0.));
#453 = VECTOR('',#454,1.);
#454 = DIRECTION('',(0.988659197164,0.150176535658,0.));
#455 = ORIENTED_EDGE('',*,*,#456,.F.);
#456 = EDGE_CURVE('',#449,#449,#457,.T.);
#457 = CIRCLE('',#458,21.61654358571);
#458 = AXIS2_PLACEMENT_3D('',#459,#460,#461);
#459 = CARTESIAN_POINT('',(103.125,0.,0.));
#460 = DIRECTION('',(1.,0.,0.));
#461 = DIRECTION('',(0.,1.,0.));
#462 = ORIENTED_EDGE('',*,*,#448,.F.);
#463 = CONICAL_SURFACE('',#464,20.746287784039,0.150746831036);
#464 = AXIS2_PLACEMENT_3D('',#465,#466,#467);
#465 = CARTESIAN_POINT('',(97.395833333333,0.,0.));
#466 = DIRECTION('',(1.,0.,0.));
#467 = DIRECTION('',(0.,1.,0.));
#468 = ADVANCED_FACE('',(#469),#488,.T.);
#469 = FACE_BOUND('',#470,.T.);
#470 = EDGE_LOOP('',(#471,#472,#480,#487));
#471 = ORIENTED_EDGE('',*,*,#456,.T.);
#472 = ORIENTED_EDGE('',*,*,#473,.T.);
#473 = EDGE_CURVE('',#449,#474,#476,.T.);
#474 = VERTEX_POINT('',#475);
#475 = CARTESIAN_POINT('',(108.85416666666,22.470827786063,0.));
#476 = LINE('',#477,#478);
#477 = CARTESIAN_POINT('',(103.125,21.61654358571,0.));
#478 = VECTOR('',#479,1.);
#479 = DIRECTION('',(0.98906490736,0.147480876826,0.));
#480 = ORIENTED_EDGE('',*,*,#481,.F.);
#481 = EDGE_CURVE('',#474,#474,#482,.T.);
#482 = CIRCLE('',#483,22.470827786063);
#483 = AXIS2_PLACEMENT_3D('',#484,#485,#486);
#484 = CARTESIAN_POINT('',(108.85416666666,0.,0.));
#485 = DIRECTION('',(1.,0.,0.));
#486 = DIRECTION('',(0.,1.,0.));
#487 = ORIENTED_EDGE('',*,*,#473,.F.);
#488 = CONICAL_SURFACE('',#489,21.61654358571,0.148020811611);
#489 = AXIS2_PLACEMENT_3D('',#490,#491,#492);
#490 = CARTESIAN_POINT('',(103.125,0.,0.));
#491 = DIRECTION('',(1.,0.,0.));
#492 = DIRECTION('',(0.,1.,0.));
#493 = ADVANCED_FACE('',(#494),#513,.T.);
#494 = FACE_BOUND('',#495,.T.);
#495 = EDGE_LOOP('',(#496,#497,#505,#512));
#496 = ORIENTED_EDGE('',*,*,#481,.T.);
#497 = ORIENTED_EDGE('',*,*,#498,.T.);
#498 = EDGE_CURVE('',#474,#499,#501,.T.);
#499 = VERTEX_POINT('',#500);
#500 = CARTESIAN_POINT('',(114.58333333333,23.309989939942,0.));
#501 = LINE('',#502,#503);
#502 = CARTESIAN_POINT('',(108.85416666666,22.470827786063,0.));
#503 = VECTOR('',#504,1.);
#504 = DIRECTION('',(0.989442559687,0.144925570826,0.));
#505 = ORIENTED_EDGE('',*,*,#506,.F.);
#506 = EDGE_CURVE('',#499,#499,#507,.T.);
#507 = CIRCLE('',#508,23.309989939942);
#508 = AXIS2_PLACEMENT_3D('',#509,#510,#511);
#509 = CARTESIAN_POINT('',(114.58333333333,0.,0.));
#510 = DIRECTION('',(1.,0.,0.));
#511 = DIRECTION('',(0.,1.,0.));
#512 = ORIENTED_EDGE('',*,*,#498,.F.);
#513 = CONICAL_SURFACE('',#514,22.470827786063,0.14543774875);
#514 = AXIS2_PLACEMENT_3D('',#515,#516,#517);
#515 = CARTESIAN_POINT('',(108.85416666666,0.,0.));
#516 = DIRECTION('',(1.,0.,0.));
#517 = DIRECTION('',(0.,1.,0.));
#518 = ADVANCED_FACE('',(#519),#538,.T.);
#519 = FACE_BOUND('',#520,.T.);
#520 = EDGE_LOOP('',(#521,#522,#530,#537));
#521 = ORIENTED_EDGE('',*,*,#506,.T.);
#522 = ORIENTED_EDGE('',*,*,#523,.T.);
#523 = EDGE_CURVE('',#499,#524,#526,.T.);
#524 = VERTEX_POINT('',#525);
#525 = CARTESIAN_POINT('',(120.3125,24.134782586947,0.));
#526 = LINE('',#527,#528);
#527 = CARTESIAN_POINT('',(114.58333333333,23.309989939942,0.));
#528 = VECTOR('',#529,1.);
#529 = DIRECTION('',(0.989795559607,0.142494737385,0.));
#530 = ORIENTED_EDGE('',*,*,#531,.F.);
#531 = EDGE_CURVE('',#524,#524,#532,.T.);
#532 = CIRCLE('',#533,24.134782586947);
#533 = AXIS2_PLACEMENT_3D('',#534,#535,#536);
#534 = CARTESIAN_POINT('',(120.3125,0.,0.));
#535 = DIRECTION('',(1.,0.,0.));
#536 = DIRECTION('',(0.,1.,0.));
#537 = ORIENTED_EDGE('',*,*,#523,.F.);
#538 = CONICAL_SURFACE('',#539,23.309989939942,0.142981417503);
#539 = AXIS2_PLACEMENT_3D('',#540,#541,#542);
#540 = CARTESIAN_POINT('',(114.58333333333,0.,0.));
#541 = DIRECTION('',(1.,0.,0.));
#542 = DIRECTION('',(0.,1.,0.));
#543 = ADVANCED_FACE('',(#544),#563,.T.);
#544 = FACE_BOUND('',#545,.T.);
#545 = EDGE_LOOP('',(#546,#547,#555,#562));
#546 = ORIENTED_EDGE('',*,*,#531,.T.);
#547 = ORIENTED_EDGE('',*,*,#548,.T.);
#548 = EDGE_CURVE('',#524,#549,#551,.T.);
#549 = VERTEX_POINT('',#550);
#550 = CARTESIAN_POINT('',(126.04166666666,24.945876013203,0.));
#551 = LINE('',#552,#553);
#552 = CARTESIAN_POINT('',(120.3125,24.134782586947,0.));
#553 = VECTOR('',#554,1.);
#554 = DIRECTION('',(0.990126759702,0.140174889767,0.));
#555 = ORIENTED_EDGE('',*,*,#556,.F.);
#556 = EDGE_CURVE('',#549,#549,#557,.T.);
#557 = CIRCLE('',#558,24.945876013203);
#558 = AXIS2_PLACEMENT_3D('',#559,#560,#561);
#559 = CARTESIAN_POINT('',(126.04166666666,0.,0.));
#560 = DIRECTION('',(1.,0.,0.));
#561 = DIRECTION('',(0.,1.,0.));
#562 = ORIENTED_EDGE('',*,*,#548,.F.);
#563 = CONICAL_SURFACE('',#564,24.134782586947,0.140638046216);
#564 = AXIS2_PLACEMENT_3D('',#565,#566,#567);
#565 = CARTESIAN_POINT('',(120.3125,0.,0.));
#566 = DIRECTION('',(1.,0.,0.));
#567 = DIRECTION('',(0.,1.,0.));
#568 = ADVANCED_FACE('',(#569),#588,.T.);
#569 = FACE_BOUND('',#570,.T.);
#570 = EDGE_LOOP('',(#571,#572,#580,#587));
#571 = ORIENTED_EDGE('',*,*,#556,.T.);
#572 = ORIENTED_EDGE('',*,*,#573,.T.);
#573 = EDGE_CURVE('',#549,#574,#576,.T.);
#574 = VERTEX_POINT('',#575);
#575 = CARTESIAN_POINT('',(131.77083333333,25.743870176864,0.));
#576 = LINE('',#577,#578);
#577 = CARTESIAN_POINT('',(126.04166666666,24.945876013203,0.));
#578 = VECTOR('',#579,1.);
#579 = DIRECTION('',(0.990438570488,0.137954478321,0.));
#580 = ORIENTED_EDGE('',*,*,#581,.F.);
#581 = EDGE_CURVE('',#574,#574,#582,.T.);
#582 = CIRCLE('',#583,25.743870176864);
#583 = AXIS2_PLACEMENT_3D('',#584,#585,#586);
#584 = CARTESIAN_POINT('',(131.77083333333,0.,0.));
#585 = DIRECTION('',(1.,0.,0.));
#586 = DIRECTION('',(0.,1.,0.));
#587 = ORIENTED_EDGE('',*,*,#573,.F.);
#588 = CONICAL_SURFACE('',#589,24.945876013203,0.138395847505);
#589 = AXIS2_PLACEMENT_3D('',#590,#591,#592);
#590 = CARTESIAN_POINT('',(126.04166666666,0.,0.));
#591 = DIRECTION('',(1.,0.,0.));
#592 = DIRECTION('',(0.,1.,0.));
#593 = ADVANCED_FACE('',(#594),#613,.T.);
#594 = FACE_BOUND('',#595,.T.);
#595 = EDGE_LOOP('',(#596,#597,#605,#612));
#596 = ORIENTED_EDGE('',*,*,#581,.T.);
#597 = ORIENTED_EDGE('',*,*,#598,.T.);
#598 = EDGE_CURVE('',#574,#599,#601,.T.);
#599 = VERTEX_POINT('',#600);
#600 = CARTESIAN_POINT('',(137.5,26.529304440946,0.));
#601 = LINE('',#602,#603);
#602 = CARTESIAN_POINT('',(131.77083333333,25.743870176864,0.));
#603 = VECTOR('',#604,1.);
#604 = DIRECTION('',(0.990733045184,0.135823536916,0.));
#605 = ORIENTED_EDGE('',*,*,#606,.F.);
#606 = EDGE_CURVE('',#599,#599,#607,.T.);
#607 = CIRCLE('',#608,26.529304440946);
#608 = AXIS2_PLACEMENT_3D('',#609,#610,#611);
#609 = CARTESIAN_POINT('',(137.5,0.,0.));
#610 = DIRECTION('',(1.,0.,0.));
#611 = DIRECTION('',(0.,1.,0.));
#612 = ORIENTED_EDGE('',*,*,#598,.F.);
#613 = CONICAL_SURFACE('',#614,25.743870176864,0.136244655183);
#614 = AXIS2_PLACEMENT_3D('',#615,#616,#617);
#615 = CARTESIAN_POINT('',(131.77083333333,0.,0.));
#616 = DIRECTION('',(1.,0.,0.));
#617 = DIRECTION('',(0.,1.,0.));
#618 = ADVANCED_FACE('',(#619),#638,.T.);
#619 = FACE_BOUND('',#620,.T.);
#620 = EDGE_LOOP('',(#621,#622,#630,#637));
#621 = ORIENTED_EDGE('',*,*,#606,.T.);
#622 = ORIENTED_EDGE('',*,*,#623,.T.);
#623 = EDGE_CURVE('',#599,#624,#626,.T.);
#624 = VERTEX_POINT('',#625);
#625 = CARTESIAN_POINT('',(143.22916666666,27.302665590207,0.));
#626 = LINE('',#627,#628);
#627 = CARTESIAN_POINT('',(137.5,26.529304440946,0.));
#628 = VECTOR('',#629,1.);
#629 = DIRECTION('',(0.991011945396,0.133773405735,0.));
#630 = ORIENTED_EDGE('',*,*,#631,.F.);
#631 = EDGE_CURVE('',#624,#624,#632,.T.);
#632 = CIRCLE('',#633,27.302665590207);
#633 = AXIS2_PLACEMENT_3D('',#634,#635,#636);
#634 = CARTESIAN_POINT('',(143.22916666666,0.,0.));
#635 = DIRECTION('',(1.,0.,0.));
#636 = DIRECTION('',(0.,1.,0.));
#637 = ORIENTED_EDGE('',*,*,#623,.F.);
#638 = CONICAL_SURFACE('',#639,26.529304440946,0.134175639786);
#639 = AXIS2_PLACEMENT_3D('',#640,#641,#642);
#640 = CARTESIAN_POINT('',(137.5,0.,0.));
#641 = DIRECTION('',(1.,0.,0.));
#642 = DIRECTION('',(0.,1.,0.));
#643 = ADVANCED_FACE('',(#644),#663,.T.);
#644 = FACE_BOUND('',#645,.T.);
#645 = EDGE_LOOP('',(#646,#647,#655,#662));
#646 = ORIENTED_EDGE('',*,*,#631,.T.);
#647 = ORIENTED_EDGE('',*,*,#648,.T.);
#648 = EDGE_CURVE('',#624,#649,#651,.T.);
#649 = VERTEX_POINT('',#650);
#650 = CARTESIAN_POINT('',(148.95833333333,28.06439449013,0.));
#651 = LINE('',#652,#653);
#652 = CARTESIAN_POINT('',(143.22916666666,27.302665590207,0.));
#653 = VECTOR('',#654,1.);
#654 = DIRECTION('',(0.991276792598,0.131796511548,0.));
#655 = ORIENTED_EDGE('',*,*,#656,.F.);
#656 = EDGE_CURVE('',#649,#649,#657,.T.);
#657 = CIRCLE('',#658,28.06439449013);
#658 = AXIS2_PLACEMENT_3D('',#659,#660,#661);
#659 = CARTESIAN_POINT('',(148.95833333333,0.,0.));
#660 = DIRECTION('',(1.,0.,0.));
#661 = DIRECTION('',(0.,1.,0.));
#662 = ORIENTED_EDGE('',*,*,#648,.F.);
#663 = CONICAL_SURFACE('',#664,27.302665590207,0.132181083198);
#664 = AXIS2_PLACEMENT_3D('',#665,#666,#667);
#665 = CARTESIAN_POINT('',(143.22916666666,0.,0.));
#666 = DIRECTION('',(1.,0.,0.));
#667 = DIRECTION('',(0.,1.,0.));
#668 = ADVANCED_FACE('',(#669),#688,.T.);
#669 = FACE_BOUND('',#670,.T.);
#670 = EDGE_LOOP('',(#671,#672,#680,#687));
#671 = ORIENTED_EDGE('',*,*,#656,.T.);
#672 = ORIENTED_EDGE('',*,*,#673,.T.);
#673 = EDGE_CURVE('',#649,#674,#676,.T.);
#674 = VERTEX_POINT('',#675);
#675 = CARTESIAN_POINT('',(154.6875,28.814891660362,0.));
#676 = LINE('',#677,#678);
#677 = CARTESIAN_POINT('',(148.95833333333,28.06439449013,0.));
#678 = VECTOR('',#679,1.);
#679 = DIRECTION('',(0.991528908902,0.129886191767,0.));
#680 = ORIENTED_EDGE('',*,*,#681,.F.);
#681 = EDGE_CURVE('',#674,#674,#682,.T.);
#682 = CIRCLE('',#683,28.814891660362);
#683 = AXIS2_PLACEMENT_3D('',#684,#685,#686);
#684 = CARTESIAN_POINT('',(154.6875,0.,0.));
#685 = DIRECTION('',(1.,0.,0.));
#686 = DIRECTION('',(0.,1.,0.));
#687 = ORIENTED_EDGE('',*,*,#673,.F.);
#688 = CONICAL_SURFACE('',#689,28.06439449013,0.130254198291);
#689 = AXIS2_PLACEMENT_3D('',#690,#691,#692);
#690 = CARTESIAN_POINT('',(148.95833333333,0.,0.));
#691 = DIRECTION('',(1.,0.,0.));
#692 = DIRECTION('',(0.,1.,0.));
#693 = ADVANCED_FACE('',(#694),#713,.T.);
#694 = FACE_BOUND('',#695,.T.);
#695 = EDGE_LOOP('',(#696,#697,#705,#712));
#696 = ORIENTED_EDGE('',*,*,#681,.T.);
#697 = ORIENTED_EDGE('',*,*,#698,.T.);
#698 = EDGE_CURVE('',#674,#699,#701,.T.);
#699 = VERTEX_POINT('',#700);
#700 = CARTESIAN_POINT('',(160.41666666666,29.554521972179,0.));
#701 = LINE('',#702,#703);
#702 = CARTESIAN_POINT('',(154.6875,28.814891660362,0.));
#703 = VECTOR('',#704,1.);
#704 = DIRECTION('',(0.991769449664,0.128036552257,0.));
#705 = ORIENTED_EDGE('',*,*,#706,.F.);
#706 = EDGE_CURVE('',#699,#699,#707,.T.);
#707 = CIRCLE('',#708,29.554521972179);
#708 = AXIS2_PLACEMENT_3D('',#709,#710,#711);
#709 = CARTESIAN_POINT('',(160.41666666666,0.,0.));
#710 = DIRECTION('',(1.,0.,0.));
#711 = DIRECTION('',(0.,1.,0.));
#712 = ORIENTED_EDGE('',*,*,#698,.F.);
#713 = CONICAL_SURFACE('',#714,28.814891660362,0.12838898324);
#714 = AXIS2_PLACEMENT_3D('',#715,#716,#717);
#715 = CARTESIAN_POINT('',(154.6875,0.,0.));
#716 = DIRECTION('',(1.,0.,0.));
#717 = DIRECTION('',(0.,1.,0.));
#718 = ADVANCED_FACE('',(#719),#738,.T.);
#719 = FACE_BOUND('',#720,.T.);
#720 = EDGE_LOOP('',(#721,#722,#730,#737));
#721 = ORIENTED_EDGE('',*,*,#706,.T.);
#722 = ORIENTED_EDGE('',*,*,#723,.T.);
#723 = EDGE_CURVE('',#699,#724,#726,.T.);
#724 = VERTEX_POINT('',#725);
#725 = CARTESIAN_POINT('',(166.14583333333,30.283618632979,0.));
#726 = LINE('',#727,#728);
#727 = CARTESIAN_POINT('',(160.41666666666,29.554521972179,0.));
#728 = VECTOR('',#729,1.);
#729 = DIRECTION('',(0.99199942979,0.126242351437,0.));
#730 = ORIENTED_EDGE('',*,*,#731,.F.);
#731 = EDGE_CURVE('',#724,#724,#732,.T.);
#732 = CIRCLE('',#733,30.283618632979);
#733 = AXIS2_PLACEMENT_3D('',#734,#735,#736);
#734 = CARTESIAN_POINT('',(166.14583333333,0.,0.));
#735 = DIRECTION('',(1.,0.,0.));
#736 = DIRECTION('',(0.,1.,0.));
#737 = ORIENTED_EDGE('',*,*,#723,.F.);
#738 = CONICAL_SURFACE('',#739,29.554521972179,0.126580102832);
#739 = AXIS2_PLACEMENT_3D('',#740,#741,#742);
#740 = CARTESIAN_POINT('',(160.41666666666,0.,0.));
#741 = DIRECTION('',(1.,0.,0.));
#742 = DIRECTION('',(0.,1.,0.));
#743 = ADVANCED_FACE('',(#744),#763,.T.);
#744 = FACE_BOUND('',#745,.T.);
#745 = EDGE_LOOP('',(#746,#747,#755,#762));
#746 = ORIENTED_EDGE('',*,*,#731,.T.);
#747 = ORIENTED_EDGE('',*,*,#748,.T.);
#748 = EDGE_CURVE('',#724,#749,#751,.T.);
#749 = VERTEX_POINT('',#750);
#750 = CARTESIAN_POINT('',(171.875,31.002486585775,0.));
#751 = LINE('',#752,#753);
#752 = CARTESIAN_POINT('',(166.14583333333,30.283618632979,0.));
#753 = VECTOR('',#754,1.);
#754 = DIRECTION('',(0.992219745136,0.124498905061,0.));
#755 = ORIENTED_EDGE('',*,*,#756,.F.);
#756 = EDGE_CURVE('',#749,#749,#757,.T.);
#757 = CIRCLE('',#758,31.002486585775);
#758 = AXIS2_PLACEMENT_3D('',#759,#760,#761);
#759 = CARTESIAN_POINT('',(171.875,0.,0.));
#760 = DIRECTION('',(1.,0.,0.));
#761 = DIRECTION('',(0.,1.,0.));
#762 = ORIENTED_EDGE('',*,*,#748,.F.);
#763 = CONICAL_SURFACE('',#764,30.283618632979,0.124822790988);
#764 = AXIS2_PLACEMENT_3D('',#765,#766,#767);
#765 = CARTESIAN_POINT('',(166.14583333333,0.,0.));
#766 = DIRECTION('',(1.,0.,0.));
#767 = DIRECTION('',(0.,1.,0.));
#768 = ADVANCED_FACE('',(#769),#788,.T.);
#769 = FACE_BOUND('',#770,.T.);
#770 = EDGE_LOOP('',(#771,#772,#780,#787));
#771 = ORIENTED_EDGE('',*,*,#756,.T.);
#772 = ORIENTED_EDGE('',*,*,#773,.T.);
#773 = EDGE_CURVE('',#749,#774,#776,.T.);
#774 = VERTEX_POINT('',#775);
#775 = CARTESIAN_POINT('',(177.60416666666,31.711405425141,0.));
#776 = LINE('',#777,#778);
#777 = CARTESIAN_POINT('',(171.875,31.002486585775,0.));
#778 = VECTOR('',#779,1.);
#779 = DIRECTION('',(0.992431190047,0.122802007401,0.));
#780 = ORIENTED_EDGE('',*,*,#781,.F.);
#781 = EDGE_CURVE('',#774,#774,#782,.T.);
#782 = CIRCLE('',#783,31.711405425141);
#783 = AXIS2_PLACEMENT_3D('',#784,#785,#786);
#784 = CARTESIAN_POINT('',(177.60416666666,0.,0.));
#785 = DIRECTION('',(1.,0.,0.));
#786 = DIRECTION('',(0.,1.,0.));
#787 = ORIENTED_EDGE('',*,*,#773,.F.);
#788 = CONICAL_SURFACE('',#789,31.002486585775,0.123112770131);
#789 = AXIS2_PLACEMENT_3D('',#790,#791,#792);
#790 = CARTESIAN_POINT('',(171.875,0.,0.));
#791 = DIRECTION('',(1.,0.,0.));
#792 = DIRECTION('',(0.,1.,0.));
#793 = ADVANCED_FACE('',(#794),#813,.T.);
#794 = FACE_BOUND('',#795,.T.);
#795 = EDGE_LOOP('',(#796,#797,#805,#812));
#796 = ORIENTED_EDGE('',*,*,#781,.T.);
#797 = ORIENTED_EDGE('',*,*,#798,.T.);
#798 = EDGE_CURVE('',#774,#799,#801,.T.);
#799 = VERTEX_POINT('',#800);
#800 = CARTESIAN_POINT('',(183.33333333333,32.410631910645,0.));
#801 = LINE('',#802,#803);
#802 = CARTESIAN_POINT('',(177.60416666666,31.711405425141,0.));
#803 = VECTOR('',#804,1.);
#804 = DIRECTION('',(0.992634471832,0.121147865564,0.));
#805 = ORIENTED_EDGE('',*,*,#806,.F.);
#806 = EDGE_CURVE('',#799,#799,#807,.T.);
#807 = CIRCLE('',#808,32.410631910645);
#808 = AXIS2_PLACEMENT_3D('',#809,#810,#811);
#809 = CARTESIAN_POINT('',(183.33333333333,0.,0.));
#810 = DIRECTION('',(1.,0.,0.));
#811 = DIRECTION('',(0.,1.,0.));
#812 = ORIENTED_EDGE('',*,*,#798,.F.);
#813 = CONICAL_SURFACE('',#814,31.711405425141,0.121446183998);
#814 = AXIS2_PLACEMENT_3D('',#815,#816,#817);
#815 = CARTESIAN_POINT('',(177.60416666666,0.,0.));
#816 = DIRECTION('',(1.,0.,0.));
#817 = DIRECTION('',(0.,1.,0.));
#818 = ADVANCED_FACE('',(#819),#838,.T.);
#819 = FACE_BOUND('',#820,.T.);
#820 = EDGE_LOOP('',(#821,#822,#830,#837));
#821 = ORIENTED_EDGE('',*,*,#806,.T.);
#822 = ORIENTED_EDGE('',*,*,#823,.T.);
#823 = EDGE_CURVE('',#799,#824,#826,.T.);
#824 = VERTEX_POINT('',#825);
#825 = CARTESIAN_POINT('',(189.0625,33.100402143025,0.));
#826 = LINE('',#827,#828);
#827 = CARTESIAN_POINT('',(183.33333333333,32.410631910645,0.));
#828 = VECTOR('',#829,1.);
#829 = DIRECTION('',(0.992830222797,0.119533044391,0.));
#830 = ORIENTED_EDGE('',*,*,#831,.F.);
#831 = EDGE_CURVE('',#824,#824,#832,.T.);
#832 = CIRCLE('',#833,33.100402143025);
#833 = AXIS2_PLACEMENT_3D('',#834,#835,#836);
#834 = CARTESIAN_POINT('',(189.0625,0.,0.));
#835 = DIRECTION('',(1.,0.,0.));
#836 = DIRECTION('',(0.,1.,0.));
#837 = ORIENTED_EDGE('',*,*,#823,.F.);
#838 = CONICAL_SURFACE('',#839,32.410631910645,0.119819541307);
#839 = AXIS2_PLACEMENT_3D('',#840,#841,#842);
#840 = CARTESIAN_POINT('',(183.33333333333,0.,0.));
#841 = DIRECTION('',(1.,0.,0.));
#842 = DIRECTION('',(0.,1.,0.));
#843 = ADVANCED_FACE('',(#844),#863,.T.);
#844 = FACE_BOUND('',#845,.T.);
#845 = EDGE_LOOP('',(#846,#847,#855,#862));
#846 = ORIENTED_EDGE('',*,*,#831,.T.);
#847 = ORIENTED_EDGE('',*,*,#848,.T.);
#848 = EDGE_CURVE('',#824,#849,#851,.T.);
#849 = VERTEX_POINT('',#850);
#850 = CARTESIAN_POINT('',(194.79166666666,33.780933456044,0.));
#851 = LINE('',#852,#853);
#852 = CARTESIAN_POINT('',(189.0625,33.100402143025,0.));
#853 = VECTOR('',#854,1.);
#854 = DIRECTION('',(0.993019010299,0.117954419944,0.));
#855 = ORIENTED_EDGE('',*,*,#856,.F.);
#856 = EDGE_CURVE('',#849,#849,#857,.T.);
#857 = CIRCLE('',#858,33.780933456044);
#858 = AXIS2_PLACEMENT_3D('',#859,#860,#861);
#859 = CARTESIAN_POINT('',(194.79166666666,0.,0.));
#860 = DIRECTION('',(1.,0.,0.));
#861 = DIRECTION('',(0.,1.,0.));
#862 = ORIENTED_EDGE('',*,*,#848,.F.);
#863 = CONICAL_SURFACE('',#864,33.100402143025,0.118229668231);
#864 = AXIS2_PLACEMENT_3D('',#865,#866,#867);
#865 = CARTESIAN_POINT('',(189.0625,0.,0.));
#866 = DIRECTION('',(1.,0.,0.));
#867 = DIRECTION('',(0.,1.,0.));
#868 = ADVANCED_FACE('',(#869),#888,.T.);
#869 = FACE_BOUND('',#870,.T.);
#870 = EDGE_LOOP('',(#871,#872,#880,#887));
#871 = ORIENTED_EDGE('',*,*,#856,.T.);
#872 = ORIENTED_EDGE('',*,*,#873,.T.);
#873 = EDGE_CURVE('',#849,#874,#876,.T.);
#874 = VERTEX_POINT('',#875);
#875 = CARTESIAN_POINT('',(200.52083333333,34.452426067231,0.));
#876 = LINE('',#877,#878);
#877 = CARTESIAN_POINT('',(194.79166666666,33.780933456044,0.));
#878 = VECTOR('',#879,1.);
#879 = DIRECTION('',(0.993201345206,0.116409140025,0.));
#880 = ORIENTED_EDGE('',*,*,#881,.F.);
#881 = EDGE_CURVE('',#874,#874,#882,.T.);
#882 = CIRCLE('',#883,34.452426067231);
#883 = AXIS2_PLACEMENT_3D('',#884,#885,#886);
#884 = CARTESIAN_POINT('',(200.52083333333,0.,0.));
#885 = DIRECTION('',(1.,0.,0.));
#886 = DIRECTION('',(0.,1.,0.));
#887 = ORIENTED_EDGE('',*,*,#873,.F.);
#888 = CONICAL_SURFACE('',#889,33.780933456044,0.116673668058);
#889 = AXIS2_PLACEMENT_3D('',#890,#891,#892);
#890 = CARTESIAN_POINT('',(194.79166666666,0.,0.));
#891 = DIRECTION('',(1.,0.,0.));
#892 = DIRECTION('',(0.,1.,0.));
#893 = ADVANCED_FACE('',(#894),#913,.T.);
#894 = FACE_BOUND('',#895,.T.);
#895 = EDGE_LOOP('',(#896,#897,#905,#912));
#896 = ORIENTED_EDGE('',*,*,#881,.T.);
#897 = ORIENTED_EDGE('',*,*,#898,.T.);
#898 = EDGE_CURVE('',#874,#899,#901,.T.);
#899 = VERTEX_POINT('',#900);
#900 = CARTESIAN_POINT('',(206.25,35.11506452299,0.));
#901 = LINE('',#902,#903);
#902 = CARTESIAN_POINT('',(200.52083333333,34.452426067231,0.));
#903 = VECTOR('',#904,1.);
#904 = DIRECTION('',(0.99337768904,0.114894590461,0.));
#905 = ORIENTED_EDGE('',*,*,#906,.F.);
#906 = EDGE_CURVE('',#899,#899,#907,.T.);
#907 = CIRCLE('',#908,35.11506452299);
#908 = AXIS2_PLACEMENT_3D('',#909,#910,#911);
#909 = CARTESIAN_POINT('',(206.25,0.,0.));
#910 = DIRECTION('',(1.,0.,0.));
#911 = DIRECTION('',(0.,1.,0.));
#912 = ORIENTED_EDGE('',*,*,#898,.F.);
#913 = CONICAL_SURFACE('',#914,34.452426067231,0.115148886769);
#914 = AXIS2_PLACEMENT_3D('',#915,#916,#917);
#915 = CARTESIAN_POINT('',(200.52083333333,0.,0.));
#916 = DIRECTION('',(1.,0.,0.));
#917 = DIRECTION('',(0.,1.,0.));
#918 = ADVANCED_FACE('',(#919),#938,.T.);
#919 = FACE_BOUND('',#920,.T.);
#920 = EDGE_LOOP('',(#921,#922,#930,#937));
#921 = ORIENTED_EDGE('',*,*,#906,.T.);
#922 = ORIENTED_EDGE('',*,*,#923,.T.);
#923 = EDGE_CURVE('',#899,#924,#926,.T.);
#924 = VERTEX_POINT('',#925);
#925 = CARTESIAN_POINT('',(211.97916666666,35.769018967411,0.));
#926 = LINE('',#927,#928);
#927 = CARTESIAN_POINT('',(206.25,35.11506452299,0.));
#928 = VECTOR('',#929,1.);
#929 = DIRECTION('',(0.993548460057,0.113408366174,0.));
#930 = ORIENTED_EDGE('',*,*,#931,.F.);
#931 = EDGE_CURVE('',#924,#924,#932,.T.);
#932 = CIRCLE('',#933,35.769018967411);
#933 = AXIS2_PLACEMENT_3D('',#934,#935,#936);
#934 = CARTESIAN_POINT('',(211.97916666666,0.,0.));
#935 = DIRECTION('',(1.,0.,0.));
#936 = DIRECTION('',(0.,1.,0.));
#937 = ORIENTED_EDGE('',*,*,#923,.F.);
#938 = CONICAL_SURFACE('',#939,35.11506452299,0.113652883497);
#939 = AXIS2_PLACEMENT_3D('',#940,#941,#942);
#940 = CARTESIAN_POINT('',(206.25,0.,0.));
#941 = DIRECTION('',(1.,0.,0.));
#942 = DIRECTION('',(0.,1.,0.));
#943 = ADVANCED_FACE('',(#944),#963,.T.);
#944 = FACE_BOUND('',#945,.T.);
#945 = EDGE_LOOP('',(#946,#947,#955,#962));
#946 = ORIENTED_EDGE('',*,*,#931,.T.);
#947 = ORIENTED_EDGE('',*,*,#948,.T.);
#948 = EDGE_CURVE('',#924,#949,#951,.T.);
#949 = VERTEX_POINT('',#950);
#950 = CARTESIAN_POINT('',(217.70833333333,36.414446259118,0.));
#951 = LINE('',#952,#953);
#952 = CARTESIAN_POINT('',(211.97916666666,35.769018967411,0.));
#953 = VECTOR('',#954,1.);
#954 = DIRECTION('',(0.993714038429,0.111948246206,0.));
#955 = ORIENTED_EDGE('',*,*,#956,.F.);
#956 = EDGE_CURVE('',#949,#949,#957,.T.);
#957 = CIRCLE('',#958,36.414446259118);
#958 = AXIS2_PLACEMENT_3D('',#959,#960,#961);
#959 = CARTESIAN_POINT('',(217.70833333333,0.,0.));
#960 = DIRECTION('',(1.,0.,0.));
#961 = DIRECTION('',(0.,1.,0.));
#962 = ORIENTED_EDGE('',*,*,#948,.F.);
#963 = CONICAL_SURFACE('',#964,35.769018967411,0.11218340505);
#964 = AXIS2_PLACEMENT_3D('',#965,#966,#967);
#965 = CARTESIAN_POINT('',(211.97916666666,0.,0.));
#966 = DIRECTION('',(1.,0.,0.));
#967 = DIRECTION('',(0.,1.,0.));
#968 = ADVANCED_FACE('',(#969),#988,.T.);
#969 = FACE_BOUND('',#970,.T.);
#970 = EDGE_LOOP('',(#971,#972,#980,#987));
#971 = ORIENTED_EDGE('',*,*,#956,.T.);
#972 = ORIENTED_EDGE('',*,*,#973,.T.);
#973 = EDGE_CURVE('',#949,#974,#976,.T.);
#974 = VERTEX_POINT('',#975);
#975 = CARTESIAN_POINT('',(223.4375,37.051490956473,0.));
#976 = LINE('',#977,#978);
#977 = CARTESIAN_POINT('',(217.70833333333,36.414446259118,0.));
#978 = VECTOR('',#979,1.);
#979 = DIRECTION('',(0.993874770695,0.110512172074,0.));
#980 = ORIENTED_EDGE('',*,*,#981,.F.);
#981 = EDGE_CURVE('',#974,#974,#982,.T.);
#982 = CIRCLE('',#983,37.051490956473);
#983 = AXIS2_PLACEMENT_3D('',#984,#985,#986);
#984 = CARTESIAN_POINT('',(223.4375,0.,0.));
#985 = DIRECTION('',(1.,0.,0.));
#986 = DIRECTION('',(0.,1.,0.));
#987 = ORIENTED_EDGE('',*,*,#973,.F.);
#988 = CONICAL_SURFACE('',#989,36.414446259118,0.110738363826);
#989 = AXIS2_PLACEMENT_3D('',#990,#991,#992);
#990 = CARTESIAN_POINT('',(217.70833333333,0.,0.));
#991 = DIRECTION('',(1.,0.,0.));
#992 = DIRECTION('',(0.,1.,0.));
#993 = ADVANCED_FACE('',(#994),#1013,.T.);
#994 = FACE_BOUND('',#995,.T.);
#995 = EDGE_LOOP('',(#996,#997,#1005,#1012));
#996 = ORIENTED_EDGE('',*,*,#981,.T.);
#997 = ORIENTED_EDGE('',*,*,#998,.T.);
#998 = EDGE_CURVE('',#974,#999,#1001,.T.);
#999 = VERTEX_POINT('',#1000);
#1000 = CARTESIAN_POINT('',(229.16666666666,37.680286188158,0.));
#1001 = LINE('',#1002,#1003);
#1002 = CARTESIAN_POINT('',(223.4375,37.051490956473,0.));
#1003 = VECTOR('',#1004,1.);
#1004 = DIRECTION('',(0.994030973589,0.109098228888,0.));
#1005 = ORIENTED_EDGE('',*,*,#1006,.F.);
#1006 = EDGE_CURVE('',#999,#999,#1007,.T.);
#1007 = CIRCLE('',#1008,37.680286188158);
#1008 = AXIS2_PLACEMENT_3D('',#1009,#1010,#1011);
#1009 = CARTESIAN_POINT('',(229.16666666666,0.,0.));
#1010 = DIRECTION('',(1.,0.,0.));
#1011 = DIRECTION('',(0.,1.,0.));
#1012 = ORIENTED_EDGE('',*,*,#998,.F.);
#1013 = CONICAL_SURFACE('',#1014,37.051490956473,0.109315818566);
#1014 = AXIS2_PLACEMENT_3D('',#1015,#1016,#1017);
#1015 = CARTESIAN_POINT('',(223.4375,0.,0.));
#1016 = DIRECTION('',(1.,0.,0.));
#1017 = DIRECTION('',(0.,1.,0.));
#1018 = ADVANCED_FACE('',(#1019),#1038,.T.);
#1019 = FACE_BOUND('',#1020,.T.);
#1020 = EDGE_LOOP('',(#1021,#1022,#1030,#1037));
#1021 = ORIENTED_EDGE('',*,*,#1006,.T.);
#1022 = ORIENTED_EDGE('',*,*,#1023,.T.);
#1023 = EDGE_CURVE('',#999,#1024,#1026,.T.);
#1024 = VERTEX_POINT('',#1025);
#1025 = CARTESIAN_POINT('',(234.89583333333,38.300954423464,0.));
#1026 = LINE('',#1027,#1028);
#1027 = CARTESIAN_POINT('',(229.16666666666,37.680286188158,0.));
#1028 = VECTOR('',#1029,1.);
#1029 = DIRECTION('',(0.994182937356,0.107704628823,0.));
#1030 = ORIENTED_EDGE('',*,*,#1031,.F.);
#1031 = EDGE_CURVE('',#1024,#1024,#1032,.T.);
#1032 = CIRCLE('',#1033,38.300954423464);
#1033 = AXIS2_PLACEMENT_3D('',#1034,#1035,#1036);
#1034 = CARTESIAN_POINT('',(234.89583333333,0.,0.));
#1035 = DIRECTION('',(1.,0.,0.));
#1036 = DIRECTION('',(0.,1.,0.));
#1037 = ORIENTED_EDGE('',*,*,#1023,.F.);
#1038 = CONICAL_SURFACE('',#1039,37.680286188158,0.1079139575);
#1039 = AXIS2_PLACEMENT_3D('',#1040,#1041,#1042);
#1040 = CARTESIAN_POINT('',(229.16666666666,0.,0.));
#1041 = DIRECTION('',(1.,0.,0.));
#1042 = DIRECTION('',(0.,1.,0.));
#1043 = ADVANCED_FACE('',(#1044),#1063,.T.);
#1044 = FACE_BOUND('',#1045,.T.);
#1045 = EDGE_LOOP('',(#1046,#1047,#1055,#1062));
#1046 = ORIENTED_EDGE('',*,*,#1031,.T.);
#1047 = ORIENTED_EDGE('',*,*,#1048,.T.);
#1048 = EDGE_CURVE('',#1024,#1049,#1051,.T.);
#1049 = VERTEX_POINT('',#1050);
#1050 = CARTESIAN_POINT('',(240.625,38.913608154358,0.));
#1051 = LINE('',#1052,#1053);
#1052 = CARTESIAN_POINT('',(234.89583333333,38.300954423464,0.));
#1053 = VECTOR('',#1054,1.);
#1054 = DIRECTION('',(0.99433092863,0.106329696553,0.));
#1055 = ORIENTED_EDGE('',*,*,#1056,.F.);
#1056 = EDGE_CURVE('',#1049,#1049,#1057,.T.);
#1057 = CIRCLE('',#1058,38.913608154358);
#1058 = AXIS2_PLACEMENT_3D('',#1059,#1060,#1061);
#1059 = CARTESIAN_POINT('',(240.625,0.,0.));
#1060 = DIRECTION('',(1.,0.,0.));
#1061 = DIRECTION('',(0.,1.,0.));
#1062 = ORIENTED_EDGE('',*,*,#1048,.F.);
#1063 = CONICAL_SURFACE('',#1064,38.300954423464,0.106531083511);
#1064 = AXIS2_PLACEMENT_3D('',#1065,#1066,#1067);
#1065 = CARTESIAN_POINT('',(234.89583333333,0.,0.));
#1066 = DIRECTION('',(1.,0.,0.));
#1067 = DIRECTION('',(0.,1.,0.));
#1068 = ADVANCED_FACE('',(#1069),#1088,.T.);
#1069 = FACE_BOUND('',#1070,.T.);
#1070 = EDGE_LOOP('',(#1071,#1072,#1080,#1087));
#1071 = ORIENTED_EDGE('',*,*,#1056,.T.);
#1072 = ORIENTED_EDGE('',*,*,#1073,.T.);
#1073 = EDGE_CURVE('',#1049,#1074,#1076,.T.);
#1074 = VERTEX_POINT('',#1075);
#1075 = CARTESIAN_POINT('',(246.35416666666,39.518350499588,0.));
#1076 = LINE('',#1077,#1078);
#1077 = CARTESIAN_POINT('',(240.625,38.913608154358,0.));
#1078 = VECTOR('',#1079,1.);
#1079 = DIRECTION('',(0.994475192939,0.10497185637,0.));
#1080 = ORIENTED_EDGE('',*,*,#1081,.F.);
#1081 = EDGE_CURVE('',#1074,#1074,#1082,.T.);
#1082 = CIRCLE('',#1083,39.518350499588);
#1083 = AXIS2_PLACEMENT_3D('',#1084,#1085,#1086);
#1084 = CARTESIAN_POINT('',(246.35416666666,0.,0.));
#1085 = DIRECTION('',(1.,0.,0.));
#1086 = DIRECTION('',(0.,1.,0.));
#1087 = ORIENTED_EDGE('',*,*,#1073,.F.);
#1088 = CONICAL_SURFACE('',#1089,38.913608154358,0.105165601016);
#1089 = AXIS2_PLACEMENT_3D('',#1090,#1091,#1092);
#1090 = CARTESIAN_POINT('',(240.625,0.,0.));
#1091 = DIRECTION('',(1.,0.,0.));
#1092 = DIRECTION('',(0.,1.,0.));
#1093 = ADVANCED_FACE('',(#1094),#1113,.T.);
#1094 = FACE_BOUND('',#1095,.T.);
#1095 = EDGE_LOOP('',(#1096,#1097,#1105,#1112));
#1096 = ORIENTED_EDGE('',*,*,#1081,.T.);
#1097 = ORIENTED_EDGE('',*,*,#1098,.T.);
#1098 = EDGE_CURVE('',#1074,#1099,#1101,.T.);
#1099 = VERTEX_POINT('',#1100);
#1100 = CARTESIAN_POINT('',(252.08333333333,40.11527573947,0.));
#1101 = LINE('',#1102,#1103);
#1102 = CARTESIAN_POINT('',(246.35416666666,39.518350499588,0.));
#1103 = VECTOR('',#1104,1.);
#1104 = DIRECTION('',(0.994615956896,0.103629620712,0.));
#1105 = ORIENTED_EDGE('',*,*,#1106,.F.);
#1106 = EDGE_CURVE('',#1099,#1099,#1107,.T.);
#1107 = CIRCLE('',#1108,40.11527573947);
#1108 = AXIS2_PLACEMENT_3D('',#1109,#1110,#1111);
#1109 = CARTESIAN_POINT('',(252.08333333333,0.,0.));
#1110 = DIRECTION('',(1.,0.,0.));
#1111 = DIRECTION('',(0.,1.,0.));
#1112 = ORIENTED_EDGE('',*,*,#1098,.F.);
#1113 = CONICAL_SURFACE('',#1114,39.518350499588,0.103816004287);
#1114 = AXIS2_PLACEMENT_3D('',#1115,#1116,#1117);
#1115 = CARTESIAN_POINT('',(246.35416666666,0.,0.));
#1116 = DIRECTION('',(1.,0.,0.));
#1117 = DIRECTION('',(0.,1.,0.));
#1118 = ADVANCED_FACE('',(#1119),#1138,.T.);
#1119 = FACE_BOUND('',#1120,.T.);
#1120 = EDGE_LOOP('',(#1121,#1122,#1130,#1137));
#1121 = ORIENTED_EDGE('',*,*,#1106,.T.);
#1122 = ORIENTED_EDGE('',*,*,#1123,.T.);
#1123 = EDGE_CURVE('',#1099,#1124,#1126,.T.);
#1124 = VERTEX_POINT('',#1125);
#1125 = CARTESIAN_POINT('',(257.8125,40.704469788767,0.));
#1126 = LINE('',#1127,#1128);
#1127 = CARTESIAN_POINT('',(252.08333333333,40.11527573947,0.));
#1128 = VECTOR('',#1129,1.);
#1129 = DIRECTION('',(0.994753430127,0.102301579907,0.));
#1130 = ORIENTED_EDGE('',*,*,#1131,.F.);
#1131 = EDGE_CURVE('',#1124,#1124,#1132,.T.);
#1132 = CIRCLE('',#1133,40.704469788767);
#1133 = AXIS2_PLACEMENT_3D('',#1134,#1135,#1136);
#1134 = CARTESIAN_POINT('',(257.8125,0.,0.));
#1135 = DIRECTION('',(1.,0.,0.));
#1136 = DIRECTION('',(0.,1.,0.));
#1137 = ORIENTED_EDGE('',*,*,#1123,.F.);
#1138 = CONICAL_SURFACE('',#1139,40.11527573947,0.102480867016);
#1139 = AXIS2_PLACEMENT_3D('',#1140,#1141,#1142);
#1140 = CARTESIAN_POINT('',(252.08333333333,0.,0.));
#1141 = DIRECTION('',(1.,0.,0.));
#1142 = DIRECTION('',(0.,1.,0.));
#1143 = ADVANCED_FACE('',(#1144),#1163,.T.);
#1144 = FACE_BOUND('',#1145,.T.);
#1145 = EDGE_LOOP('',(#1146,#1147,#1155,#1162));
#1146 = ORIENTED_EDGE('',*,*,#1131,.T.);
#1147 = ORIENTED_EDGE('',*,*,#1148,.T.);
#1148 = EDGE_CURVE('',#1124,#1149,#1151,.T.);
#1149 = VERTEX_POINT('',#1150);
#1150 = CARTESIAN_POINT('',(263.54166666666,41.286010613904,0.));
#1151 = LINE('',#1152,#1153);
#1152 = CARTESIAN_POINT('',(257.8125,40.704469788767,0.));
#1153 = VECTOR('',#1154,1.);
#1154 = DIRECTION('',(0.994887806962,0.100986392933,0.));
#1155 = ORIENTED_EDGE('',*,*,#1156,.F.);
#1156 = EDGE_CURVE('',#1149,#1149,#1157,.T.);
#1157 = CIRCLE('',#1158,41.286010613904);
#1158 = AXIS2_PLACEMENT_3D('',#1159,#1160,#1161);
#1159 = CARTESIAN_POINT('',(263.54166666666,0.,0.));
#1160 = DIRECTION('',(1.,0.,0.));
#1161 = DIRECTION('',(0.,1.,0.));
#1162 = ORIENTED_EDGE('',*,*,#1148,.F.);
#1163 = CONICAL_SURFACE('',#1164,40.704469788767,0.101158832915);
#1164 = AXIS2_PLACEMENT_3D('',#1165,#1166,#1167);
#1165 = CARTESIAN_POINT('',(257.8125,0.,0.));
#1166 = DIRECTION('',(1.,0.,0.));
#1167 = DIRECTION('',(0.,1.,0.));
#1168 = ADVANCED_FACE('',(#1169),#1188,.T.);
#1169 = FACE_BOUND('',#1170,.T.);
#1170 = EDGE_LOOP('',(#1171,#1172,#1180,#1187));
#1171 = ORIENTED_EDGE('',*,*,#1156,.T.);
#1172 = ORIENTED_EDGE('',*,*,#1173,.T.);
#1173 = EDGE_CURVE('',#1149,#1174,#1176,.T.);
#1174 = VERTEX_POINT('',#1175);
#1175 = CARTESIAN_POINT('',(269.27083333333,41.859968599853,0.));
#1176 = LINE('',#1177,#1178);
#1177 = CARTESIAN_POINT('',(263.54166666666,41.286010613904,0.));
#1178 = VECTOR('',#1179,1.);
#1179 = DIRECTION('',(0.995019267934,9.968277905507E-02,0.));
#1180 = ORIENTED_EDGE('',*,*,#1181,.F.);
#1181 = EDGE_CURVE('',#1174,#1174,#1182,.T.);
#1182 = CIRCLE('',#1183,41.859968599853);
#1183 = AXIS2_PLACEMENT_3D('',#1184,#1185,#1186);
#1184 = CARTESIAN_POINT('',(269.27083333333,0.,0.));
#1185 = DIRECTION('',(1.,0.,0.));
#1186 = DIRECTION('',(0.,1.,0.));
#1187 = ORIENTED_EDGE('',*,*,#1173,.F.);
#1188 = CONICAL_SURFACE('',#1189,41.286010613904,9.984860721843E-02);
#1189 = AXIS2_PLACEMENT_3D('',#1190,#1191,#1192);
#1190 = CARTESIAN_POINT('',(263.54166666666,0.,0.));
#1191 = DIRECTION('',(1.,0.,0.));
#1192 = DIRECTION('',(0.,1.,0.));
#1193 = ADVANCED_FACE('',(#1194),#1213,.T.);
#1194 = FACE_BOUND('',#1195,.T.);
#1195 = EDGE_LOOP('',(#1196,#1197,#1205,#1212));
#1196 = ORIENTED_EDGE('',*,*,#1181,.T.);
#1197 = ORIENTED_EDGE('',*,*,#1198,.T.);
#1198 = EDGE_CURVE('',#1174,#1199,#1201,.T.);
#1199 = VERTEX_POINT('',#1200);
#1200 = CARTESIAN_POINT('',(275.,42.426406871193,0.));
#1201 = LINE('',#1202,#1203);
#1202 = CARTESIAN_POINT('',(269.27083333333,41.859968599853,0.));
#1203 = VECTOR('',#1204,1.);
#1204 = DIRECTION('',(0.995147981098,9.838951019191E-02,0.));
#1205 = ORIENTED_EDGE('',*,*,#1206,.F.);
#1206 = EDGE_CURVE('',#1199,#1199,#1207,.T.);
#1207 = CIRCLE('',#1208,42.426406871193);
#1208 = AXIS2_PLACEMENT_3D('',#1209,#1210,#1211);
#1209 = CARTESIAN_POINT('',(275.,0.,0.));
#1210 = DIRECTION('',(1.,0.,0.));
#1211 = DIRECTION('',(0.,1.,0.));
#1212 = ORIENTED_EDGE('',*,*,#1198,.F.);
#1213 = CONICAL_SURFACE('',#1214,41.859968599853,9.854894892916E-02);
#1214 = AXIS2_PLACEMENT_3D('',#1215,#1216,#1217);
#1215 = CARTESIAN_POINT('',(269.27083333333,0.,0.));
#1216 = DIRECTION('',(1.,0.,0.));
#1217 = DIRECTION('',(0.,1.,0.));
#1218 = ADVANCED_FACE('',(#1219),#1238,.T.);
#1219 = FACE_BOUND('',#1220,.T.);
#1220 = EDGE_LOOP('',(#1221,#1222,#1230,#1237));
#1221 = ORIENTED_EDGE('',*,*,#1206,.T.);
#1222 = ORIENTED_EDGE('',*,*,#1223,.T.);
#1223 = EDGE_CURVE('',#1199,#1224,#1226,.T.);
#1224 = VERTEX_POINT('',#1225);
#1225 = CARTESIAN_POINT('',(280.72916666666,42.985381571173,0.));
#1226 = LINE('',#1227,#1228);
#1227 = CARTESIAN_POINT('',(275.,42.426406871193,0.));
#1228 = VECTOR('',#1229,1.);
#1229 = DIRECTION('',(0.995274103215,9.710540391151E-02,0.));
#1230 = ORIENTED_EDGE('',*,*,#1231,.F.);
#1231 = EDGE_CURVE('',#1224,#1224,#1232,.T.);
#1232 = CIRCLE('',#1233,42.985381571173);
#1233 = AXIS2_PLACEMENT_3D('',#1234,#1235,#1236);
#1234 = CARTESIAN_POINT('',(280.72916666666,0.,0.));
#1235 = DIRECTION('',(1.,0.,0.));
#1236 = DIRECTION('',(0.,1.,0.));
#1237 = ORIENTED_EDGE('',*,*,#1223,.F.);
#1238 = CONICAL_SURFACE('',#1239,42.426406871193,9.725866370537E-02);
#1239 = AXIS2_PLACEMENT_3D('',#1240,#1241,#1242);
#1240 = CARTESIAN_POINT('',(275.,0.,0.));
#1241 = DIRECTION('',(1.,0.,0.));
#1242 = DIRECTION('',(0.,1.,0.));
#1243 = ADVANCED_FACE('',(#1244),#1263,.T.);
#1244 = FACE_BOUND('',#1245,.T.);
#1245 = EDGE_LOOP('',(#1246,#1247,#1255,#1262));
#1246 = ORIENTED_EDGE('',*,*,#1231,.T.);
#1247 = ORIENTED_EDGE('',*,*,#1248,.T.);
#1248 = EDGE_CURVE('',#1224,#1249,#1251,.T.);
#1249 = VERTEX_POINT('',#1250);
#1250 = CARTESIAN_POINT('',(286.45833333333,43.53694210195,0.));
#1251 = LINE('',#1252,#1253);
#1252 = CARTESIAN_POINT('',(280.72916666666,42.985381571173,0.));
#1253 = VECTOR('',#1254,1.);
#1254 = DIRECTION('',(0.995397780796,9.582931694146E-02,0.));
#1255 = ORIENTED_EDGE('',*,*,#1256,.F.);
#1256 = EDGE_CURVE('',#1249,#1249,#1257,.T.);
#1257 = CIRCLE('',#1258,43.53694210195);
#1258 = AXIS2_PLACEMENT_3D('',#1259,#1260,#1261);
#1259 = CARTESIAN_POINT('',(286.45833333333,0.,0.));
#1260 = DIRECTION('',(1.,0.,0.));
#1261 = DIRECTION('',(0.,1.,0.));
#1262 = ORIENTED_EDGE('',*,*,#1248,.F.);
#1263 = CONICAL_SURFACE('',#1264,42.985381571173,9.597659727794E-02);
#1264 = AXIS2_PLACEMENT_3D('',#1265,#1266,#1267);
#1265 = CARTESIAN_POINT('',(280.72916666666,0.,0.));
#1266 = DIRECTION('',(1.,0.,0.));
#1267 = DIRECTION('',(0.,1.,0.));
#1268 = ADVANCED_FACE('',(#1269),#1288,.T.);
#1269 = FACE_BOUND('',#1270,.T.);
#1270 = EDGE_LOOP('',(#1271,#1272,#1280,#1287));
#1271 = ORIENTED_EDGE('',*,*,#1256,.T.);
#1272 = ORIENTED_EDGE('',*,*,#1273,.T.);
#1273 = EDGE_CURVE('',#1249,#1274,#1276,.T.);
#1274 = VERTEX_POINT('',#1275);
#1275 = CARTESIAN_POINT('',(292.1875,44.081131328669,0.));
#1276 = LINE('',#1277,#1278);
#1277 = CARTESIAN_POINT('',(286.45833333333,43.53694210195,0.));
#1278 = VECTOR('',#1279,1.);
#1279 = DIRECTION('',(0.995519151042,9.456013911081E-02,0.));
#1280 = ORIENTED_EDGE('',*,*,#1281,.F.);
#1281 = EDGE_CURVE('',#1274,#1274,#1282,.T.);
#1282 = CIRCLE('',#1283,44.081131328669);
#1283 = AXIS2_PLACEMENT_3D('',#1284,#1285,#1286);
#1284 = CARTESIAN_POINT('',(292.1875,0.,0.));
#1285 = DIRECTION('',(1.,0.,0.));
#1286 = DIRECTION('',(0.,1.,0.));
#1287 = ORIENTED_EDGE('',*,*,#1273,.F.);
#1288 = CONICAL_SURFACE('',#1289,43.53694210195,9.470162930874E-02);
#1289 = AXIS2_PLACEMENT_3D('',#1290,#1291,#1292);
#1290 = CARTESIAN_POINT('',(286.45833333333,0.,0.));
#1291 = DIRECTION('',(1.,0.,0.));
#1292 = DIRECTION('',(0.,1.,0.));
#1293 = ADVANCED_FACE('',(#1294),#1313,.T.);
#1294 = FACE_BOUND('',#1295,.T.);
#1295 = EDGE_LOOP('',(#1296,#1297,#1305,#1312));
#1296 = ORIENTED_EDGE('',*,*,#1281,.T.);
#1297 = ORIENTED_EDGE('',*,*,#1298,.T.);
#1298 = EDGE_CURVE('',#1274,#1299,#1301,.T.);
#1299 = VERTEX_POINT('',#1300);
#1300 = CARTESIAN_POINT('',(297.91666666666,44.617985749542,0.));
#1301 = LINE('',#1302,#1303);
#1302 = CARTESIAN_POINT('',(292.1875,44.081131328669,0.));
#1303 = VECTOR('',#1304,1.);
#1304 = DIRECTION('',(0.995638342681,9.329678764077E-02,0.));
#1305 = ORIENTED_EDGE('',*,*,#1306,.F.);
#1306 = EDGE_CURVE('',#1299,#1299,#1307,.T.);
#1307 = CIRCLE('',#1308,44.617985749542);
#1308 = AXIS2_PLACEMENT_3D('',#1309,#1310,#1311);
#1309 = CARTESIAN_POINT('',(297.91666666666,0.,0.));
#1310 = DIRECTION('',(1.,0.,0.));
#1311 = DIRECTION('',(0.,1.,0.));
#1312 = ORIENTED_EDGE('',*,*,#1298,.F.);
#1313 = CONICAL_SURFACE('',#1314,44.081131328669,9.343266760732E-02);
#1314 = AXIS2_PLACEMENT_3D('',#1315,#1316,#1317);
#1315 = CARTESIAN_POINT('',(292.1875,0.,0.));
#1316 = DIRECTION('',(1.,0.,0.));
#1317 = DIRECTION('',(0.,1.,0.));
#1318 = ADVANCED_FACE('',(#1319),#1338,.T.);
#1319 = FACE_BOUND('',#1320,.T.);
#1320 = EDGE_LOOP('',(#1321,#1322,#1330,#1337));
#1321 = ORIENTED_EDGE('',*,*,#1306,.T.);
#1322 = ORIENTED_EDGE('',*,*,#1323,.T.);
#1323 = EDGE_CURVE('',#1299,#1324,#1326,.T.);
#1324 = VERTEX_POINT('',#1325);
#1325 = CARTESIAN_POINT('',(303.64583333333,45.14753563365,0.));
#1326 = LINE('',#1327,#1328);
#1327 = CARTESIAN_POINT('',(297.91666666666,44.617985749542,0.));
#1328 = VECTOR('',#1329,1.);
#1329 = DIRECTION('',(0.995755476724,9.203820171048E-02,0.));
#1330 = ORIENTED_EDGE('',*,*,#1331,.F.);
#1331 = EDGE_CURVE('',#1324,#1324,#1332,.T.);
#1332 = CIRCLE('',#1333,45.14753563365);
#1333 = AXIS2_PLACEMENT_3D('',#1334,#1335,#1336);
#1334 = CARTESIAN_POINT('',(303.64583333333,0.,0.));
#1335 = DIRECTION('',(1.,0.,0.));
#1336 = DIRECTION('',(0.,1.,0.));
#1337 = ORIENTED_EDGE('',*,*,#1323,.F.);
#1338 = CONICAL_SURFACE('',#1339,44.617985749542,9.216864263099E-02);
#1339 = AXIS2_PLACEMENT_3D('',#1340,#1341,#1342);
#1340 = CARTESIAN_POINT('',(297.91666666666,0.,0.));
#1341 = DIRECTION('',(1.,0.,0.));
#1342 = DIRECTION('',(0.,1.,0.));
#1343 = ADVANCED_FACE('',(#1344),#1363,.T.);
#1344 = FACE_BOUND('',#1345,.T.);
#1345 = EDGE_LOOP('',(#1346,#1347,#1355,#1362));
#1346 = ORIENTED_EDGE('',*,*,#1331,.T.);
#1347 = ORIENTED_EDGE('',*,*,#1348,.T.);
#1348 = EDGE_CURVE('',#1324,#1349,#1351,.T.);
#1349 = VERTEX_POINT('',#1350);
#1350 = CARTESIAN_POINT('',(309.375,45.669805127776,0.));
#1351 = LINE('',#1352,#1353);
#1352 = CARTESIAN_POINT('',(303.64583333333,45.14753563365,0.));
#1353 = VECTOR('',#1354,1.);
#1354 = DIRECTION('',(0.995870667146,9.078333722969E-02,0.));
#1355 = ORIENTED_EDGE('',*,*,#1356,.F.);
#1356 = EDGE_CURVE('',#1349,#1349,#1357,.T.);
#1357 = CIRCLE('',#1358,45.669805127776);
#1358 = AXIS2_PLACEMENT_3D('',#1359,#1360,#1361);
#1359 = CARTESIAN_POINT('',(309.375,0.,0.));
#1360 = DIRECTION('',(1.,0.,0.));
#1361 = DIRECTION('',(0.,1.,0.));
#1362 = ORIENTED_EDGE('',*,*,#1348,.F.);
#1363 = CONICAL_SURFACE('',#1364,45.14753563365,9.090850219892E-02);
#1364 = AXIS2_PLACEMENT_3D('',#1365,#1366,#1367);
#1365 = CARTESIAN_POINT('',(303.64583333333,0.,0.));
#1366 = DIRECTION('',(1.,0.,0.));
#1367 = DIRECTION('',(0.,1.,0.));
#1368 = ADVANCED_FACE('',(#1369),#1388,.T.);
#1369 = FACE_BOUND('',#1370,.T.);
#1370 = EDGE_LOOP('',(#1371,#1372,#1380,#1387));
#1371 = ORIENTED_EDGE('',*,*,#1356,.T.);
#1372 = ORIENTED_EDGE('',*,*,#1373,.T.);
#1373 = EDGE_CURVE('',#1349,#1374,#1376,.T.);
#1374 = VERTEX_POINT('',#1375);
#1375 = CARTESIAN_POINT('',(315.10416666666,46.184812333188,0.));
#1376 = LINE('',#1377,#1378);
#1377 = CARTESIAN_POINT('',(309.375,45.669805127776,0.));
#1378 = VECTOR('',#1379,1.);
#1379 = DIRECTION('',(0.995984021496,8.953116175333E-02,0.));
#1380 = ORIENTED_EDGE('',*,*,#1381,.F.);
#1381 = EDGE_CURVE('',#1374,#1374,#1382,.T.);
#1382 = CIRCLE('',#1383,46.184812333188);
#1383 = AXIS2_PLACEMENT_3D('',#1384,#1385,#1386);
#1384 = CARTESIAN_POINT('',(315.10416666666,0.,0.));
#1385 = DIRECTION('',(1.,0.,0.));
#1386 = DIRECTION('',(0.,1.,0.));
#1387 = ORIENTED_EDGE('',*,*,#1373,.F.);
#1388 = CONICAL_SURFACE('',#1389,45.669805127776,8.965120635444E-02);
#1389 = AXIS2_PLACEMENT_3D('',#1390,#1391,#1392);
#1390 = CARTESIAN_POINT('',(309.375,0.,0.));
#1391 = DIRECTION('',(1.,0.,0.));
#1392 = DIRECTION('',(0.,1.,0.));
#1393 = ADVANCED_FACE('',(#1394),#1413,.T.);
#1394 = FACE_BOUND('',#1395,.T.);
#1395 = EDGE_LOOP('',(#1396,#1397,#1405,#1412));
#1396 = ORIENTED_EDGE('',*,*,#1381,.T.);
#1397 = ORIENTED_EDGE('',*,*,#1398,.T.);
#1398 = EDGE_CURVE('',#1374,#1399,#1401,.T.);
#1399 = VERTEX_POINT('',#1400);
#1400 = CARTESIAN_POINT('',(320.83333333333,46.692569352933,0.));
#1401 = LINE('',#1402,#1403);
#1402 = CARTESIAN_POINT('',(315.10416666666,46.184812333188,0.));
#1403 = VECTOR('',#1404,1.);
#1404 = DIRECTION('',(0.996095641456,8.828064947561E-02,0.));
#1405 = ORIENTED_EDGE('',*,*,#1406,.F.);
#1406 = EDGE_CURVE('',#1399,#1399,#1407,.T.);
#1407 = CIRCLE('',#1408,46.692569352933);
#1408 = AXIS2_PLACEMENT_3D('',#1409,#1410,#1411);
#1409 = CARTESIAN_POINT('',(320.83333333333,0.,0.));
#1410 = DIRECTION('',(1.,0.,0.));
#1411 = DIRECTION('',(0.,1.,0.));
#1412 = ORIENTED_EDGE('',*,*,#1398,.F.);
#1413 = CONICAL_SURFACE('',#1414,46.184812333188,8.83957223126E-02);
#1414 = AXIS2_PLACEMENT_3D('',#1415,#1416,#1417);
#1415 = CARTESIAN_POINT('',(315.10416666666,0.,0.));
#1416 = DIRECTION('',(1.,0.,0.));
#1417 = DIRECTION('',(0.,1.,0.));
#1418 = ADVANCED_FACE('',(#1419),#1438,.T.);
#1419 = FACE_BOUND('',#1420,.T.);
#1420 = EDGE_LOOP('',(#1421,#1422,#1430,#1437));
#1421 = ORIENTED_EDGE('',*,*,#1406,.T.);
#1422 = ORIENTED_EDGE('',*,*,#1423,.T.);
#1423 = EDGE_CURVE('',#1399,#1424,#1426,.T.);
#1424 = VERTEX_POINT('',#1425);
#1425 = CARTESIAN_POINT('',(326.5625,47.19308230983,0.));
#1426 = LINE('',#1427,#1428);
#1427 = CARTESIAN_POINT('',(320.83333333333,46.692569352933,0.));
#1428 = VECTOR('',#1429,1.);
#1429 = DIRECTION('',(0.996205623346,8.703077624173E-02,0.));
#1430 = ORIENTED_EDGE('',*,*,#1431,.F.);
#1431 = EDGE_CURVE('',#1424,#1424,#1432,.T.);
#1432 = CIRCLE('',#1433,47.19308230983);
#1433 = AXIS2_PLACEMENT_3D('',#1434,#1435,#1436);
#1434 = CARTESIAN_POINT('',(326.5625,0.,0.));
#1435 = DIRECTION('',(1.,0.,0.));
#1436 = DIRECTION('',(0.,1.,0.));
#1437 = ORIENTED_EDGE('',*,*,#1423,.F.);
#1438 = CONICAL_SURFACE('',#1439,46.692569352933,8.714101943006E-02);
#1439 = AXIS2_PLACEMENT_3D('',#1440,#1441,#1442);
#1440 = CARTESIAN_POINT('',(320.83333333333,0.,0.));
#1441 = DIRECTION('',(1.,0.,0.));
#1442 = DIRECTION('',(0.,1.,0.));
#1443 = ADVANCED_FACE('',(#1444),#1463,.T.);
#1444 = FACE_BOUND('',#1445,.T.);
#1445 = EDGE_LOOP('',(#1446,#1447,#1455,#1462));
#1446 = ORIENTED_EDGE('',*,*,#1431,.T.);
#1447 = ORIENTED_EDGE('',*,*,#1448,.T.);
#1448 = EDGE_CURVE('',#1424,#1449,#1451,.T.);
#1449 = VERTEX_POINT('',#1450);
#1450 = CARTESIAN_POINT('',(332.29166666666,47.686351334966,0.));
#1451 = LINE('',#1452,#1453);
#1452 = CARTESIAN_POINT('',(326.5625,47.19308230983,0.));
#1453 = VECTOR('',#1454,1.);
#1454 = DIRECTION('',(0.996314058583,8.578051451451E-02,0.));
#1455 = ORIENTED_EDGE('',*,*,#1456,.F.);
#1456 = EDGE_CURVE('',#1449,#1449,#1457,.T.);
#1457 = CIRCLE('',#1458,47.686351334966);
#1458 = AXIS2_PLACEMENT_3D('',#1459,#1460,#1461);
#1459 = CARTESIAN_POINT('',(332.29166666666,0.,0.));
#1460 = DIRECTION('',(1.,0.,0.));
#1461 = DIRECTION('',(0.,1.,0.));
#1462 = ORIENTED_EDGE('',*,*,#1448,.F.);
#1463 = CONICAL_SURFACE('',#1464,47.19308230983,8.588606413455E-02);
#1464 = AXIS2_PLACEMENT_3D('',#1465,#1466,#1467);
#1465 = CARTESIAN_POINT('',(326.5625,0.,0.));
#1466 = DIRECTION('',(1.,0.,0.));
#1467 = DIRECTION('',(0.,1.,0.));
#1468 = ADVANCED_FACE('',(#1469),#1488,.T.);
#1469 = FACE_BOUND('',#1470,.T.);
#1470 = EDGE_LOOP('',(#1471,#1472,#1480,#1487));
#1471 = ORIENTED_EDGE('',*,*,#1456,.T.);
#1472 = ORIENTED_EDGE('',*,*,#1473,.T.);
#1473 = EDGE_CURVE('',#1449,#1474,#1476,.T.);
#1474 = VERTEX_POINT('',#1475);
#1475 = CARTESIAN_POINT('',(338.02083333333,48.172370526153,0.));
#1476 = LINE('',#1477,#1478);
#1477 = CARTESIAN_POINT('',(332.29166666666,47.686351334966,0.));
#1478 = VECTOR('',#1479,1.);
#1479 = DIRECTION('',(0.9964210341,8.452882823141E-02,0.));
#1480 = ORIENTED_EDGE('',*,*,#1481,.F.);
#1481 = EDGE_CURVE('',#1474,#1474,#1482,.T.);
#1482 = CIRCLE('',#1483,48.172370526153);
#1483 = AXIS2_PLACEMENT_3D('',#1484,#1485,#1486);
#1484 = CARTESIAN_POINT('',(338.02083333333,0.,0.));
#1485 = DIRECTION('',(1.,0.,0.));
#1486 = DIRECTION('',(0.,1.,0.));
#1487 = ORIENTED_EDGE('',*,*,#1473,.F.);
#1488 = CONICAL_SURFACE('',#1489,47.686351334966,8.462981474838E-02);
#1489 = AXIS2_PLACEMENT_3D('',#1490,#1491,#1492);
#1490 = CARTESIAN_POINT('',(332.29166666666,0.,0.));
#1491 = DIRECTION('',(1.,0.,0.));
#1492 = DIRECTION('',(0.,1.,0.));
#1493 = ADVANCED_FACE('',(#1494),#1513,.T.);
#1494 = FACE_BOUND('',#1495,.T.);
#1495 = EDGE_LOOP('',(#1496,#1497,#1505,#1512));
#1496 = ORIENTED_EDGE('',*,*,#1481,.T.);
#1497 = ORIENTED_EDGE('',*,*,#1498,.T.);
#1498 = EDGE_CURVE('',#1474,#1499,#1501,.T.);
#1499 = VERTEX_POINT('',#1500);
#1500 = CARTESIAN_POINT('',(343.75,48.651127875377,0.));
#1501 = LINE('',#1502,#1503);
#1502 = CARTESIAN_POINT('',(338.02083333333,48.172370526153,0.));
#1503 = VECTOR('',#1504,1.);
#1504 = DIRECTION('',(0.996526632738,8.327466748283E-02,0.));
#1505 = ORIENTED_EDGE('',*,*,#1506,.F.);
#1506 = EDGE_CURVE('',#1499,#1499,#1507,.T.);
#1507 = CIRCLE('',#1508,48.651127875377);
#1508 = AXIS2_PLACEMENT_3D('',#1509,#1510,#1511);
#1509 = CARTESIAN_POINT('',(343.75,0.,0.));
#1510 = DIRECTION('',(1.,0.,0.));
#1511 = DIRECTION('',(0.,1.,0.));
#1512 = ORIENTED_EDGE('',*,*,#1498,.F.);
#1513 = CONICAL_SURFACE('',#1514,48.172370526153,8.3371216137E-02);
#1514 = AXIS2_PLACEMENT_3D('',#1515,#1516,#1517);
#1515 = CARTESIAN_POINT('',(338.02083333333,0.,0.));
#1516 = DIRECTION('',(1.,0.,0.));
#1517 = DIRECTION('',(0.,1.,0.));
#1518 = ADVANCED_FACE('',(#1519),#1538,.T.);
#1519 = FACE_BOUND('',#1520,.T.);
#1520 = EDGE_LOOP('',(#1521,#1522,#1530,#1537));
#1521 = ORIENTED_EDGE('',*,*,#1506,.T.);
#1522 = ORIENTED_EDGE('',*,*,#1523,.T.);
#1523 = EDGE_CURVE('',#1499,#1524,#1526,.T.);
#1524 = VERTEX_POINT('',#1525);
#1525 = CARTESIAN_POINT('',(349.47916666666,49.122605163835,0.));
#1526 = LINE('',#1527,#1528);
#1527 = CARTESIAN_POINT('',(343.75,48.651127875377,0.));
#1528 = VECTOR('',#1529,1.);
#1529 = DIRECTION('',(0.996630933591,8.201696293749E-02,0.));
#1530 = ORIENTED_EDGE('',*,*,#1531,.F.);
#1531 = EDGE_CURVE('',#1524,#1524,#1532,.T.);
#1532 = CIRCLE('',#1533,49.122605163835);
#1533 = AXIS2_PLACEMENT_3D('',#1534,#1535,#1536);
#1534 = CARTESIAN_POINT('',(349.47916666666,0.,0.));
#1535 = DIRECTION('',(1.,0.,0.));
#1536 = DIRECTION('',(0.,1.,0.));
#1537 = ORIENTED_EDGE('',*,*,#1523,.F.);
#1538 = CONICAL_SURFACE('',#1539,48.651127875377,8.210919410757E-02);
#1539 = AXIS2_PLACEMENT_3D('',#1540,#1541,#1542);
#1540 = CARTESIAN_POINT('',(343.75,0.,0.));
#1541 = DIRECTION('',(1.,0.,0.));
#1542 = DIRECTION('',(0.,1.,0.));
#1543 = ADVANCED_FACE('',(#1544),#1563,.T.);
#1544 = FACE_BOUND('',#1545,.T.);
#1545 = EDGE_LOOP('',(#1546,#1547,#1555,#1562));
#1546 = ORIENTED_EDGE('',*,*,#1531,.T.);
#1547 = ORIENTED_EDGE('',*,*,#1548,.T.);
#1548 = EDGE_CURVE('',#1524,#1549,#1551,.T.);
#1549 = VERTEX_POINT('',#1550);
#1550 = CARTESIAN_POINT('',(355.20833333333,49.586777822705,0.));
#1551 = LINE('',#1552,#1553);
#1552 = CARTESIAN_POINT('',(349.47916666666,49.122605163835,0.));
#1553 = VECTOR('',#1554,1.);
#1554 = DIRECTION('',(0.996734012342,8.075461993227E-02,0.));
#1555 = ORIENTED_EDGE('',*,*,#1556,.F.);
#1556 = EDGE_CURVE('',#1549,#1549,#1557,.T.);
#1557 = CIRCLE('',#1558,49.586777822705);
#1558 = AXIS2_PLACEMENT_3D('',#1559,#1560,#1561);
#1559 = CARTESIAN_POINT('',(355.20833333333,0.,0.));
#1560 = DIRECTION('',(1.,0.,0.));
#1561 = DIRECTION('',(0.,1.,0.));
#1562 = ORIENTED_EDGE('',*,*,#1548,.F.);
#1563 = CONICAL_SURFACE('',#1564,49.122605163835,8.084264947504E-02);
#1564 = AXIS2_PLACEMENT_3D('',#1565,#1566,#1567);
#1565 = CARTESIAN_POINT('',(349.47916666666,0.,0.));
#1566 = DIRECTION('',(1.,0.,0.));
#1567 = DIRECTION('',(0.,1.,0.));
#1568 = ADVANCED_FACE('',(#1569),#1588,.T.);
#1569 = FACE_BOUND('',#1570,.T.);
#1570 = EDGE_LOOP('',(#1571,#1572,#1580,#1587));
#1571 = ORIENTED_EDGE('',*,*,#1556,.T.);
#1572 = ORIENTED_EDGE('',*,*,#1573,.T.);
#1573 = EDGE_CURVE('',#1549,#1574,#1576,.T.);
#1574 = VERTEX_POINT('',#1575);
#1575 = CARTESIAN_POINT('',(360.9375,50.04361475723,0.));
#1576 = LINE('',#1577,#1578);
#1577 = CARTESIAN_POINT('',(355.20833333333,49.586777822705,0.));
#1578 = VECTOR('',#1579,1.);
#1579 = DIRECTION('',(0.996835941561,7.948651213387E-02,0.));
#1580 = ORIENTED_EDGE('',*,*,#1581,.F.);
#1581 = EDGE_CURVE('',#1574,#1574,#1582,.T.);
#1582 = CIRCLE('',#1583,50.04361475723);
#1583 = AXIS2_PLACEMENT_3D('',#1584,#1585,#1586);
#1584 = CARTESIAN_POINT('',(360.9375,0.,0.));
#1585 = DIRECTION('',(1.,0.,0.));
#1586 = DIRECTION('',(0.,1.,0.));
#1587 = ORIENTED_EDGE('',*,*,#1573,.F.);
#1588 = CONICAL_SURFACE('',#1589,49.586777822705,7.957045170252E-02);
#1589 = AXIS2_PLACEMENT_3D('',#1590,#1591,#1592);
#1590 = CARTESIAN_POINT('',(355.20833333333,0.,0.));
#1591 = DIRECTION('',(1.,0.,0.));
#1592 = DIRECTION('',(0.,1.,0.));
#1593 = ADVANCED_FACE('',(#1594),#1613,.T.);
#1594 = FACE_BOUND('',#1595,.T.);
#1595 = EDGE_LOOP('',(#1596,#1597,#1605,#1612));
#1596 = ORIENTED_EDGE('',*,*,#1581,.T.);
#1597 = ORIENTED_EDGE('',*,*,#1598,.T.);
#1598 = EDGE_CURVE('',#1574,#1599,#1601,.T.);
#1599 = VERTEX_POINT('',#1600);
#1600 = CARTESIAN_POINT('',(366.66666666666,50.493078131093,0.));
#1601 = LINE('',#1602,#1603);
#1602 = CARTESIAN_POINT('',(360.9375,50.04361475723,0.));
#1603 = VECTOR('',#1604,1.);
#1604 = DIRECTION('',(0.996936790991,7.821147466595E-02,0.));
#1605 = ORIENTED_EDGE('',*,*,#1606,.F.);
#1606 = EDGE_CURVE('',#1599,#1599,#1607,.T.);
#1607 = CIRCLE('',#1608,50.493078131093);
#1608 = AXIS2_PLACEMENT_3D('',#1609,#1610,#1611);
#1609 = CARTESIAN_POINT('',(366.66666666666,0.,0.));
#1610 = DIRECTION('',(1.,0.,0.));
#1611 = DIRECTION('',(0.,1.,0.));
#1612 = ORIENTED_EDGE('',*,*,#1598,.F.);
#1613 = CONICAL_SURFACE('',#1614,50.04361475723,7.829143200956E-02);
#1614 = AXIS2_PLACEMENT_3D('',#1615,#1616,#1617);
#1615 = CARTESIAN_POINT('',(360.9375,0.,0.));
#1616 = DIRECTION('',(1.,0.,0.));
#1617 = DIRECTION('',(0.,1.,0.));
#1618 = ADVANCED_FACE('',(#1619),#1638,.T.);
#1619 = FACE_BOUND('',#1620,.T.);
#1620 = EDGE_LOOP('',(#1621,#1622,#1630,#1637));
#1621 = ORIENTED_EDGE('',*,*,#1606,.T.);
#1622 = ORIENTED_EDGE('',*,*,#1623,.T.);
#1623 = EDGE_CURVE('',#1599,#1624,#1626,.T.);
#1624 = VERTEX_POINT('',#1625);
#1625 = CARTESIAN_POINT('',(372.39583333333,50.935123107364,0.));
#1626 = LINE('',#1627,#1628);
#1627 = CARTESIAN_POINT('',(366.66666666666,50.493078131093,0.));
#1628 = VECTOR('',#1629,1.);
#1629 = DIRECTION('',(0.997036627805,7.692829657826E-02,0.));
#1630 = ORIENTED_EDGE('',*,*,#1631,.F.);
#1631 = EDGE_CURVE('',#1624,#1624,#1632,.T.);
#1632 = CIRCLE('',#1633,50.935123107364);
#1633 = AXIS2_PLACEMENT_3D('',#1634,#1635,#1636);
#1634 = CARTESIAN_POINT('',(372.39583333333,0.,0.));
#1635 = DIRECTION('',(1.,0.,0.));
#1636 = DIRECTION('',(0.,1.,0.));
#1637 = ORIENTED_EDGE('',*,*,#1623,.F.);
#1638 = CONICAL_SURFACE('',#1639,50.493078131093,7.70043758247E-02);
#1639 = AXIS2_PLACEMENT_3D('',#1640,#1641,#1642);
#1640 = CARTESIAN_POINT('',(366.66666666666,0.,0.));
#1641 = DIRECTION('',(1.,0.,0.));
#1642 = DIRECTION('',(0.,1.,0.));
#1643 = ADVANCED_FACE('',(#1644),#1663,.T.);
#1644 = FACE_BOUND('',#1645,.T.);
#1645 = EDGE_LOOP('',(#1646,#1647,#1655,#1662));
#1646 = ORIENTED_EDGE('',*,*,#1631,.T.);
#1647 = ORIENTED_EDGE('',*,*,#1648,.T.);
#1648 = EDGE_CURVE('',#1624,#1649,#1651,.T.);
#1649 = VERTEX_POINT('',#1650);
#1650 = CARTESIAN_POINT('',(378.125,51.369697541438,0.));
#1651 = LINE('',#1652,#1653);
#1652 = CARTESIAN_POINT('',(372.39583333333,50.935123107364,0.));
#1653 = VECTOR('',#1654,1.);
#1654 = DIRECTION('',(0.997135516865,7.563571251262E-02,0.));
#1655 = ORIENTED_EDGE('',*,*,#1656,.F.);
#1656 = EDGE_CURVE('',#1649,#1649,#1657,.T.);
#1657 = CIRCLE('',#1658,51.369697541438);
#1658 = AXIS2_PLACEMENT_3D('',#1659,#1660,#1661);
#1659 = CARTESIAN_POINT('',(378.125,0.,0.));
#1660 = DIRECTION('',(1.,0.,0.));
#1661 = DIRECTION('',(0.,1.,0.));
#1662 = ORIENTED_EDGE('',*,*,#1648,.F.);
#1663 = CONICAL_SURFACE('',#1664,50.935123107364,7.570801443678E-02);
#1664 = AXIS2_PLACEMENT_3D('',#1665,#1666,#1667);
#1665 = CARTESIAN_POINT('',(372.39583333333,0.,0.));
#1666 = DIRECTION('',(1.,0.,0.));
#1667 = DIRECTION('',(0.,1.,0.));
#1668 = ADVANCED_FACE('',(#1669),#1688,.T.);
#1669 = FACE_BOUND('',#1670,.T.);
#1670 = EDGE_LOOP('',(#1671,#1672,#1680,#1687));
#1671 = ORIENTED_EDGE('',*,*,#1656,.T.);
#1672 = ORIENTED_EDGE('',*,*,#1673,.T.);
#1673 = EDGE_CURVE('',#1649,#1674,#1676,.T.);
#1674 = VERTEX_POINT('',#1675);
#1675 = CARTESIAN_POINT('',(383.85416666666,51.796741620417,0.));
#1676 = LINE('',#1677,#1678);
#1677 = CARTESIAN_POINT('',(378.125,51.369697541438,0.));
#1678 = VECTOR('',#1679,1.);
#1679 = DIRECTION('',(0.997233520943,7.433239339255E-02,0.));
#1680 = ORIENTED_EDGE('',*,*,#1681,.F.);
#1681 = EDGE_CURVE('',#1674,#1674,#1682,.T.);
#1682 = CIRCLE('',#1683,51.796741620417);
#1683 = AXIS2_PLACEMENT_3D('',#1684,#1685,#1686);
#1684 = CARTESIAN_POINT('',(383.85416666666,0.,0.));
#1685 = DIRECTION('',(1.,0.,0.));
#1686 = DIRECTION('',(0.,1.,0.));
#1687 = ORIENTED_EDGE('',*,*,#1673,.F.);
#1688 = CONICAL_SURFACE('',#1689,51.369697541438,7.440101567192E-02);
#1689 = AXIS2_PLACEMENT_3D('',#1690,#1691,#1692);
#1690 = CARTESIAN_POINT('',(378.125,0.,0.));
#1691 = DIRECTION('',(1.,0.,0.));
#1692 = DIRECTION('',(0.,1.,0.));
#1693 = ADVANCED_FACE('',(#1694),#1713,.T.);
#1694 = FACE_BOUND('',#1695,.T.);
#1695 = EDGE_LOOP('',(#1696,#1697,#1705,#1712));
#1696 = ORIENTED_EDGE('',*,*,#1681,.T.);
#1697 = ORIENTED_EDGE('',*,*,#1698,.T.);
#1698 = EDGE_CURVE('',#1674,#1699,#1701,.T.);
#1699 = VERTEX_POINT('',#1700);
#1700 = CARTESIAN_POINT('',(389.58333333333,52.216187442171,0.));
#1701 = LINE('',#1702,#1703);
#1702 = CARTESIAN_POINT('',(383.85416666666,51.796741620417,0.));
#1703 = VECTOR('',#1704,1.);
#1704 = DIRECTION('',(0.997330700955,7.301693592828E-02,0.));
#1705 = ORIENTED_EDGE('',*,*,#1706,.F.);
#1706 = EDGE_CURVE('',#1699,#1699,#1707,.T.);
#1707 = CIRCLE('',#1708,52.216187442171);
#1708 = AXIS2_PLACEMENT_3D('',#1709,#1710,#1711);
#1709 = CARTESIAN_POINT('',(389.58333333333,0.,0.));
#1710 = DIRECTION('',(1.,0.,0.));
#1711 = DIRECTION('',(0.,1.,0.));
#1712 = ORIENTED_EDGE('',*,*,#1698,.F.);
#1713 = CONICAL_SURFACE('',#1714,51.796741620417,7.308197338779E-02);
#1714 = AXIS2_PLACEMENT_3D('',#1715,#1716,#1717);
#1715 = CARTESIAN_POINT('',(383.85416666666,0.,0.));
#1716 = DIRECTION('',(1.,0.,0.));
#1717 = DIRECTION('',(0.,1.,0.));
#1718 = ADVANCED_FACE('',(#1719),#1738,.T.);
#1719 = FACE_BOUND('',#1720,.T.);
#1720 = EDGE_LOOP('',(#1721,#1722,#1730,#1737));
#1721 = ORIENTED_EDGE('',*,*,#1706,.T.);
#1722 = ORIENTED_EDGE('',*,*,#1723,.T.);
#1723 = EDGE_CURVE('',#1699,#1724,#1726,.T.);
#1724 = VERTEX_POINT('',#1725);
#1725 = CARTESIAN_POINT('',(395.3125,52.627958525879,0.));
#1726 = LINE('',#1727,#1728);
#1727 = CARTESIAN_POINT('',(389.58333333333,52.216187442171,0.));
#1728 = VECTOR('',#1729,1.);
#1729 = DIRECTION('',(0.997427116167,7.16878506839E-02,0.));
#1730 = ORIENTED_EDGE('',*,*,#1731,.F.);
#1731 = EDGE_CURVE('',#1724,#1724,#1732,.T.);
#1732 = CIRCLE('',#1733,52.627958525879);
#1733 = AXIS2_PLACEMENT_3D('',#1734,#1735,#1736);
#1734 = CARTESIAN_POINT('',(395.3125,0.,0.));
#1735 = DIRECTION('',(1.,0.,0.));
#1736 = DIRECTION('',(0.,1.,0.));
#1737 = ORIENTED_EDGE('',*,*,#1723,.F.);
#1738 = CONICAL_SURFACE('',#1739,52.216187442171,7.174939553168E-02);
#1739 = AXIS2_PLACEMENT_3D('',#1740,#1741,#1742);
#1740 = CARTESIAN_POINT('',(389.58333333333,0.,0.));
#1741 = DIRECTION('',(1.,0.,0.));
#1742 = DIRECTION('',(0.,1.,0.));
#1743 = ADVANCED_FACE('',(#1744),#1763,.T.);
#1744 = FACE_BOUND('',#1745,.T.);
#1745 = EDGE_LOOP('',(#1746,#1747,#1755,#1762));
#1746 = ORIENTED_EDGE('',*,*,#1731,.T.);
#1747 = ORIENTED_EDGE('',*,*,#1748,.T.);
#1748 = EDGE_CURVE('',#1724,#1749,#1751,.T.);
#1749 = VERTEX_POINT('',#1750);
#1750 = CARTESIAN_POINT('',(401.04166666666,53.031969244055,0.));
#1751 = LINE('',#1752,#1753);
#1752 = CARTESIAN_POINT('',(395.3125,52.627958525879,0.));
#1753 = VECTOR('',#1754,1.);
#1754 = DIRECTION('',(0.9975228244,7.034354839552E-02,0.));
#1755 = ORIENTED_EDGE('',*,*,#1756,.F.);
#1756 = EDGE_CURVE('',#1749,#1749,#1757,.T.);
#1757 = CIRCLE('',#1758,53.031969244055);
#1758 = AXIS2_PLACEMENT_3D('',#1759,#1760,#1761);
#1759 = CARTESIAN_POINT('',(401.04166666666,0.,0.));
#1760 = DIRECTION('',(1.,0.,0.));
#1761 = DIRECTION('',(0.,1.,0.));
#1762 = ORIENTED_EDGE('',*,*,#1748,.F.);
#1763 = CONICAL_SURFACE('',#1764,52.627958525879,7.04016904514E-02);
#1764 = AXIS2_PLACEMENT_3D('',#1765,#1766,#1767);
#1765 = CARTESIAN_POINT('',(395.3125,0.,0.));
#1766 = DIRECTION('',(1.,0.,0.));
#1767 = DIRECTION('',(0.,1.,0.));
#1768 = ADVANCED_FACE('',(#1769),#1788,.T.);
#1769 = FACE_BOUND('',#1770,.T.);
#1770 = EDGE_LOOP('',(#1771,#1772,#1780,#1787));
#1771 = ORIENTED_EDGE('',*,*,#1756,.T.);
#1772 = ORIENTED_EDGE('',*,*,#1773,.T.);
#1773 = EDGE_CURVE('',#1749,#1774,#1776,.T.);
#1774 = VERTEX_POINT('',#1775);
#1775 = CARTESIAN_POINT('',(406.77083333333,53.428124163865,0.));
#1776 = LINE('',#1777,#1778);
#1777 = CARTESIAN_POINT('',(401.04166666666,53.031969244055,0.));
#1778 = VECTOR('',#1779,1.);
#1779 = DIRECTION('',(0.997617882235,6.898232415495E-02,0.));
#1780 = ORIENTED_EDGE('',*,*,#1781,.F.);
#1781 = EDGE_CURVE('',#1774,#1774,#1782,.T.);
#1782 = CIRCLE('',#1783,53.428124163865);
#1783 = AXIS2_PLACEMENT_3D('',#1784,#1785,#1786);
#1784 = CARTESIAN_POINT('',(406.77083333333,0.,0.));
#1785 = DIRECTION('',(1.,0.,0.));
#1786 = DIRECTION('',(0.,1.,0.));
#1787 = ORIENTED_EDGE('',*,*,#1773,.F.);
#1788 = CONICAL_SURFACE('',#1789,53.031969244055,6.903715107346E-02);
#1789 = AXIS2_PLACEMENT_3D('',#1790,#1791,#1792);
#1790 = CARTESIAN_POINT('',(401.04166666666,0.,0.));
#1791 = DIRECTION('',(1.,0.,0.));
#1792 = DIRECTION('',(0.,1.,0.));
#1793 = ADVANCED_FACE('',(#1794),#1813,.T.);
#1794 = FACE_BOUND('',#1795,.T.);
#1795 = EDGE_LOOP('',(#1796,#1797,#1805,#1812));
#1796 = ORIENTED_EDGE('',*,*,#1781,.T.);
#1797 = ORIENTED_EDGE('',*,*,#1798,.T.);
#1798 = EDGE_CURVE('',#1774,#1799,#1801,.T.);
#1799 = VERTEX_POINT('',#1800);
#1800 = CARTESIAN_POINT('',(412.5,53.816317282769,0.));
#1801 = LINE('',#1802,#1803);
#1802 = CARTESIAN_POINT('',(406.77083333333,53.428124163865,0.));
#1803 = VECTOR('',#1804,1.);
#1804 = DIRECTION('',(0.9977123452,6.760233897639E-02,0.));
#1805 = ORIENTED_EDGE('',*,*,#1806,.F.);
#1806 = EDGE_CURVE('',#1799,#1799,#1807,.T.);
#1807 = CIRCLE('',#1808,53.816317282769);
#1808 = AXIS2_PLACEMENT_3D('',#1809,#1810,#1811);
#1809 = CARTESIAN_POINT('',(412.5,0.,0.));
#1810 = DIRECTION('',(1.,0.,0.));
#1811 = DIRECTION('',(0.,1.,0.));
#1812 = ORIENTED_EDGE('',*,*,#1798,.F.);
#1813 = CONICAL_SURFACE('',#1814,53.428124163865,6.765393646612E-02);
#1814 = AXIS2_PLACEMENT_3D('',#1815,#1816,#1817);
#1815 = CARTESIAN_POINT('',(406.77083333333,0.,0.));
#1816 = DIRECTION('',(1.,0.,0.));
#1817 = DIRECTION('',(0.,1.,0.));
#1818 = ADVANCED_FACE('',(#1819),#1838,.T.);
#1819 = FACE_BOUND('',#1820,.T.);
#1820 = EDGE_LOOP('',(#1821,#1822,#1830,#1837));
#1821 = ORIENTED_EDGE('',*,*,#1806,.T.);
#1822 = ORIENTED_EDGE('',*,*,#1823,.T.);
#1823 = EDGE_CURVE('',#1799,#1824,#1826,.T.);
#1824 = VERTEX_POINT('',#1825);
#1825 = CARTESIAN_POINT('',(418.22916666666,54.196431140037,0.));
#1826 = LINE('',#1827,#1828);
#1827 = CARTESIAN_POINT('',(412.5,53.816317282769,0.));
#1828 = VECTOR('',#1829,1.);
#1829 = DIRECTION('',(0.997806267972,6.62015981368E-02,0.));
#1830 = ORIENTED_EDGE('',*,*,#1831,.F.);
#1831 = EDGE_CURVE('',#1824,#1824,#1832,.T.);
#1832 = CIRCLE('',#1833,54.196431140037);
#1833 = AXIS2_PLACEMENT_3D('',#1834,#1835,#1836);
#1834 = CARTESIAN_POINT('',(418.22916666666,0.,0.));
#1835 = DIRECTION('',(1.,0.,0.));
#1836 = DIRECTION('',(0.,1.,0.));
#1837 = ORIENTED_EDGE('',*,*,#1823,.F.);
#1838 = CONICAL_SURFACE('',#1839,53.816317282769,6.625005017783E-02);
#1839 = AXIS2_PLACEMENT_3D('',#1840,#1841,#1842);
#1840 = CARTESIAN_POINT('',(412.5,0.,0.));
#1841 = DIRECTION('',(1.,0.,0.));
#1842 = DIRECTION('',(0.,1.,0.));
#1843 = ADVANCED_FACE('',(#1844),#1863,.T.);
#1844 = FACE_BOUND('',#1845,.T.);
#1845 = EDGE_LOOP('',(#1846,#1847,#1855,#1862));
#1846 = ORIENTED_EDGE('',*,*,#1831,.T.);
#1847 = ORIENTED_EDGE('',*,*,#1848,.T.);
#1848 = EDGE_CURVE('',#1824,#1849,#1851,.T.);
#1849 = VERTEX_POINT('',#1850);
#1850 = CARTESIAN_POINT('',(423.95833333333,54.568335781238,0.));
#1851 = LINE('',#1852,#1853);
#1852 = CARTESIAN_POINT('',(418.22916666666,54.196431140037,0.));
#1853 = VECTOR('',#1854,1.);
#1854 = DIRECTION('',(0.997899704563,6.477792551208E-02,0.));
#1855 = ORIENTED_EDGE('',*,*,#1856,.F.);
#1856 = EDGE_CURVE('',#1849,#1849,#1857,.T.);
#1857 = CIRCLE('',#1858,54.568335781238);
#1858 = AXIS2_PLACEMENT_3D('',#1859,#1860,#1861);
#1859 = CARTESIAN_POINT('',(423.95833333333,0.,0.));
#1860 = DIRECTION('',(1.,0.,0.));
#1861 = DIRECTION('',(0.,1.,0.));
#1862 = ORIENTED_EDGE('',*,*,#1848,.F.);
#1863 = CONICAL_SURFACE('',#1864,54.196431140037,6.482331457367E-02);
#1864 = AXIS2_PLACEMENT_3D('',#1865,#1866,#1867);
#1865 = CARTESIAN_POINT('',(418.22916666666,0.,0.));
#1866 = DIRECTION('',(1.,0.,0.));
#1867 = DIRECTION('',(0.,1.,0.));
#1868 = ADVANCED_FACE('',(#1869),#1888,.T.);
#1869 = FACE_BOUND('',#1870,.T.);
#1870 = EDGE_LOOP('',(#1871,#1872,#1880,#1887));
#1871 = ORIENTED_EDGE('',*,*,#1856,.T.);
#1872 = ORIENTED_EDGE('',*,*,#1873,.T.);
#1873 = EDGE_CURVE('',#1849,#1874,#1876,.T.);
#1874 = VERTEX_POINT('',#1875);
#1875 = CARTESIAN_POINT('',(429.6875,54.931887547041,0.));
#1876 = LINE('',#1877,#1878);
#1877 = CARTESIAN_POINT('',(423.95833333333,54.568335781238,0.));
#1878 = VECTOR('',#1879,1.);
#1879 = DIRECTION('',(0.997992708519,6.332893290613E-02,0.));
#1880 = ORIENTED_EDGE('',*,*,#1881,.F.);
#1881 = EDGE_CURVE('',#1874,#1874,#1882,.T.);
#1882 = CIRCLE('',#1883,54.931887547041);
#1883 = AXIS2_PLACEMENT_3D('',#1884,#1885,#1886);
#1884 = CARTESIAN_POINT('',(429.6875,0.,0.));
#1885 = DIRECTION('',(1.,0.,0.));
#1886 = DIRECTION('',(0.,1.,0.));
#1887 = ORIENTED_EDGE('',*,*,#1873,.F.);
#1888 = CONICAL_SURFACE('',#1889,54.568335781238,6.337134016675E-02);
#1889 = AXIS2_PLACEMENT_3D('',#1890,#1891,#1892);
#1890 = CARTESIAN_POINT('',(423.95833333333,0.,0.));
#1891 = DIRECTION('',(1.,0.,0.));
#1892 = DIRECTION('',(0.,1.,0.));
#1893 = ADVANCED_FACE('',(#1894),#1913,.T.);
#1894 = FACE_BOUND('',#1895,.T.);
#1895 = EDGE_LOOP('',(#1896,#1897,#1905,#1912));
#1896 = ORIENTED_EDGE('',*,*,#1881,.T.);
#1897 = ORIENTED_EDGE('',*,*,#1898,.T.);
#1898 = EDGE_CURVE('',#1874,#1899,#1901,.T.);
#1899 = VERTEX_POINT('',#1900);
#1900 = CARTESIAN_POINT('',(435.41666666666,55.286927650212,0.));
#1901 = LINE('',#1902,#1903);
#1902 = CARTESIAN_POINT('',(429.6875,54.931887547041,0.));
#1903 = VECTOR('',#1904,1.);
#1904 = DIRECTION('',(0.998085333121,6.185198306524E-02,0.));
#1905 = ORIENTED_EDGE('',*,*,#1906,.F.);
#1906 = EDGE_CURVE('',#1899,#1899,#1907,.T.);
#1907 = CIRCLE('',#1908,55.286927650212);
#1908 = AXIS2_PLACEMENT_3D('',#1909,#1910,#1911);
#1909 = CARTESIAN_POINT('',(435.41666666666,0.,0.));
#1910 = DIRECTION('',(1.,0.,0.));
#1911 = DIRECTION('',(0.,1.,0.));
#1912 = ORIENTED_EDGE('',*,*,#1898,.F.);
#1913 = CONICAL_SURFACE('',#1914,54.931887547041,6.189148863736E-02);
#1914 = AXIS2_PLACEMENT_3D('',#1915,#1916,#1917);
#1915 = CARTESIAN_POINT('',(429.6875,0.,0.));
#1916 = DIRECTION('',(1.,0.,0.));
#1917 = DIRECTION('',(0.,1.,0.));
#1918 = ADVANCED_FACE('',(#1919),#1938,.T.);
#1919 = FACE_BOUND('',#1920,.T.);
#1920 = EDGE_LOOP('',(#1921,#1922,#1930,#1937));
#1921 = ORIENTED_EDGE('',*,*,#1906,.T.);
#1922 = ORIENTED_EDGE('',*,*,#1923,.T.);
#1923 = EDGE_CURVE('',#1899,#1924,#1926,.T.);
#1924 = VERTEX_POINT('',#1925);
#1925 = CARTESIAN_POINT('',(441.14583333333,55.633280494764,0.));
#1926 = LINE('',#1927,#1928);
#1927 = CARTESIAN_POINT('',(435.41666666666,55.286927650212,0.));
#1928 = VECTOR('',#1929,1.);
#1929 = DIRECTION('',(0.99817763159,6.034414465205E-02,0.));
#1930 = ORIENTED_EDGE('',*,*,#1931,.F.);
#1931 = EDGE_CURVE('',#1924,#1924,#1932,.T.);
#1932 = CIRCLE('',#1933,55.633280494764);
#1933 = AXIS2_PLACEMENT_3D('',#1934,#1935,#1936);
#1934 = CARTESIAN_POINT('',(441.14583333333,0.,0.));
#1935 = DIRECTION('',(1.,0.,0.));
#1936 = DIRECTION('',(0.,1.,0.));
#1937 = ORIENTED_EDGE('',*,*,#1923,.F.);
#1938 = CONICAL_SURFACE('',#1939,55.286927650212,6.038082781452E-02);
#1939 = AXIS2_PLACEMENT_3D('',#1940,#1941,#1942);
#1940 = CARTESIAN_POINT('',(435.41666666666,0.,0.));
#1941 = DIRECTION('',(1.,0.,0.));
#1942 = DIRECTION('',(0.,1.,0.));
#1943 = ADVANCED_FACE('',(#1944),#1963,.T.);
#1944 = FACE_BOUND('',#1945,.T.);
#1945 = EDGE_LOOP('',(#1946,#1947,#1955,#1962));
#1946 = ORIENTED_EDGE('',*,*,#1931,.T.);
#1947 = ORIENTED_EDGE('',*,*,#1948,.T.);
#1948 = EDGE_CURVE('',#1924,#1949,#1951,.T.);
#1949 = VERTEX_POINT('',#1950);
#1950 = CARTESIAN_POINT('',(446.875,55.97075167806,0.));
#1951 = LINE('',#1952,#1953);
#1952 = CARTESIAN_POINT('',(441.14583333333,55.633280494764,0.));
#1953 = VECTOR('',#1954,1.);
#1954 = DIRECTION('',(0.998269657307,5.880213687274E-02,0.));
#1955 = ORIENTED_EDGE('',*,*,#1956,.F.);
#1956 = EDGE_CURVE('',#1949,#1949,#1957,.T.);
#1957 = CIRCLE('',#1958,55.97075167806);
#1958 = AXIS2_PLACEMENT_3D('',#1959,#1960,#1961);
#1959 = CARTESIAN_POINT('',(446.875,0.,0.));
#1960 = DIRECTION('',(1.,0.,0.));
#1961 = DIRECTION('',(0.,1.,0.));
#1962 = ORIENTED_EDGE('',*,*,#1948,.F.);
#1963 = CONICAL_SURFACE('',#1964,55.633280494764,5.883607631395E-02);
#1964 = AXIS2_PLACEMENT_3D('',#1965,#1966,#1967);
#1965 = CARTESIAN_POINT('',(441.14583333333,0.,0.));
#1966 = DIRECTION('',(1.,0.,0.));
#1967 = DIRECTION('',(0.,1.,0.));
#1968 = ADVANCED_FACE('',(#1969),#1988,.T.);
#1969 = FACE_BOUND('',#1970,.T.);
#1970 = EDGE_LOOP('',(#1971,#1972,#1980,#1987));
#1971 = ORIENTED_EDGE('',*,*,#1956,.T.);
#1972 = ORIENTED_EDGE('',*,*,#1973,.T.);
#1973 = EDGE_CURVE('',#1949,#1974,#1976,.T.);
#1974 = VERTEX_POINT('',#1975);
#1975 = CARTESIAN_POINT('',(452.60416666666,56.299125598732,0.));
#1976 = LINE('',#1977,#1978);
#1977 = CARTESIAN_POINT('',(446.875,55.97075167806,0.));
#1978 = VECTOR('',#1979,1.);
#1979 = DIRECTION('',(0.998361464044,5.72222606306E-02,0.));
#1980 = ORIENTED_EDGE('',*,*,#1981,.F.);
#1981 = EDGE_CURVE('',#1974,#1974,#1982,.T.);
#1982 = CIRCLE('',#1983,56.299125598732);
#1983 = AXIS2_PLACEMENT_3D('',#1984,#1985,#1986);
#1984 = CARTESIAN_POINT('',(452.60416666666,0.,0.));
#1985 = DIRECTION('',(1.,0.,0.));
#1986 = DIRECTION('',(0.,1.,0.));
#1987 = ORIENTED_EDGE('',*,*,#1973,.F.);
#1988 = CONICAL_SURFACE('',#1989,55.97075167806,5.725353470621E-02);
#1989 = AXIS2_PLACEMENT_3D('',#1990,#1991,#1992);
#1990 = CARTESIAN_POINT('',(446.875,0.,0.));
#1991 = DIRECTION('',(1.,0.,0.));
#1992 = DIRECTION('',(0.,1.,0.));
#1993 = ADVANCED_FACE('',(#1994),#2013,.T.);
#1994 = FACE_BOUND('',#1995,.T.);
#1995 = EDGE_LOOP('',(#1996,#1997,#2005,#2012));
#1996 = ORIENTED_EDGE('',*,*,#1981,.T.);
#1997 = ORIENTED_EDGE('',*,*,#1998,.T.);
#1998 = EDGE_CURVE('',#1974,#1999,#2001,.T.);
#1999 = VERTEX_POINT('',#2000);
#2000 = CARTESIAN_POINT('',(458.33333333333,56.618162568643,0.));
#2001 = LINE('',#2002,#2003);
#2002 = CARTESIAN_POINT('',(452.60416666666,56.299125598732,0.));
#2003 = VECTOR('',#2004,1.);
#2004 = DIRECTION('',(0.998453106218,5.56003119021E-02,0.));
#2005 = ORIENTED_EDGE('',*,*,#2006,.F.);
#2006 = EDGE_CURVE('',#1999,#1999,#2007,.T.);
#2007 = CIRCLE('',#2008,56.618162568643);
#2008 = AXIS2_PLACEMENT_3D('',#2009,#2010,#2011);
#2009 = CARTESIAN_POINT('',(458.33333333333,0.,0.));
#2010 = DIRECTION('',(1.,0.,0.));
#2011 = DIRECTION('',(0.,1.,0.));
#2012 = ORIENTED_EDGE('',*,*,#1998,.F.);
#2013 = CONICAL_SURFACE('',#2014,56.299125598732,5.562899891211E-02);
#2014 = AXIS2_PLACEMENT_3D('',#2015,#2016,#2017);
#2015 = CARTESIAN_POINT('',(452.60416666666,0.,0.));
#2016 = DIRECTION('',(1.,0.,0.));
#2017 = DIRECTION('',(0.,1.,0.));
#2018 = ADVANCED_FACE('',(#2019),#2038,.T.);
#2019 = FACE_BOUND('',#2020,.T.);
#2020 = EDGE_LOOP('',(#2021,#2022,#2030,#2037));
#2021 = ORIENTED_EDGE('',*,*,#2006,.T.);
#2022 = ORIENTED_EDGE('',*,*,#2023,.T.);
#2023 = EDGE_CURVE('',#1999,#2024,#2026,.T.);
#2024 = VERTEX_POINT('',#2025);
#2025 = CARTESIAN_POINT('',(464.0625,56.92759529262,0.));
#2026 = LINE('',#2027,#2028);
#2027 = CARTESIAN_POINT('',(458.33333333333,56.618162568643,0.));
#2028 = VECTOR('',#2029,1.);
#2029 = DIRECTION('',(0.998544639164,5.393147130924E-02,0.));
#2030 = ORIENTED_EDGE('',*,*,#2031,.F.);
#2031 = EDGE_CURVE('',#2024,#2024,#2032,.T.);
#2032 = CIRCLE('',#2033,56.92759529262);
#2033 = AXIS2_PLACEMENT_3D('',#2034,#2035,#2036);
#2034 = CARTESIAN_POINT('',(464.0625,0.,0.));
#2035 = DIRECTION('',(1.,0.,0.));
#2036 = DIRECTION('',(0.,1.,0.));
#2037 = ORIENTED_EDGE('',*,*,#2023,.F.);
#2038 = CONICAL_SURFACE('',#2039,56.618162568643,5.395764979993E-02);
#2039 = AXIS2_PLACEMENT_3D('',#2040,#2041,#2042);
#2040 = CARTESIAN_POINT('',(458.33333333333,0.,0.));
#2041 = DIRECTION('',(1.,0.,0.));
#2042 = DIRECTION('',(0.,1.,0.));
#2043 = ADVANCED_FACE('',(#2044),#2063,.T.);
#2044 = FACE_BOUND('',#2045,.T.);
#2045 = EDGE_LOOP('',(#2046,#2047,#2055,#2062));
#2046 = ORIENTED_EDGE('',*,*,#2031,.T.);
#2047 = ORIENTED_EDGE('',*,*,#2048,.T.);
#2048 = EDGE_CURVE('',#2024,#2049,#2051,.T.);
#2049 = VERTEX_POINT('',#2050);
#2050 = CARTESIAN_POINT('',(469.79166666666,57.227124530447,0.));
#2051 = LINE('',#2052,#2053);
#2052 = CARTESIAN_POINT('',(464.0625,56.92759529262,0.));
#2053 = VECTOR('',#2054,1.);
#2054 = DIRECTION('',(0.998636119444,5.221016128991E-02,0.));
#2055 = ORIENTED_EDGE('',*,*,#2056,.F.);
#2056 = EDGE_CURVE('',#2049,#2049,#2057,.T.);
#2057 = CIRCLE('',#2058,57.227124530447);
#2058 = AXIS2_PLACEMENT_3D('',#2059,#2060,#2061);
#2059 = CARTESIAN_POINT('',(469.79166666666,0.,0.));
#2060 = DIRECTION('',(1.,0.,0.));
#2061 = DIRECTION('',(0.,1.,0.));
#2062 = ORIENTED_EDGE('',*,*,#2048,.F.);
#2063 = CONICAL_SURFACE('',#2064,56.92759529262,5.223391038806E-02);
#2064 = AXIS2_PLACEMENT_3D('',#2065,#2066,#2067);
#2065 = CARTESIAN_POINT('',(464.0625,0.,0.));
#2066 = DIRECTION('',(1.,0.,0.));
#2067 = DIRECTION('',(0.,1.,0.));
#2068 = ADVANCED_FACE('',(#2069),#2088,.T.);
#2069 = FACE_BOUND('',#2070,.T.);
#2070 = EDGE_LOOP('',(#2071,#2072,#2080,#2087));
#2071 = ORIENTED_EDGE('',*,*,#2056,.T.);
#2072 = ORIENTED_EDGE('',*,*,#2073,.T.);
#2073 = EDGE_CURVE('',#2049,#2074,#2076,.T.);
#2074 = VERTEX_POINT('',#2075);
#2075 = CARTESIAN_POINT('',(475.52083333333,57.516413683853,0.));
#2076 = LINE('',#2077,#2078);
#2077 = CARTESIAN_POINT('',(469.79166666666,57.227124530447,0.));
#2078 = VECTOR('',#2079,1.);
#2079 = DIRECTION('',(0.9987276052,5.042985833736E-02,0.));
#2080 = ORIENTED_EDGE('',*,*,#2081,.F.);
#2081 = EDGE_CURVE('',#2074,#2074,#2082,.T.);
#2082 = CIRCLE('',#2083,57.516413683853);
#2083 = AXIS2_PLACEMENT_3D('',#2084,#2085,#2086);
#2084 = CARTESIAN_POINT('',(475.52083333333,0.,0.));
#2085 = DIRECTION('',(1.,0.,0.));
#2086 = DIRECTION('',(0.,1.,0.));
#2087 = ORIENTED_EDGE('',*,*,#2073,.F.);
#2088 = CONICAL_SURFACE('',#2089,57.227124530447,5.045125812586E-02);
#2089 = AXIS2_PLACEMENT_3D('',#2090,#2091,#2092);
#2090 = CARTESIAN_POINT('',(469.79166666666,0.,0.));
#2091 = DIRECTION('',(1.,0.,0.));
#2092 = DIRECTION('',(0.,1.,0.));
#2093 = ADVANCED_FACE('',(#2094),#2113,.T.);
#2094 = FACE_BOUND('',#2095,.T.);
#2095 = EDGE_LOOP('',(#2096,#2097,#2105,#2112));
#2096 = ORIENTED_EDGE('',*,*,#2081,.T.);
#2097 = ORIENTED_EDGE('',*,*,#2098,.T.);
#2098 = EDGE_CURVE('',#2074,#2099,#2101,.T.);
#2099 = VERTEX_POINT('',#2100);
#2100 = CARTESIAN_POINT('',(481.25,57.795081944177,0.));
#2101 = LINE('',#2102,#2103);
#2102 = CARTESIAN_POINT('',(475.52083333333,57.516413683853,0.));
#2103 = VECTOR('',#2104,1.);
#2104 = DIRECTION('',(0.998819156555,4.858284161196E-02,0.));
#2105 = ORIENTED_EDGE('',*,*,#2106,.F.);
#2106 = EDGE_CURVE('',#2099,#2099,#2107,.T.);
#2107 = CIRCLE('',#2108,57.795081944177);
#2108 = AXIS2_PLACEMENT_3D('',#2109,#2110,#2111);
#2109 = CARTESIAN_POINT('',(481.25,0.,0.));
#2110 = DIRECTION('',(1.,0.,0.));
#2111 = DIRECTION('',(0.,1.,0.));
#2112 = ORIENTED_EDGE('',*,*,#2098,.F.);
#2113 = CONICAL_SURFACE('',#2114,57.516413683853,4.860197355902E-02);
#2114 = AXIS2_PLACEMENT_3D('',#2115,#2116,#2117);
#2115 = CARTESIAN_POINT('',(475.52083333333,0.,0.));
#2116 = DIRECTION('',(1.,0.,0.));
#2117 = DIRECTION('',(0.,1.,0.));
#2118 = ADVANCED_FACE('',(#2119),#2138,.T.);
#2119 = FACE_BOUND('',#2120,.T.);
#2120 = EDGE_LOOP('',(#2121,#2122,#2130,#2137));
#2121 = ORIENTED_EDGE('',*,*,#2106,.T.);
#2122 = ORIENTED_EDGE('',*,*,#2123,.T.);
#2123 = EDGE_CURVE('',#2099,#2124,#2126,.T.);
#2124 = VERTEX_POINT('',#2125);
#2125 = CARTESIAN_POINT('',(486.97916666666,58.062695472228,0.));
#2126 = LINE('',#2127,#2128);
#2127 = CARTESIAN_POINT('',(481.25,57.795081944177,0.));
#2128 = VECTOR('',#2129,1.);
#2129 = DIRECTION('',(0.998910836094,4.665984926074E-02,0.));
#2130 = ORIENTED_EDGE('',*,*,#2131,.F.);
#2131 = EDGE_CURVE('',#2124,#2124,#2132,.T.);
#2132 = CIRCLE('',#2133,58.062695472228);
#2133 = AXIS2_PLACEMENT_3D('',#2134,#2135,#2136);
#2134 = CARTESIAN_POINT('',(486.97916666666,0.,0.));
#2135 = DIRECTION('',(1.,0.,0.));
#2136 = DIRECTION('',(0.,1.,0.));
#2137 = ORIENTED_EDGE('',*,*,#2123,.F.);
#2138 = CONICAL_SURFACE('',#2139,57.795081944177,4.667679671894E-02);
#2139 = AXIS2_PLACEMENT_3D('',#2140,#2141,#2142);
#2140 = CARTESIAN_POINT('',(481.25,0.,0.));
#2141 = DIRECTION('',(1.,0.,0.));
#2142 = DIRECTION('',(0.,1.,0.));
#2143 = ADVANCED_FACE('',(#2144),#2163,.T.);
#2144 = FACE_BOUND('',#2145,.T.);
#2145 = EDGE_LOOP('',(#2146,#2147,#2155,#2162));
#2146 = ORIENTED_EDGE('',*,*,#2131,.T.);
#2147 = ORIENTED_EDGE('',*,*,#2148,.T.);
#2148 = EDGE_CURVE('',#2124,#2149,#2151,.T.);
#2149 = VERTEX_POINT('',#2150);
#2150 = CARTESIAN_POINT('',(492.70833333333,58.318755822256,0.));
#2151 = LINE('',#2152,#2153);
#2152 = CARTESIAN_POINT('',(486.97916666666,58.062695472228,0.));
#2153 = VECTOR('',#2154,1.);
#2154 = DIRECTION('',(0.999002709445,4.46495971129E-02,0.));
#2155 = ORIENTED_EDGE('',*,*,#2156,.F.);
#2156 = EDGE_CURVE('',#2149,#2149,#2157,.T.);
#2157 = CIRCLE('',#2158,58.318755822256);
#2158 = AXIS2_PLACEMENT_3D('',#2159,#2160,#2161);
#2159 = CARTESIAN_POINT('',(492.70833333333,0.,0.));
#2160 = DIRECTION('',(1.,0.,0.));
#2161 = DIRECTION('',(0.,1.,0.));
#2162 = ORIENTED_EDGE('',*,*,#2148,.F.);
#2163 = CONICAL_SURFACE('',#2164,58.062695472228,4.466444591033E-02);
#2164 = AXIS2_PLACEMENT_3D('',#2165,#2166,#2167);
#2165 = CARTESIAN_POINT('',(486.97916666666,0.,0.));
#2166 = DIRECTION('',(1.,0.,0.));
#2167 = DIRECTION('',(0.,1.,0.));
#2168 = ADVANCED_FACE('',(#2169),#2188,.T.);
#2169 = FACE_BOUND('',#2170,.T.);
#2170 = EDGE_LOOP('',(#2171,#2172,#2180,#2187));
#2171 = ORIENTED_EDGE('',*,*,#2156,.T.);
#2172 = ORIENTED_EDGE('',*,*,#2173,.T.);
#2173 = EDGE_CURVE('',#2149,#2174,#2176,.T.);
#2174 = VERTEX_POINT('',#2175);
#2175 = CARTESIAN_POINT('',(498.4375,58.562684396306,0.));
#2176 = LINE('',#2177,#2178);
#2177 = CARTESIAN_POINT('',(492.70833333333,58.318755822256,0.));
#2178 = VECTOR('',#2179,1.);
#2179 = DIRECTION('',(0.999094845992,4.253808543247E-02,0.));
#2180 = ORIENTED_EDGE('',*,*,#2181,.F.);
#2181 = EDGE_CURVE('',#2174,#2174,#2182,.T.);
#2182 = CIRCLE('',#2183,58.562684396306);
#2183 = AXIS2_PLACEMENT_3D('',#2184,#2185,#2186);
#2184 = CARTESIAN_POINT('',(498.4375,0.,0.));
#2185 = DIRECTION('',(1.,0.,0.));
#2186 = DIRECTION('',(0.,1.,0.));
#2187 = ORIENTED_EDGE('',*,*,#2173,.F.);
#2188 = CONICAL_SURFACE('',#2189,58.318755822256,4.255092458733E-02);
#2189 = AXIS2_PLACEMENT_3D('',#2190,#2191,#2192);
#2190 = CARTESIAN_POINT('',(492.70833333333,0.,0.));
#2191 = DIRECTION('',(1.,0.,0.));
#2192 = DIRECTION('',(0.,1.,0.));
#2193 = ADVANCED_FACE('',(#2194),#2213,.T.);
#2194 = FACE_BOUND('',#2195,.T.);
#2195 = EDGE_LOOP('',(#2196,#2197,#2205,#2212));
#2196 = ORIENTED_EDGE('',*,*,#2181,.T.);
#2197 = ORIENTED_EDGE('',*,*,#2198,.T.);
#2198 = EDGE_CURVE('',#2174,#2199,#2201,.T.);
#2199 = VERTEX_POINT('',#2200);
#2200 = CARTESIAN_POINT('',(504.16666666666,58.793800987245,0.));
#2201 = LINE('',#2202,#2203);
#2202 = CARTESIAN_POINT('',(498.4375,58.562684396306,0.));
#2203 = VECTOR('',#2204,1.);
#2204 = DIRECTION('',(0.999187319812,4.030756661481E-02,0.));
#2205 = ORIENTED_EDGE('',*,*,#2206,.F.);
#2206 = EDGE_CURVE('',#2199,#2199,#2207,.T.);
#2207 = CIRCLE('',#2208,58.793800987245);
#2208 = AXIS2_PLACEMENT_3D('',#2209,#2210,#2211);
#2209 = CARTESIAN_POINT('',(504.16666666666,0.,0.));
#2210 = DIRECTION('',(1.,0.,0.));
#2211 = DIRECTION('',(0.,1.,0.));
#2212 = ORIENTED_EDGE('',*,*,#2198,.F.);
#2213 = CONICAL_SURFACE('',#2214,58.562684396306,4.031848921913E-02);
#2214 = AXIS2_PLACEMENT_3D('',#2215,#2216,#2217);
#2215 = CARTESIAN_POINT('',(498.4375,0.,0.));
#2216 = DIRECTION('',(1.,0.,0.));
#2217 = DIRECTION('',(0.,1.,0.));
#2218 = ADVANCED_FACE('',(#2219),#2238,.T.);
#2219 = FACE_BOUND('',#2220,.T.);
#2220 = EDGE_LOOP('',(#2221,#2222,#2230,#2237));
#2221 = ORIENTED_EDGE('',*,*,#2206,.T.);
#2222 = ORIENTED_EDGE('',*,*,#2223,.T.);
#2223 = EDGE_CURVE('',#2199,#2224,#2226,.T.);
#2224 = VERTEX_POINT('',#2225);
#2225 = CARTESIAN_POINT('',(509.89583333333,59.011293158868,0.));
#2226 = LINE('',#2227,#2228);
#2227 = CARTESIAN_POINT('',(504.16666666666,58.793800987245,0.));
#2228 = VECTOR('',#2229,1.);
#2229 = DIRECTION('',(0.999280210921,3.79349451286E-02,0.));
#2230 = ORIENTED_EDGE('',*,*,#2231,.F.);
#2231 = EDGE_CURVE('',#2224,#2224,#2232,.T.);
#2232 = CIRCLE('',#2233,59.011293158868);
#2233 = AXIS2_PLACEMENT_3D('',#2234,#2235,#2236);
#2234 = CARTESIAN_POINT('',(509.89583333333,0.,0.));
#2235 = DIRECTION('',(1.,0.,0.));
#2236 = DIRECTION('',(0.,1.,0.));
#2237 = ORIENTED_EDGE('',*,*,#2223,.F.);
#2238 = CONICAL_SURFACE('',#2239,58.793800987245,3.794404946968E-02);
#2239 = AXIS2_PLACEMENT_3D('',#2240,#2241,#2242);
#2240 = CARTESIAN_POINT('',(504.16666666666,0.,0.));
#2241 = DIRECTION('',(1.,0.,0.));
#2242 = DIRECTION('',(0.,1.,0.));
#2243 = ADVANCED_FACE('',(#2244),#2263,.T.);
#2244 = FACE_BOUND('',#2245,.T.);
#2245 = EDGE_LOOP('',(#2246,#2247,#2255,#2262));
#2246 = ORIENTED_EDGE('',*,*,#2231,.T.);
#2247 = ORIENTED_EDGE('',*,*,#2248,.T.);
#2248 = EDGE_CURVE('',#2224,#2249,#2251,.T.);
#2249 = VERTEX_POINT('',#2250);
#2250 = CARTESIAN_POINT('',(515.625,59.214170704834,0.));
#2251 = LINE('',#2252,#2253);
#2252 = CARTESIAN_POINT('',(509.89583333333,59.011293158868,0.));
#2253 = VECTOR('',#2254,1.);
#2254 = DIRECTION('',(0.999373607067,3.538917205623E-02,0.));
#2255 = ORIENTED_EDGE('',*,*,#2256,.F.);
#2256 = EDGE_CURVE('',#2249,#2249,#2257,.T.);
#2257 = CIRCLE('',#2258,59.214170704834);
#2258 = AXIS2_PLACEMENT_3D('',#2259,#2260,#2261);
#2259 = CARTESIAN_POINT('',(515.625,0.,0.));
#2260 = DIRECTION('',(1.,0.,0.));
#2261 = DIRECTION('',(0.,1.,0.));
#2262 = ORIENTED_EDGE('',*,*,#2248,.F.);
#2263 = CONICAL_SURFACE('',#2264,59.011293158868,3.53965630839E-02);
#2264 = AXIS2_PLACEMENT_3D('',#2265,#2266,#2267);
#2265 = CARTESIAN_POINT('',(509.89583333333,0.,0.));
#2266 = DIRECTION('',(1.,0.,0.));
#2267 = DIRECTION('',(0.,1.,0.));
#2268 = ADVANCED_FACE('',(#2269),#2288,.T.);
#2269 = FACE_BOUND('',#2270,.T.);
#2270 = EDGE_LOOP('',(#2271,#2272,#2280,#2287));
#2271 = ORIENTED_EDGE('',*,*,#2256,.T.);
#2272 = ORIENTED_EDGE('',*,*,#2273,.T.);
#2273 = EDGE_CURVE('',#2249,#2274,#2276,.T.);
#2274 = VERTEX_POINT('',#2275);
#2275 = CARTESIAN_POINT('',(521.35416666666,59.401194246753,0.));
#2276 = LINE('',#2277,#2278);
#2277 = CARTESIAN_POINT('',(515.625,59.214170704834,0.));
#2278 = VECTOR('',#2279,1.);
#2279 = DIRECTION('',(0.999467606536,3.262672962457E-02,0.));
#2280 = ORIENTED_EDGE('',*,*,#2281,.F.);
#2281 = EDGE_CURVE('',#2274,#2274,#2282,.T.);
#2282 = CIRCLE('',#2283,59.401194246753);
#2283 = AXIS2_PLACEMENT_3D('',#2284,#2285,#2286);
#2284 = CARTESIAN_POINT('',(521.35416666666,0.,0.));
#2285 = DIRECTION('',(1.,0.,0.));
#2286 = DIRECTION('',(0.,1.,0.));
#2287 = ORIENTED_EDGE('',*,*,#2273,.F.);
#2288 = CONICAL_SURFACE('',#2289,59.214170704834,3.263252094376E-02);
#2289 = AXIS2_PLACEMENT_3D('',#2290,#2291,#2292);
#2290 = CARTESIAN_POINT('',(515.625,0.,0.));
#2291 = DIRECTION('',(1.,0.,0.));
#2292 = DIRECTION('',(0.,1.,0.));
#2293 = ADVANCED_FACE('',(#2294),#2313,.T.);
#2294 = FACE_BOUND('',#2295,.T.);
#2295 = EDGE_LOOP('',(#2296,#2297,#2305,#2312));
#2296 = ORIENTED_EDGE('',*,*,#2281,.T.);
#2297 = ORIENTED_EDGE('',*,*,#2298,.T.);
#2298 = EDGE_CURVE('',#2274,#2299,#2301,.T.);
#2299 = VERTEX_POINT('',#2300);
#2300 = CARTESIAN_POINT('',(527.08333333333,59.570755199696,0.));
#2301 = LINE('',#2302,#2303);
#2302 = CARTESIAN_POINT('',(521.35416666666,59.401194246753,0.));
#2303 = VECTOR('',#2304,1.);
#2304 = DIRECTION('',(0.999562323131,2.958314007903E-02,0.));
#2305 = ORIENTED_EDGE('',*,*,#2306,.F.);
#2306 = EDGE_CURVE('',#2299,#2299,#2307,.T.);
#2307 = CIRCLE('',#2308,59.570755199696);
#2308 = AXIS2_PLACEMENT_3D('',#2309,#2310,#2311);
#2309 = CARTESIAN_POINT('',(527.08333333333,0.,0.));
#2310 = DIRECTION('',(1.,0.,0.));
#2311 = DIRECTION('',(0.,1.,0.));
#2312 = ORIENTED_EDGE('',*,*,#2298,.F.);
#2313 = CONICAL_SURFACE('',#2314,59.401194246753,2.958745678681E-02);
#2314 = AXIS2_PLACEMENT_3D('',#2315,#2316,#2317);
#2315 = CARTESIAN_POINT('',(521.35416666666,0.,0.));
#2316 = DIRECTION('',(1.,0.,0.));
#2317 = DIRECTION('',(0.,1.,0.));
#2318 = ADVANCED_FACE('',(#2319),#2338,.T.);
#2319 = FACE_BOUND('',#2320,.T.);
#2320 = EDGE_LOOP('',(#2321,#2322,#2330,#2337));
#2321 = ORIENTED_EDGE('',*,*,#2306,.T.);
#2322 = ORIENTED_EDGE('',*,*,#2323,.T.);
#2323 = EDGE_CURVE('',#2299,#2324,#2326,.T.);
#2324 = VERTEX_POINT('',#2325);
#2325 = CARTESIAN_POINT('',(532.8125,59.720653409806,0.));
#2326 = LINE('',#2327,#2328);
#2327 = CARTESIAN_POINT('',(527.08333333333,59.570755199696,0.));
#2328 = VECTOR('',#2329,1.);
#2329 = DIRECTION('',(0.999657896844,2.615510041468E-02,0.));
#2330 = ORIENTED_EDGE('',*,*,#2331,.F.);
#2331 = EDGE_CURVE('',#2324,#2324,#2332,.T.);
#2332 = CIRCLE('',#2333,59.720653409806);
#2333 = AXIS2_PLACEMENT_3D('',#2334,#2335,#2336);
#2334 = CARTESIAN_POINT('',(532.8125,0.,0.));
#2335 = DIRECTION('',(1.,0.,0.));
#2336 = DIRECTION('',(0.,1.,0.));
#2337 = ORIENTED_EDGE('',*,*,#2323,.F.);
#2338 = CONICAL_SURFACE('',#2339,59.570755199696,2.615808340368E-02);
#2339 = AXIS2_PLACEMENT_3D('',#2340,#2341,#2342);
#2340 = CARTESIAN_POINT('',(527.08333333333,0.,0.));
#2341 = DIRECTION('',(1.,0.,0.));
#2342 = DIRECTION('',(0.,1.,0.));
#2343 = ADVANCED_FACE('',(#2344),#2363,.T.);
#2344 = FACE_BOUND('',#2345,.T.);
#2345 = EDGE_LOOP('',(#2346,#2347,#2355,#2362));
#2346 = ORIENTED_EDGE('',*,*,#2331,.T.);
#2347 = ORIENTED_EDGE('',*,*,#2348,.T.);
#2348 = EDGE_CURVE('',#2324,#2349,#2351,.T.);
#2349 = VERTEX_POINT('',#2350);
#2350 = CARTESIAN_POINT('',(538.54166666666,59.847620346558,0.));
#2351 = LINE('',#2352,#2353);
#2352 = CARTESIAN_POINT('',(532.8125,59.720653409806,0.));
#2353 = VECTOR('',#2354,1.);
#2354 = DIRECTION('',(0.999754524339,2.215606157832E-02,0.));
#2355 = ORIENTED_EDGE('',*,*,#2356,.F.);
#2356 = EDGE_CURVE('',#2349,#2349,#2357,.T.);
#2357 = CIRCLE('',#2358,59.847620346558);
#2358 = AXIS2_PLACEMENT_3D('',#2359,#2360,#2361);
#2359 = CARTESIAN_POINT('',(538.54166666666,0.,0.));
#2360 = DIRECTION('',(1.,0.,0.));
#2361 = DIRECTION('',(0.,1.,0.));
#2362 = ORIENTED_EDGE('',*,*,#2348,.F.);
#2363 = CONICAL_SURFACE('',#2364,59.720653409806,2.215787468097E-02);
#2364 = AXIS2_PLACEMENT_3D('',#2365,#2366,#2367);
#2365 = CARTESIAN_POINT('',(532.8125,0.,0.));
#2366 = DIRECTION('',(1.,0.,0.));
#2367 = DIRECTION('',(0.,1.,0.));
#2368 = ADVANCED_FACE('',(#2369),#2388,.T.);
#2369 = FACE_BOUND('',#2370,.T.);
#2370 = EDGE_LOOP('',(#2371,#2372,#2380,#2387));
#2371 = ORIENTED_EDGE('',*,*,#2356,.T.);
#2372 = ORIENTED_EDGE('',*,*,#2373,.T.);
#2373 = EDGE_CURVE('',#2349,#2374,#2376,.T.);
#2374 = VERTEX_POINT('',#2375);
#2375 = CARTESIAN_POINT('',(544.27083333333,59.94599960951,0.));
#2376 = LINE('',#2377,#2378);
#2377 = CARTESIAN_POINT('',(538.54166666666,59.847620346558,0.));
#2378 = VECTOR('',#2379,1.);
#2379 = DIRECTION('',(0.99985259976,1.716912206406E-02,0.));
#2380 = ORIENTED_EDGE('',*,*,#2381,.F.);
#2381 = EDGE_CURVE('',#2374,#2374,#2382,.T.);
#2382 = CIRCLE('',#2383,59.94599960951);
#2383 = AXIS2_PLACEMENT_3D('',#2384,#2385,#2386);
#2384 = CARTESIAN_POINT('',(544.27083333333,0.,0.));
#2385 = DIRECTION('',(1.,0.,0.));
#2386 = DIRECTION('',(0.,1.,0.));
#2387 = ORIENTED_EDGE('',*,*,#2373,.F.);
#2388 = CONICAL_SURFACE('',#2389,59.847620346558,1.716996569137E-02);
#2389 = AXIS2_PLACEMENT_3D('',#2390,#2391,#2392);
#2390 = CARTESIAN_POINT('',(538.54166666666,0.,0.));
#2391 = DIRECTION('',(1.,0.,0.));
#2392 = DIRECTION('',(0.,1.,0.));
#2393 = ADVANCED_FACE('',(#2394),#2413,.T.);
#2394 = FACE_BOUND('',#2395,.T.);
#2395 = EDGE_LOOP('',(#2396,#2397,#2405,#2412));
#2396 = ORIENTED_EDGE('',*,*,#2381,.T.);
#2397 = ORIENTED_EDGE('',*,*,#2398,.T.);
#2398 = EDGE_CURVE('',#2374,#2399,#2401,.T.);
#2399 = VERTEX_POINT('',#2400);
#2400 = CARTESIAN_POINT('',(550.,60.,0.));
#2401 = LINE('',#2402,#2403);
#2402 = CARTESIAN_POINT('',(544.27083333333,59.94599960951,0.));
#2403 = VECTOR('',#2404,1.);
#2404 = DIRECTION('',(0.99995558272,9.425104047615E-03,0.));
#2405 = ORIENTED_EDGE('',*,*,#2406,.F.);
#2406 = EDGE_CURVE('',#2399,#2399,#2407,.T.);
#2407 = CIRCLE('',#2408,60.);
#2408 = AXIS2_PLACEMENT_3D('',#2409,#2410,#2411);
#2409 = CARTESIAN_POINT('',(550.,0.,0.));
#2410 = DIRECTION('',(1.,0.,0.));
#2411 = DIRECTION('',(0.,1.,0.));
#2412 = ORIENTED_EDGE('',*,*,#2398,.F.);
#2413 = CONICAL_SURFACE('',#2414,59.94599960951,9.425243595922E-03);
#2414 = AXIS2_PLACEMENT_3D('',#2415,#2416,#2417);
#2415 = CARTESIAN_POINT('',(544.27083333333,0.,0.));
#2416 = DIRECTION('',(1.,0.,0.));
#2417 = DIRECTION('',(0.,1.,0.));
#2418 = ADVANCED_FACE('',(#2419,#2422),#2433,.T.);
#2419 = FACE_BOUND('',#2420,.T.);
#2420 = EDGE_LOOP('',(#2421));
#2421 = ORIENTED_EDGE('',*,*,#2406,.T.);
#2422 = FACE_BOUND('',#2423,.T.);
#2423 = EDGE_LOOP('',(#2424));
#2424 = ORIENTED_EDGE('',*,*,#2425,.F.);
#2425 = EDGE_CURVE('',#2426,#2426,#2428,.T.);
#2426 = VERTEX_POINT('',#2427);
#2427 = CARTESIAN_POINT('',(550.,58.5,0.));
#2428 = CIRCLE('',#2429,58.5);
#2429 = AXIS2_PLACEMENT_3D('',#2430,#2431,#2432);
#2430 = CARTESIAN_POINT('',(550.,0.,0.));
#2431 = DIRECTION('',(1.,0.,0.));
#2432 = DIRECTION('',(0.,1.,0.));
#2433 = PLANE('',#2434);
#2434 = AXIS2_PLACEMENT_3D('',#2435,#2436,#2437);
#2435 = CARTESIAN_POINT('',(550.,0.,0.));
#2436 = DIRECTION('',(1.,0.,0.));
#2437 = DIRECTION('',(0.,1.,0.));
#2438 = ADVANCED_FACE('',(#2439),#2458,.F.);
#2439 = FACE_BOUND('',#2440,.F.);
#2440 = EDGE_LOOP('',(#2441,#2449,#2456,#2457));
#2441 = ORIENTED_EDGE('',*,*,#2442,.F.);
#2442 = EDGE_CURVE('',#2443,#2426,#2445,.T.);
#2443 = VERTEX_POINT('',#2444);
#2444 = CARTESIAN_POINT('',(544.28645833333,58.446220006821,0.));
#2445 = LINE('',#2446,#2447);
#2446 = CARTESIAN_POINT('',(544.28645833333,58.446220006821,0.));
#2447 = VECTOR('',#2448,1.);
#2448 = DIRECTION('',(0.999955703253,9.412307468425E-03,0.));
#2449 = ORIENTED_EDGE('',*,*,#2450,.T.);
#2450 = EDGE_CURVE('',#2443,#2443,#2451,.T.);
#2451 = CIRCLE('',#2452,58.446220006821);
#2452 = AXIS2_PLACEMENT_3D('',#2453,#2454,#2455);
#2453 = CARTESIAN_POINT('',(544.28645833333,0.,0.));
#2454 = DIRECTION('',(1.,0.,0.));
#2455 = DIRECTION('',(0.,1.,0.));
#2456 = ORIENTED_EDGE('',*,*,#2442,.T.);
#2457 = ORIENTED_EDGE('',*,*,#2425,.F.);
#2458 = CONICAL_SURFACE('',#2459,58.446220006821,9.412446449089E-03);
#2459 = AXIS2_PLACEMENT_3D('',#2460,#2461,#2462);
#2460 = CARTESIAN_POINT('',(544.28645833333,0.,0.));
#2461 = DIRECTION('',(1.,0.,0.));
#2462 = DIRECTION('',(0.,1.,0.));
#2463 = ADVANCED_FACE('',(#2464),#2483,.F.);
#2464 = FACE_BOUND('',#2465,.F.);
#2465 = EDGE_LOOP('',(#2466,#2475,#2481,#2482));
#2466 = ORIENTED_EDGE('',*,*,#2467,.T.);
#2467 = EDGE_CURVE('',#2468,#2468,#2470,.T.);
#2468 = VERTEX_POINT('',#2469);
#2469 = CARTESIAN_POINT('',(538.57291666666,58.348241456464,0.));
#2470 = CIRCLE('',#2471,58.348241456464);
#2471 = AXIS2_PLACEMENT_3D('',#2472,#2473,#2474);
#2472 = CARTESIAN_POINT('',(538.57291666666,0.,0.));
#2473 = DIRECTION('',(1.,0.,0.));
#2474 = DIRECTION('',(0.,1.,0.));
#2475 = ORIENTED_EDGE('',*,*,#2476,.T.);
#2476 = EDGE_CURVE('',#2468,#2443,#2477,.T.);
#2477 = LINE('',#2478,#2479);
#2478 = CARTESIAN_POINT('',(538.57291666666,58.348241456464,0.));
#2479 = VECTOR('',#2480,1.);
#2480 = DIRECTION('',(0.999852997252,1.714595831382E-02,0.));
#2481 = ORIENTED_EDGE('',*,*,#2450,.F.);
#2482 = ORIENTED_EDGE('',*,*,#2476,.F.);
#2483 = CONICAL_SURFACE('',#2484,58.348241456464,1.714679853089E-02);
#2484 = AXIS2_PLACEMENT_3D('',#2485,#2486,#2487);
#2485 = CARTESIAN_POINT('',(538.57291666666,0.,0.));
#2486 = DIRECTION('',(1.,0.,0.));
#2487 = DIRECTION('',(0.,1.,0.));
#2488 = ADVANCED_FACE('',(#2489),#2508,.F.);
#2489 = FACE_BOUND('',#2490,.F.);
#2490 = EDGE_LOOP('',(#2491,#2500,#2506,#2507));
#2491 = ORIENTED_EDGE('',*,*,#2492,.T.);
#2492 = EDGE_CURVE('',#2493,#2493,#2495,.T.);
#2493 = VERTEX_POINT('',#2494);
#2494 = CARTESIAN_POINT('',(532.859375,58.22179079245,0.));
#2495 = CIRCLE('',#2496,58.22179079245);
#2496 = AXIS2_PLACEMENT_3D('',#2497,#2498,#2499);
#2497 = CARTESIAN_POINT('',(532.859375,0.,0.));
#2498 = DIRECTION('',(1.,0.,0.));
#2499 = DIRECTION('',(0.,1.,0.));
#2500 = ORIENTED_EDGE('',*,*,#2501,.T.);
#2501 = EDGE_CURVE('',#2493,#2468,#2502,.T.);
#2502 = LINE('',#2503,#2504);
#2503 = CARTESIAN_POINT('',(532.859375,58.22179079245,0.));
#2504 = VECTOR('',#2505,1.);
#2505 = DIRECTION('',(0.999755182799,2.21263297079E-02,0.));
#2506 = ORIENTED_EDGE('',*,*,#2467,.F.);
#2507 = ORIENTED_EDGE('',*,*,#2501,.F.);
#2508 = CONICAL_SURFACE('',#2509,58.22179079245,2.21281355201E-02);
#2509 = AXIS2_PLACEMENT_3D('',#2510,#2511,#2512);
#2510 = CARTESIAN_POINT('',(532.859375,0.,0.));
#2511 = DIRECTION('',(1.,0.,0.));
#2512 = DIRECTION('',(0.,1.,0.));
#2513 = ADVANCED_FACE('',(#2514),#2533,.F.);
#2514 = FACE_BOUND('',#2515,.F.);
#2515 = EDGE_LOOP('',(#2516,#2525,#2531,#2532));
#2516 = ORIENTED_EDGE('',*,*,#2517,.T.);
#2517 = EDGE_CURVE('',#2518,#2518,#2520,.T.);
#2518 = VERTEX_POINT('',#2519);
#2519 = CARTESIAN_POINT('',(527.14583333333,58.072501261766,0.));
#2520 = CIRCLE('',#2521,58.072501261766);
#2521 = AXIS2_PLACEMENT_3D('',#2522,#2523,#2524);
#2522 = CARTESIAN_POINT('',(527.14583333333,0.,0.));
#2523 = DIRECTION('',(1.,0.,0.));
#2524 = DIRECTION('',(0.,1.,0.));
#2525 = ORIENTED_EDGE('',*,*,#2526,.T.);
#2526 = EDGE_CURVE('',#2518,#2493,#2527,.T.);
#2527 = LINE('',#2528,#2529);
#2528 = CARTESIAN_POINT('',(527.14583333333,58.072501261766,0.));
#2529 = VECTOR('',#2530,1.);
#2530 = DIRECTION('',(0.999658810543,2.612015512901E-02,0.));
#2531 = ORIENTED_EDGE('',*,*,#2492,.F.);
#2532 = ORIENTED_EDGE('',*,*,#2526,.F.);
#2533 = CONICAL_SURFACE('',#2534,58.072501261766,2.612312617501E-02);
#2534 = AXIS2_PLACEMENT_3D('',#2535,#2536,#2537);
#2535 = CARTESIAN_POINT('',(527.14583333333,0.,0.));
#2536 = DIRECTION('',(1.,0.,0.));
#2537 = DIRECTION('',(0.,1.,0.));
#2538 = ADVANCED_FACE('',(#2539),#2558,.F.);
#2539 = FACE_BOUND('',#2540,.F.);
#2540 = EDGE_LOOP('',(#2541,#2550,#2556,#2557));
#2541 = ORIENTED_EDGE('',*,*,#2542,.T.);
#2542 = EDGE_CURVE('',#2543,#2543,#2545,.T.);
#2543 = VERTEX_POINT('',#2544);
#2544 = CARTESIAN_POINT('',(521.43229166666,57.903628076931,0.));
#2545 = CIRCLE('',#2546,57.903628076931);
#2546 = AXIS2_PLACEMENT_3D('',#2547,#2548,#2549);
#2547 = CARTESIAN_POINT('',(521.43229166666,0.,0.));
#2548 = DIRECTION('',(1.,0.,0.));
#2549 = DIRECTION('',(0.,1.,0.));
#2550 = ORIENTED_EDGE('',*,*,#2551,.T.);
#2551 = EDGE_CURVE('',#2543,#2518,#2552,.T.);
#2552 = LINE('',#2553,#2554);
#2553 = CARTESIAN_POINT('',(521.43229166666,57.903628076931,0.));
#2554 = VECTOR('',#2555,1.);
#2555 = DIRECTION('',(0.999563488027,2.9543754035E-02,0.));
#2556 = ORIENTED_EDGE('',*,*,#2517,.F.);
#2557 = ORIENTED_EDGE('',*,*,#2551,.F.);
#2558 = CONICAL_SURFACE('',#2559,57.903628076931,2.954805351984E-02);
#2559 = AXIS2_PLACEMENT_3D('',#2560,#2561,#2562);
#2560 = CARTESIAN_POINT('',(521.43229166666,0.,0.));
#2561 = DIRECTION('',(1.,0.,0.));
#2562 = DIRECTION('',(0.,1.,0.));
#2563 = ADVANCED_FACE('',(#2564),#2583,.F.);
#2564 = FACE_BOUND('',#2565,.F.);
#2565 = EDGE_LOOP('',(#2566,#2575,#2581,#2582));
#2566 = ORIENTED_EDGE('',*,*,#2567,.T.);
#2567 = EDGE_CURVE('',#2568,#2568,#2570,.T.);
#2568 = VERTEX_POINT('',#2569);
#2569 = CARTESIAN_POINT('',(515.71875,57.717362484376,0.));
#2570 = CIRCLE('',#2571,57.717362484376);
#2571 = AXIS2_PLACEMENT_3D('',#2572,#2573,#2574);
#2572 = CARTESIAN_POINT('',(515.71875,0.,0.));
#2573 = DIRECTION('',(1.,0.,0.));
#2574 = DIRECTION('',(0.,1.,0.));
#2575 = ORIENTED_EDGE('',*,*,#2576,.T.);
#2576 = EDGE_CURVE('',#2568,#2543,#2577,.T.);
#2577 = LINE('',#2578,#2579);
#2578 = CARTESIAN_POINT('',(515.71875,57.717362484376,0.));
#2579 = VECTOR('',#2580,1.);
#2580 = DIRECTION('',(0.999469019621,3.258341323846E-02,0.));
#2581 = ORIENTED_EDGE('',*,*,#2542,.F.);
#2582 = ORIENTED_EDGE('',*,*,#2576,.F.);
#2583 = CONICAL_SURFACE('',#2584,57.717362484376,3.258918151465E-02);
#2584 = AXIS2_PLACEMENT_3D('',#2585,#2586,#2587);
#2585 = CARTESIAN_POINT('',(515.71875,0.,0.));
#2586 = DIRECTION('',(1.,0.,0.));
#2587 = DIRECTION('',(0.,1.,0.));
#2588 = ADVANCED_FACE('',(#2589),#2608,.F.);
#2589 = FACE_BOUND('',#2590,.F.);
#2590 = EDGE_LOOP('',(#2591,#2600,#2606,#2607));
#2591 = ORIENTED_EDGE('',*,*,#2592,.T.);
#2592 = EDGE_CURVE('',#2593,#2593,#2595,.T.);
#2593 = VERTEX_POINT('',#2594);
#2594 = CARTESIAN_POINT('',(510.00520833333,57.515306608557,0.));
#2595 = CIRCLE('',#2596,57.515306608557);
#2596 = AXIS2_PLACEMENT_3D('',#2597,#2598,#2599);
#2597 = CARTESIAN_POINT('',(510.00520833333,0.,0.));
#2598 = DIRECTION('',(1.,0.,0.));
#2599 = DIRECTION('',(0.,1.,0.));
#2600 = ORIENTED_EDGE('',*,*,#2601,.T.);
#2601 = EDGE_CURVE('',#2593,#2568,#2602,.T.);
#2602 = LINE('',#2603,#2604);
#2603 = CARTESIAN_POINT('',(510.00520833333,57.515306608557,0.));
#2604 = VECTOR('',#2605,1.);
#2605 = DIRECTION('',(0.999375266134,3.534228967785E-02,0.));
#2606 = ORIENTED_EDGE('',*,*,#2567,.F.);
#2607 = ORIENTED_EDGE('',*,*,#2601,.F.);
#2608 = CONICAL_SURFACE('',#2609,57.515306608557,3.534965135928E-02);
#2609 = AXIS2_PLACEMENT_3D('',#2610,#2611,#2612);
#2610 = CARTESIAN_POINT('',(510.00520833333,0.,0.));
#2611 = DIRECTION('',(1.,0.,0.));
#2612 = DIRECTION('',(0.,1.,0.));
#2613 = ADVANCED_FACE('',(#2614),#2633,.F.);
#2614 = FACE_BOUND('',#2615,.F.);
#2615 = EDGE_LOOP('',(#2616,#2625,#2631,#2632));
#2616 = ORIENTED_EDGE('',*,*,#2617,.T.);
#2617 = EDGE_CURVE('',#2618,#2618,#2620,.T.);
#2618 = VERTEX_POINT('',#2619);
#2619 = CARTESIAN_POINT('',(504.29166666666,57.2986948974,0.));
#2620 = CIRCLE('',#2621,57.2986948974);
#2621 = AXIS2_PLACEMENT_3D('',#2622,#2623,#2624);
#2622 = CARTESIAN_POINT('',(504.29166666666,0.,0.));
#2623 = DIRECTION('',(1.,0.,0.));
#2624 = DIRECTION('',(0.,1.,0.));
#2625 = ORIENTED_EDGE('',*,*,#2626,.T.);
#2626 = EDGE_CURVE('',#2618,#2593,#2627,.T.);
#2627 = LINE('',#2628,#2629);
#2628 = CARTESIAN_POINT('',(504.29166666666,57.2986948974,0.));
#2629 = VECTOR('',#2630,1.);
#2630 = DIRECTION('',(0.999282114442,3.788476944179E-02,0.));
#2631 = ORIENTED_EDGE('',*,*,#2592,.F.);
#2632 = ORIENTED_EDGE('',*,*,#2626,.F.);
#2633 = CONICAL_SURFACE('',#2634,57.2986948974,3.789383768878E-02);
#2634 = AXIS2_PLACEMENT_3D('',#2635,#2636,#2637);
#2635 = CARTESIAN_POINT('',(504.29166666666,0.,0.));
#2636 = DIRECTION('',(1.,0.,0.));
#2637 = DIRECTION('',(0.,1.,0.));
#2638 = ADVANCED_FACE('',(#2639),#2658,.F.);
#2639 = FACE_BOUND('',#2640,.F.);
#2640 = EDGE_LOOP('',(#2641,#2650,#2656,#2657));
#2641 = ORIENTED_EDGE('',*,*,#2642,.T.);
#2642 = EDGE_CURVE('',#2643,#2643,#2645,.T.);
#2643 = VERTEX_POINT('',#2644);
#2644 = CARTESIAN_POINT('',(498.578125,57.068513661327,0.));
#2645 = CIRCLE('',#2646,57.068513661327);
#2646 = AXIS2_PLACEMENT_3D('',#2647,#2648,#2649);
#2647 = CARTESIAN_POINT('',(498.578125,0.,0.));
#2648 = DIRECTION('',(1.,0.,0.));
#2649 = DIRECTION('',(0.,1.,0.));
#2650 = ORIENTED_EDGE('',*,*,#2651,.T.);
#2651 = EDGE_CURVE('',#2643,#2618,#2652,.T.);
#2652 = LINE('',#2653,#2654);
#2653 = CARTESIAN_POINT('',(498.578125,57.068513661327,0.));
#2654 = VECTOR('',#2655,1.);
#2655 = DIRECTION('',(0.999189466858,4.025430809308E-02,0.));
#2656 = ORIENTED_EDGE('',*,*,#2617,.F.);
#2657 = ORIENTED_EDGE('',*,*,#2651,.F.);
#2658 = CONICAL_SURFACE('',#2659,57.068513661327,4.026518743733E-02);
#2659 = AXIS2_PLACEMENT_3D('',#2660,#2661,#2662);
#2660 = CARTESIAN_POINT('',(498.578125,0.,0.));
#2661 = DIRECTION('',(1.,0.,0.));
#2662 = DIRECTION('',(0.,1.,0.));
#2663 = ADVANCED_FACE('',(#2664),#2683,.F.);
#2664 = FACE_BOUND('',#2665,.F.);
#2665 = EDGE_LOOP('',(#2666,#2675,#2681,#2682));
#2666 = ORIENTED_EDGE('',*,*,#2667,.T.);
#2667 = EDGE_CURVE('',#2668,#2668,#2670,.T.);
#2668 = VERTEX_POINT('',#2669);
#2669 = CARTESIAN_POINT('',(492.86458333333,56.825572180281,0.));
#2670 = CIRCLE('',#2671,56.825572180281);
#2671 = AXIS2_PLACEMENT_3D('',#2672,#2673,#2674);
#2672 = CARTESIAN_POINT('',(492.86458333333,0.,0.));
#2673 = DIRECTION('',(1.,0.,0.));
#2674 = DIRECTION('',(0.,1.,0.));
#2675 = ORIENTED_EDGE('',*,*,#2676,.T.);
#2676 = EDGE_CURVE('',#2668,#2643,#2677,.T.);
#2677 = LINE('',#2678,#2679);
#2678 = CARTESIAN_POINT('',(492.86458333333,56.825572180281,0.));
#2679 = VECTOR('',#2680,1.);
#2680 = DIRECTION('',(0.999097236175,4.248190989512E-02,0.));
#2681 = ORIENTED_EDGE('',*,*,#2642,.F.);
#2682 = ORIENTED_EDGE('',*,*,#2676,.F.);
#2683 = CONICAL_SURFACE('',#2684,56.825572180281,4.249469822368E-02);
#2684 = AXIS2_PLACEMENT_3D('',#2685,#2686,#2687);
#2685 = CARTESIAN_POINT('',(492.86458333333,0.,0.));
#2686 = DIRECTION('',(1.,0.,0.));
#2687 = DIRECTION('',(0.,1.,0.));
#2688 = ADVANCED_FACE('',(#2689),#2708,.F.);
#2689 = FACE_BOUND('',#2690,.F.);
#2690 = EDGE_LOOP('',(#2691,#2700,#2706,#2707));
#2691 = ORIENTED_EDGE('',*,*,#2692,.T.);
#2692 = EDGE_CURVE('',#2693,#2693,#2695,.T.);
#2693 = VERTEX_POINT('',#2694);
#2694 = CARTESIAN_POINT('',(487.15104166666,56.570548056668,0.));
#2695 = CIRCLE('',#2696,56.570548056668);
#2696 = AXIS2_PLACEMENT_3D('',#2697,#2698,#2699);
#2697 = CARTESIAN_POINT('',(487.15104166666,0.,0.));
#2698 = DIRECTION('',(1.,0.,0.));
#2699 = DIRECTION('',(0.,1.,0.));
#2700 = ORIENTED_EDGE('',*,*,#2701,.T.);
#2701 = EDGE_CURVE('',#2693,#2668,#2702,.T.);
#2702 = LINE('',#2703,#2704);
#2703 = CARTESIAN_POINT('',(487.15104166666,56.570548056668,0.));
#2704 = VECTOR('',#2705,1.);
#2705 = DIRECTION('',(0.999005342878,4.459063693165E-02,0.));
#2706 = ORIENTED_EDGE('',*,*,#2667,.F.);
#2707 = ORIENTED_EDGE('',*,*,#2701,.F.);
#2708 = CONICAL_SURFACE('',#2709,56.570548056668,4.460542694775E-02);
#2709 = AXIS2_PLACEMENT_3D('',#2710,#2711,#2712);
#2710 = CARTESIAN_POINT('',(487.15104166666,0.,0.));
#2711 = DIRECTION('',(1.,0.,0.));
#2712 = DIRECTION('',(0.,1.,0.));
#2713 = ADVANCED_FACE('',(#2714),#2733,.F.);
#2714 = FACE_BOUND('',#2715,.F.);
#2715 = EDGE_LOOP('',(#2716,#2725,#2731,#2732));
#2716 = ORIENTED_EDGE('',*,*,#2717,.T.);
#2717 = EDGE_CURVE('',#2718,#2718,#2720,.T.);
#2718 = VERTEX_POINT('',#2719);
#2719 = CARTESIAN_POINT('',(481.4375,56.304017708797,0.));
#2720 = CIRCLE('',#2721,56.304017708797);
#2721 = AXIS2_PLACEMENT_3D('',#2722,#2723,#2724);
#2722 = CARTESIAN_POINT('',(481.4375,0.,0.));
#2723 = DIRECTION('',(1.,0.,0.));
#2724 = DIRECTION('',(0.,1.,0.));
#2725 = ORIENTED_EDGE('',*,*,#2726,.T.);
#2726 = EDGE_CURVE('',#2718,#2693,#2727,.T.);
#2727 = LINE('',#2728,#2729);
#2728 = CARTESIAN_POINT('',(481.4375,56.304017708797,0.));
#2729 = VECTOR('',#2730,1.);
#2730 = DIRECTION('',(0.998913713362,4.659821089064E-02,0.));
#2731 = ORIENTED_EDGE('',*,*,#2692,.F.);
#2732 = ORIENTED_EDGE('',*,*,#2726,.F.);
#2733 = CONICAL_SURFACE('',#2734,56.304017708797,4.661509123024E-02);
#2734 = AXIS2_PLACEMENT_3D('',#2735,#2736,#2737);
#2735 = CARTESIAN_POINT('',(481.4375,0.,0.));
#2736 = DIRECTION('',(1.,0.,0.));
#2737 = DIRECTION('',(0.,1.,0.));
#2738 = ADVANCED_FACE('',(#2739),#2758,.F.);
#2739 = FACE_BOUND('',#2740,.F.);
#2740 = EDGE_LOOP('',(#2741,#2750,#2756,#2757));
#2741 = ORIENTED_EDGE('',*,*,#2742,.T.);
#2742 = EDGE_CURVE('',#2743,#2743,#2745,.T.);
#2743 = VERTEX_POINT('',#2744);
#2744 = CARTESIAN_POINT('',(475.72395833333,56.026477739312,0.));
#2745 = CIRCLE('',#2746,56.026477739312);
#2746 = AXIS2_PLACEMENT_3D('',#2747,#2748,#2749);
#2747 = CARTESIAN_POINT('',(475.72395833333,0.,0.));
#2748 = DIRECTION('',(1.,0.,0.));
#2749 = DIRECTION('',(0.,1.,0.));
#2750 = ORIENTED_EDGE('',*,*,#2751,.T.);
#2751 = EDGE_CURVE('',#2743,#2718,#2752,.T.);
#2752 = LINE('',#2753,#2754);
#2753 = CARTESIAN_POINT('',(475.72395833333,56.026477739312,0.));
#2754 = VECTOR('',#2755,1.);
#2755 = DIRECTION('',(0.998822278686,4.851861085819E-02,0.));
#2756 = ORIENTED_EDGE('',*,*,#2717,.F.);
#2757 = ORIENTED_EDGE('',*,*,#2751,.F.);
#2758 = CONICAL_SURFACE('',#2759,56.026477739312,4.853766696964E-02);
#2759 = AXIS2_PLACEMENT_3D('',#2760,#2761,#2762);
#2760 = CARTESIAN_POINT('',(475.72395833333,0.,0.));
#2761 = DIRECTION('',(1.,0.,0.));
#2762 = DIRECTION('',(0.,1.,0.));
#2763 = ADVANCED_FACE('',(#2764),#2783,.F.);
#2764 = FACE_BOUND('',#2765,.F.);
#2765 = EDGE_LOOP('',(#2766,#2775,#2781,#2782));
#2766 = ORIENTED_EDGE('',*,*,#2767,.T.);
#2767 = EDGE_CURVE('',#2768,#2768,#2770,.T.);
#2768 = VERTEX_POINT('',#2769);
#2769 = CARTESIAN_POINT('',(470.01041666666,55.738360416779,0.));
#2770 = CIRCLE('',#2771,55.738360416779);
#2771 = AXIS2_PLACEMENT_3D('',#2772,#2773,#2774);
#2772 = CARTESIAN_POINT('',(470.01041666666,0.,0.));
#2773 = DIRECTION('',(1.,0.,0.));
#2774 = DIRECTION('',(0.,1.,0.));
#2775 = ORIENTED_EDGE('',*,*,#2776,.T.);
#2776 = EDGE_CURVE('',#2768,#2743,#2777,.T.);
#2777 = LINE('',#2778,#2779);
#2778 = CARTESIAN_POINT('',(470.01041666666,55.738360416779,0.));
#2779 = VECTOR('',#2780,1.);
#2780 = DIRECTION('',(0.998730973656,5.036310415651E-02,0.));
#2781 = ORIENTED_EDGE('',*,*,#2742,.F.);
#2782 = ORIENTED_EDGE('',*,*,#2776,.F.);
#2783 = CONICAL_SURFACE('',#2784,55.738360416779,5.038441901187E-02);
#2784 = AXIS2_PLACEMENT_3D('',#2785,#2786,#2787);
#2785 = CARTESIAN_POINT('',(470.01041666666,0.,0.));
#2786 = DIRECTION('',(1.,0.,0.));
#2787 = DIRECTION('',(0.,1.,0.));
#2788 = ADVANCED_FACE('',(#2789),#2808,.F.);
#2789 = FACE_BOUND('',#2790,.F.);
#2790 = EDGE_LOOP('',(#2791,#2800,#2806,#2807));
#2791 = ORIENTED_EDGE('',*,*,#2792,.T.);
#2792 = EDGE_CURVE('',#2793,#2793,#2795,.T.);
#2793 = VERTEX_POINT('',#2794);
#2794 = CARTESIAN_POINT('',(464.296875,55.440045204112,0.));
#2795 = CIRCLE('',#2796,55.440045204112);
#2796 = AXIS2_PLACEMENT_3D('',#2797,#2798,#2799);
#2797 = CARTESIAN_POINT('',(464.296875,0.,0.));
#2798 = DIRECTION('',(1.,0.,0.));
#2799 = DIRECTION('',(0.,1.,0.));
#2800 = ORIENTED_EDGE('',*,*,#2801,.T.);
#2801 = EDGE_CURVE('',#2793,#2768,#2802,.T.);
#2802 = LINE('',#2803,#2804);
#2803 = CARTESIAN_POINT('',(464.296875,55.440045204112,0.));
#2804 = VECTOR('',#2805,1.);
#2805 = DIRECTION('',(0.998639736102,5.214093860401E-02,0.));
#2806 = ORIENTED_EDGE('',*,*,#2767,.F.);
#2807 = ORIENTED_EDGE('',*,*,#2801,.F.);
#2808 = CONICAL_SURFACE('',#2809,55.440045204112,5.216459328729E-02);
#2809 = AXIS2_PLACEMENT_3D('',#2810,#2811,#2812);
#2810 = CARTESIAN_POINT('',(464.296875,0.,0.));
#2811 = DIRECTION('',(1.,0.,0.));
#2812 = DIRECTION('',(0.,1.,0.));
#2813 = ADVANCED_FACE('',(#2814),#2833,.F.);
#2814 = FACE_BOUND('',#2815,.F.);
#2815 = EDGE_LOOP('',(#2816,#2825,#2831,#2832));
#2816 = ORIENTED_EDGE('',*,*,#2817,.T.);
#2817 = EDGE_CURVE('',#2818,#2818,#2820,.T.);
#2818 = VERTEX_POINT('',#2819);
#2819 = CARTESIAN_POINT('',(458.58333333333,55.131867542558,0.));
#2820 = CIRCLE('',#2821,55.131867542558);
#2821 = AXIS2_PLACEMENT_3D('',#2822,#2823,#2824);
#2822 = CARTESIAN_POINT('',(458.58333333333,0.,0.));
#2823 = DIRECTION('',(1.,0.,0.));
#2824 = DIRECTION('',(0.,1.,0.));
#2825 = ORIENTED_EDGE('',*,*,#2826,.T.);
#2826 = EDGE_CURVE('',#2818,#2793,#2827,.T.);
#2827 = LINE('',#2828,#2829);
#2828 = CARTESIAN_POINT('',(458.58333333333,55.131867542558,0.));
#2829 = VECTOR('',#2830,1.);
#2830 = DIRECTION('',(0.998548506309,5.385982313171E-02,0.));
#2831 = ORIENTED_EDGE('',*,*,#2792,.F.);
#2832 = ORIENTED_EDGE('',*,*,#2826,.F.);
#2833 = CONICAL_SURFACE('',#2834,55.131867542558,5.388589733544E-02);
#2834 = AXIS2_PLACEMENT_3D('',#2835,#2836,#2837);
#2835 = CARTESIAN_POINT('',(458.58333333333,0.,0.));
#2836 = DIRECTION('',(1.,0.,0.));
#2837 = DIRECTION('',(0.,1.,0.));
#2838 = ADVANCED_FACE('',(#2839),#2858,.F.);
#2839 = FACE_BOUND('',#2840,.F.);
#2840 = EDGE_LOOP('',(#2841,#2850,#2856,#2857));
#2841 = ORIENTED_EDGE('',*,*,#2842,.T.);
#2842 = EDGE_CURVE('',#2843,#2843,#2845,.T.);
#2843 = VERTEX_POINT('',#2844);
#2844 = CARTESIAN_POINT('',(452.86979166666,54.814125676055,0.));
#2845 = CIRCLE('',#2846,54.814125676055);
#2846 = AXIS2_PLACEMENT_3D('',#2847,#2848,#2849);
#2847 = CARTESIAN_POINT('',(452.86979166666,0.,0.));
#2848 = DIRECTION('',(1.,0.,0.));
#2849 = DIRECTION('',(0.,1.,0.));
#2850 = ORIENTED_EDGE('',*,*,#2851,.T.);
#2851 = EDGE_CURVE('',#2843,#2818,#2852,.T.);
#2852 = LINE('',#2853,#2854);
#2853 = CARTESIAN_POINT('',(452.86979166666,54.814125676055,0.));
#2854 = VECTOR('',#2855,1.);
#2855 = DIRECTION('',(0.998457226541,5.552627097042E-02,0.));
#2856 = ORIENTED_EDGE('',*,*,#2817,.F.);
#2857 = ORIENTED_EDGE('',*,*,#2851,.F.);
#2858 = CONICAL_SURFACE('',#2859,54.814125676055,5.555484342257E-02);
#2859 = AXIS2_PLACEMENT_3D('',#2860,#2861,#2862);
#2860 = CARTESIAN_POINT('',(452.86979166666,0.,0.));
#2861 = DIRECTION('',(1.,0.,0.));
#2862 = DIRECTION('',(0.,1.,0.));
#2863 = ADVANCED_FACE('',(#2864),#2883,.F.);
#2864 = FACE_BOUND('',#2865,.F.);
#2865 = EDGE_LOOP('',(#2866,#2875,#2881,#2882));
#2866 = ORIENTED_EDGE('',*,*,#2867,.T.);
#2867 = EDGE_CURVE('',#2868,#2868,#2870,.T.);
#2868 = VERTEX_POINT('',#2869);
#2869 = CARTESIAN_POINT('',(447.15625,54.48708604226,0.));
#2870 = CIRCLE('',#2871,54.48708604226);
#2871 = AXIS2_PLACEMENT_3D('',#2872,#2873,#2874);
#2872 = CARTESIAN_POINT('',(447.15625,0.,0.));
#2873 = DIRECTION('',(1.,0.,0.));
#2874 = DIRECTION('',(0.,1.,0.));
#2875 = ORIENTED_EDGE('',*,*,#2876,.T.);
#2876 = EDGE_CURVE('',#2868,#2843,#2877,.T.);
#2877 = LINE('',#2878,#2879);
#2878 = CARTESIAN_POINT('',(447.15625,54.48708604226,0.));
#2879 = VECTOR('',#2880,1.);
#2880 = DIRECTION('',(0.998365840637,5.714585067622E-02,0.));
#2881 = ORIENTED_EDGE('',*,*,#2842,.F.);
#2882 = ORIENTED_EDGE('',*,*,#2876,.F.);
#2883 = CONICAL_SURFACE('',#2884,54.48708604226,5.717699951369E-02);
#2884 = AXIS2_PLACEMENT_3D('',#2885,#2886,#2887);
#2885 = CARTESIAN_POINT('',(447.15625,0.,0.));
#2886 = DIRECTION('',(1.,0.,0.));
#2887 = DIRECTION('',(0.,1.,0.));
#2888 = ADVANCED_FACE('',(#2889),#2908,.F.);
#2889 = FACE_BOUND('',#2890,.F.);
#2890 = EDGE_LOOP('',(#2891,#2900,#2906,#2907));
#2891 = ORIENTED_EDGE('',*,*,#2892,.T.);
#2892 = EDGE_CURVE('',#2893,#2893,#2895,.T.);
#2893 = VERTEX_POINT('',#2894);
#2894 = CARTESIAN_POINT('',(441.44270833333,54.150987593061,0.));
#2895 = CIRCLE('',#2896,54.150987593061);
#2896 = AXIS2_PLACEMENT_3D('',#2897,#2898,#2899);
#2897 = CARTESIAN_POINT('',(441.44270833333,0.,0.));
#2898 = DIRECTION('',(1.,0.,0.));
#2899 = DIRECTION('',(0.,1.,0.));
#2900 = ORIENTED_EDGE('',*,*,#2901,.T.);
#2901 = EDGE_CURVE('',#2893,#2868,#2902,.T.);
#2902 = LINE('',#2903,#2904);
#2903 = CARTESIAN_POINT('',(441.44270833333,54.150987593061,0.));
#2904 = VECTOR('',#2905,1.);
#2905 = DIRECTION('',(0.998274293664,5.87233736184E-02,0.));
#2906 = ORIENTED_EDGE('',*,*,#2867,.F.);
#2907 = ORIENTED_EDGE('',*,*,#2901,.F.);
#2908 = CONICAL_SURFACE('',#2909,54.150987593061,5.875717671921E-02);
#2909 = AXIS2_PLACEMENT_3D('',#2910,#2911,#2912);
#2910 = CARTESIAN_POINT('',(441.44270833333,0.,0.));
#2911 = DIRECTION('',(1.,0.,0.));
#2912 = DIRECTION('',(0.,1.,0.));
#2913 = ADVANCED_FACE('',(#2914),#2933,.F.);
#2914 = FACE_BOUND('',#2915,.F.);
#2915 = EDGE_LOOP('',(#2916,#2925,#2931,#2932));
#2916 = ORIENTED_EDGE('',*,*,#2917,.T.);
#2917 = EDGE_CURVE('',#2918,#2918,#2920,.T.);
#2918 = VERTEX_POINT('',#2919);
#2919 = CARTESIAN_POINT('',(435.72916666666,53.806045300776,0.));
#2920 = CIRCLE('',#2921,53.806045300776);
#2921 = AXIS2_PLACEMENT_3D('',#2922,#2923,#2924);
#2922 = CARTESIAN_POINT('',(435.72916666666,0.,0.));
#2923 = DIRECTION('',(1.,0.,0.));
#2924 = DIRECTION('',(0.,1.,0.));
#2925 = ORIENTED_EDGE('',*,*,#2926,.T.);
#2926 = EDGE_CURVE('',#2918,#2893,#2927,.T.);
#2927 = LINE('',#2928,#2929);
#2928 = CARTESIAN_POINT('',(435.72916666666,53.806045300776,0.));
#2929 = VECTOR('',#2930,1.);
#2930 = DIRECTION('',(0.998182531614,6.026303659991E-02,0.));
#2931 = ORIENTED_EDGE('',*,*,#2892,.F.);
#2932 = ORIENTED_EDGE('',*,*,#2926,.F.);
#2933 = CONICAL_SURFACE('',#2934,53.806045300776,6.029957188327E-02);
#2934 = AXIS2_PLACEMENT_3D('',#2935,#2936,#2937);
#2935 = CARTESIAN_POINT('',(435.72916666666,0.,0.));
#2936 = DIRECTION('',(1.,0.,0.));
#2937 = DIRECTION('',(0.,1.,0.));
#2938 = ADVANCED_FACE('',(#2939),#2958,.F.);
#2939 = FACE_BOUND('',#2940,.F.);
#2940 = EDGE_LOOP('',(#2941,#2950,#2956,#2957));
#2941 = ORIENTED_EDGE('',*,*,#2942,.T.);
#2942 = EDGE_CURVE('',#2943,#2943,#2945,.T.);
#2943 = VERTEX_POINT('',#2944);
#2944 = CARTESIAN_POINT('',(430.015625,53.452453034777,0.));
#2945 = CIRCLE('',#2946,53.452453034777);
#2946 = AXIS2_PLACEMENT_3D('',#2947,#2948,#2949);
#2947 = CARTESIAN_POINT('',(430.015625,0.,0.));
#2948 = DIRECTION('',(1.,0.,0.));
#2949 = DIRECTION('',(0.,1.,0.));
#2950 = ORIENTED_EDGE('',*,*,#2951,.T.);
#2951 = EDGE_CURVE('',#2943,#2918,#2952,.T.);
#2952 = LINE('',#2953,#2954);
#2953 = CARTESIAN_POINT('',(430.015625,53.452453034777,0.));
#2954 = VECTOR('',#2955,1.);
#2955 = DIRECTION('',(0.998090501127,6.176853212167E-02,0.));
#2956 = ORIENTED_EDGE('',*,*,#2917,.F.);
#2957 = ORIENTED_EDGE('',*,*,#2951,.F.);
#2958 = CONICAL_SURFACE('',#2959,53.452453034777,6.180787782304E-02);
#2959 = AXIS2_PLACEMENT_3D('',#2960,#2961,#2962);
#2960 = CARTESIAN_POINT('',(430.015625,0.,0.));
#2961 = DIRECTION('',(1.,0.,0.));
#2962 = DIRECTION('',(0.,1.,0.));
#2963 = ADVANCED_FACE('',(#2964),#2983,.F.);
#2964 = FACE_BOUND('',#2965,.F.);
#2965 = EDGE_LOOP('',(#2966,#2975,#2981,#2982));
#2966 = ORIENTED_EDGE('',*,*,#2967,.T.);
#2967 = EDGE_CURVE('',#2968,#2968,#2970,.T.);
#2968 = VERTEX_POINT('',#2969);
#2969 = CARTESIAN_POINT('',(424.30208333333,53.090385944249,0.));
#2970 = CIRCLE('',#2971,53.090385944249);
#2971 = AXIS2_PLACEMENT_3D('',#2972,#2973,#2974);
#2972 = CARTESIAN_POINT('',(424.30208333333,0.,0.));
#2973 = DIRECTION('',(1.,0.,0.));
#2974 = DIRECTION('',(0.,1.,0.));
#2975 = ORIENTED_EDGE('',*,*,#2976,.T.);
#2976 = EDGE_CURVE('',#2968,#2943,#2977,.T.);
#2977 = LINE('',#2978,#2979);
#2978 = CARTESIAN_POINT('',(424.30208333333,53.090385944249,0.));
#2979 = VECTOR('',#2980,1.);
#2980 = DIRECTION('',(0.997998149242,6.324313487661E-02,0.));
#2981 = ORIENTED_EDGE('',*,*,#2942,.F.);
#2982 = ORIENTED_EDGE('',*,*,#2976,.F.);
#2983 = CONICAL_SURFACE('',#2984,53.090385944249,6.328536980358E-02);
#2984 = AXIS2_PLACEMENT_3D('',#2985,#2986,#2987);
#2985 = CARTESIAN_POINT('',(424.30208333333,0.,0.));
#2986 = DIRECTION('',(1.,0.,0.));
#2987 = DIRECTION('',(0.,1.,0.));
#2988 = ADVANCED_FACE('',(#2989),#3008,.F.);
#2989 = FACE_BOUND('',#2990,.F.);
#2990 = EDGE_LOOP('',(#2991,#3000,#3006,#3007));
#2991 = ORIENTED_EDGE('',*,*,#2992,.T.);
#2992 = EDGE_CURVE('',#2993,#2993,#2995,.T.);
#2993 = VERTEX_POINT('',#2994);
#2994 = CARTESIAN_POINT('',(418.58854166666,52.720002448454,0.));
#2995 = CIRCLE('',#2996,52.720002448454);
#2996 = AXIS2_PLACEMENT_3D('',#2997,#2998,#2999);
#2997 = CARTESIAN_POINT('',(418.58854166666,0.,0.));
#2998 = DIRECTION('',(1.,0.,0.));
#2999 = DIRECTION('',(0.,1.,0.));
#3000 = ORIENTED_EDGE('',*,*,#3001,.T.);
#3001 = EDGE_CURVE('',#2993,#2968,#3002,.T.);
#3002 = LINE('',#3003,#3004);
#3003 = CARTESIAN_POINT('',(418.58854166666,52.720002448454,0.));
#3004 = VECTOR('',#3005,1.);
#3005 = DIRECTION('',(0.997905423171,6.468977049096E-02,0.));
#3006 = ORIENTED_EDGE('',*,*,#2967,.F.);
#3007 = ORIENTED_EDGE('',*,*,#3001,.F.);
#3008 = CONICAL_SURFACE('',#3009,52.720002448454,6.473497426445E-02);
#3009 = AXIS2_PLACEMENT_3D('',#3010,#3011,#3012);
#3010 = CARTESIAN_POINT('',(418.58854166666,0.,0.));
#3011 = DIRECTION('',(1.,0.,0.));
#3012 = DIRECTION('',(0.,1.,0.));
#3013 = ADVANCED_FACE('',(#3014),#3033,.F.);
#3014 = FACE_BOUND('',#3015,.F.);
#3015 = EDGE_LOOP('',(#3016,#3025,#3031,#3032));
#3016 = ORIENTED_EDGE('',*,*,#3017,.T.);
#3017 = EDGE_CURVE('',#3018,#3018,#3020,.T.);
#3018 = VERTEX_POINT('',#3019);
#3019 = CARTESIAN_POINT('',(412.875,52.341445911285,0.));
#3020 = CIRCLE('',#3021,52.341445911285);
#3021 = AXIS2_PLACEMENT_3D('',#3022,#3023,#3024);
#3022 = CARTESIAN_POINT('',(412.875,0.,0.));
#3023 = DIRECTION('',(1.,0.,0.));
#3024 = DIRECTION('',(0.,1.,0.));
#3025 = ORIENTED_EDGE('',*,*,#3026,.T.);
#3026 = EDGE_CURVE('',#3018,#2993,#3027,.T.);
#3027 = LINE('',#3028,#3029);
#3028 = CARTESIAN_POINT('',(412.875,52.341445911285,0.));
#3029 = VECTOR('',#3030,1.);
#3030 = DIRECTION('',(0.997812270077,6.61110708107E-02,0.));
#3031 = ORIENTED_EDGE('',*,*,#2992,.F.);
#3032 = ORIENTED_EDGE('',*,*,#3026,.F.);
#3033 = CONICAL_SURFACE('',#3034,52.341445911285,6.615932409536E-02);
#3034 = AXIS2_PLACEMENT_3D('',#3035,#3036,#3037);
#3035 = CARTESIAN_POINT('',(412.875,0.,0.));
#3036 = DIRECTION('',(1.,0.,0.));
#3037 = DIRECTION('',(0.,1.,0.));
#3038 = ADVANCED_FACE('',(#3039),#3058,.F.);
#3039 = FACE_BOUND('',#3040,.F.);
#3040 = EDGE_LOOP('',(#3041,#3050,#3056,#3057));
#3041 = ORIENTED_EDGE('',*,*,#3042,.T.);
#3042 = EDGE_CURVE('',#3043,#3043,#3045,.T.);
#3043 = VERTEX_POINT('',#3044);
#3044 = CARTESIAN_POINT('',(407.16145833333,51.954846059115,0.));
#3045 = CIRCLE('',#3046,51.954846059115);
#3046 = AXIS2_PLACEMENT_3D('',#3047,#3048,#3049);
#3047 = CARTESIAN_POINT('',(407.16145833333,0.,0.));
#3048 = DIRECTION('',(1.,0.,0.));
#3049 = DIRECTION('',(0.,1.,0.));
#3050 = ORIENTED_EDGE('',*,*,#3051,.T.);
#3051 = EDGE_CURVE('',#3043,#3018,#3052,.T.);
#3052 = LINE('',#3053,#3054);
#3053 = CARTESIAN_POINT('',(407.16145833333,51.954846059115,0.));
#3054 = VECTOR('',#3055,1.);
#3055 = DIRECTION('',(0.997718636874,6.750941885531E-02,0.));
#3056 = ORIENTED_EDGE('',*,*,#3017,.F.);
#3057 = ORIENTED_EDGE('',*,*,#3051,.F.);
#3058 = CONICAL_SURFACE('',#3059,51.954846059115,6.75608035822E-02);
#3059 = AXIS2_PLACEMENT_3D('',#3060,#3061,#3062);
#3060 = CARTESIAN_POINT('',(407.16145833333,0.,0.));
#3061 = DIRECTION('',(1.,0.,0.));
#3062 = DIRECTION('',(0.,1.,0.));
#3063 = ADVANCED_FACE('',(#3064),#3083,.F.);
#3064 = FACE_BOUND('',#3065,.F.);
#3065 = EDGE_LOOP('',(#3066,#3075,#3081,#3082));
#3066 = ORIENTED_EDGE('',*,*,#3067,.T.);
#3067 = EDGE_CURVE('',#3068,#3068,#3070,.T.);
#3068 = VERTEX_POINT('',#3069);
#3069 = CARTESIAN_POINT('',(401.44791666666,51.560320187755,0.));
#3070 = CIRCLE('',#3071,51.560320187755);
#3071 = AXIS2_PLACEMENT_3D('',#3072,#3073,#3074);
#3072 = CARTESIAN_POINT('',(401.44791666666,0.,0.));
#3073 = DIRECTION('',(1.,0.,0.));
#3074 = DIRECTION('',(0.,1.,0.));
#3075 = ORIENTED_EDGE('',*,*,#3076,.T.);
#3076 = EDGE_CURVE('',#3068,#3043,#3077,.T.);
#3077 = LINE('',#3078,#3079);
#3078 = CARTESIAN_POINT('',(401.44791666666,51.560320187755,0.));
#3079 = VECTOR('',#3080,1.);
#3080 = DIRECTION('',(0.997624470026,6.888698574188E-02,0.));
#3081 = ORIENTED_EDGE('',*,*,#3042,.F.);
#3082 = ORIENTED_EDGE('',*,*,#3076,.F.);
#3083 = CONICAL_SURFACE('',#3084,51.560320187755,6.894158532639E-02);
#3084 = AXIS2_PLACEMENT_3D('',#3085,#3086,#3087);
#3085 = CARTESIAN_POINT('',(401.44791666666,0.,0.));
#3086 = DIRECTION('',(1.,0.,0.));
#3087 = DIRECTION('',(0.,1.,0.));
#3088 = ADVANCED_FACE('',(#3089),#3108,.F.);
#3089 = FACE_BOUND('',#3090,.F.);
#3090 = EDGE_LOOP('',(#3091,#3100,#3106,#3107));
#3091 = ORIENTED_EDGE('',*,*,#3092,.T.);
#3092 = EDGE_CURVE('',#3093,#3093,#3095,.T.);
#3093 = VERTEX_POINT('',#3094);
#3094 = CARTESIAN_POINT('',(395.734375,51.157974194517,0.));
#3095 = CIRCLE('',#3096,51.157974194517);
#3096 = AXIS2_PLACEMENT_3D('',#3097,#3098,#3099);
#3097 = CARTESIAN_POINT('',(395.734375,0.,0.));
#3098 = DIRECTION('',(1.,0.,0.));
#3099 = DIRECTION('',(0.,1.,0.));
#3100 = ORIENTED_EDGE('',*,*,#3101,.T.);
#3101 = EDGE_CURVE('',#3093,#3068,#3102,.T.);
#3102 = LINE('',#3103,#3104);
#3103 = CARTESIAN_POINT('',(395.734375,51.157974194517,0.));
#3104 = VECTOR('',#3105,1.);
#3105 = DIRECTION('',(0.997529715356,7.024576130276E-02,0.));
#3106 = ORIENTED_EDGE('',*,*,#3067,.F.);
#3107 = ORIENTED_EDGE('',*,*,#3101,.F.);
#3108 = CONICAL_SURFACE('',#3109,51.157974194517,7.030366085996E-02);
#3109 = AXIS2_PLACEMENT_3D('',#3110,#3111,#3112);
#3110 = CARTESIAN_POINT('',(395.734375,0.,0.));
#3111 = DIRECTION('',(1.,0.,0.));
#3112 = DIRECTION('',(0.,1.,0.));
#3113 = ADVANCED_FACE('',(#3114),#3133,.F.);
#3114 = FACE_BOUND('',#3115,.F.);
#3115 = EDGE_LOOP('',(#3116,#3125,#3131,#3132));
#3116 = ORIENTED_EDGE('',*,*,#3117,.T.);
#3117 = EDGE_CURVE('',#3118,#3118,#3120,.T.);
#3118 = VERTEX_POINT('',#3119);
#3119 = CARTESIAN_POINT('',(390.02083333333,50.747903463919,0.));
#3120 = CIRCLE('',#3121,50.747903463919);
#3121 = AXIS2_PLACEMENT_3D('',#3122,#3123,#3124);
#3122 = CARTESIAN_POINT('',(390.02083333333,0.,0.));
#3123 = DIRECTION('',(1.,0.,0.));
#3124 = DIRECTION('',(0.,1.,0.));
#3125 = ORIENTED_EDGE('',*,*,#3126,.T.);
#3126 = EDGE_CURVE('',#3118,#3093,#3127,.T.);
#3127 = LINE('',#3128,#3129);
#3128 = CARTESIAN_POINT('',(390.02083333333,50.747903463919,0.));
#3129 = VECTOR('',#3130,1.);
#3130 = DIRECTION('',(0.997434317854,7.158757970236E-02,0.));
#3131 = ORIENTED_EDGE('',*,*,#3092,.F.);
#3132 = ORIENTED_EDGE('',*,*,#3126,.F.);
#3133 = CONICAL_SURFACE('',#3134,50.747903463919,7.164886626209E-02);
#3134 = AXIS2_PLACEMENT_3D('',#3135,#3136,#3137);
#3135 = CARTESIAN_POINT('',(390.02083333333,0.,0.));
#3136 = DIRECTION('',(1.,0.,0.));
#3137 = DIRECTION('',(0.,1.,0.));
#3138 = ADVANCED_FACE('',(#3139),#3158,.F.);
#3139 = FACE_BOUND('',#3140,.F.);
#3140 = EDGE_LOOP('',(#3141,#3150,#3156,#3157));
#3141 = ORIENTED_EDGE('',*,*,#3142,.T.);
#3142 = EDGE_CURVE('',#3143,#3143,#3145,.T.);
#3143 = VERTEX_POINT('',#3144);
#3144 = CARTESIAN_POINT('',(384.30729166666,50.330193629852,0.));
#3145 = CIRCLE('',#3146,50.330193629852);
#3146 = AXIS2_PLACEMENT_3D('',#3147,#3148,#3149);
#3147 = CARTESIAN_POINT('',(384.30729166666,0.,0.));
#3148 = DIRECTION('',(1.,0.,0.));
#3149 = DIRECTION('',(0.,1.,0.));
#3150 = ORIENTED_EDGE('',*,*,#3151,.T.);
#3151 = EDGE_CURVE('',#3143,#3118,#3152,.T.);
#3152 = LINE('',#3153,#3154);
#3153 = CARTESIAN_POINT('',(384.30729166666,50.330193629852,0.));
#3154 = VECTOR('',#3155,1.);
#3155 = DIRECTION('',(0.997338221485,7.291414105463E-02,0.));
#3156 = ORIENTED_EDGE('',*,*,#3117,.F.);
#3157 = ORIENTED_EDGE('',*,*,#3151,.F.);
#3158 = CONICAL_SURFACE('',#3159,50.330193629852,7.29789037782E-02);
#3159 = AXIS2_PLACEMENT_3D('',#3160,#3161,#3162);
#3160 = CARTESIAN_POINT('',(384.30729166666,0.,0.));
#3161 = DIRECTION('',(1.,0.,0.));
#3162 = DIRECTION('',(0.,1.,0.));
#3163 = ADVANCED_FACE('',(#3164),#3183,.F.);
#3164 = FACE_BOUND('',#3165,.F.);
#3165 = EDGE_LOOP('',(#3166,#3175,#3181,#3182));
#3166 = ORIENTED_EDGE('',*,*,#3167,.T.);
#3167 = EDGE_CURVE('',#3168,#3168,#3170,.T.);
#3168 = VERTEX_POINT('',#3169);
#3169 = CARTESIAN_POINT('',(378.59375,49.904921232578,0.));
#3170 = CIRCLE('',#3171,49.904921232578);
#3171 = AXIS2_PLACEMENT_3D('',#3172,#3173,#3174);
#3172 = CARTESIAN_POINT('',(378.59375,0.,0.));
#3173 = DIRECTION('',(1.,0.,0.));
#3174 = DIRECTION('',(0.,1.,0.));
#3175 = ORIENTED_EDGE('',*,*,#3176,.T.);
#3176 = EDGE_CURVE('',#3168,#3143,#3177,.T.);
#3177 = LINE('',#3178,#3179);
#3178 = CARTESIAN_POINT('',(378.59375,49.904921232578,0.));
#3179 = VECTOR('',#3180,1.);
#3180 = DIRECTION('',(0.997241369,7.422702981754E-02,0.));
#3181 = ORIENTED_EDGE('',*,*,#3142,.F.);
#3182 = ORIENTED_EDGE('',*,*,#3176,.F.);
#3183 = CONICAL_SURFACE('',#3184,49.904921232578,7.4295360218E-02);
#3184 = AXIS2_PLACEMENT_3D('',#3185,#3186,#3187);
#3185 = CARTESIAN_POINT('',(378.59375,0.,0.));
#3186 = DIRECTION('',(1.,0.,0.));
#3187 = DIRECTION('',(0.,1.,0.));
#3188 = ADVANCED_FACE('',(#3189),#3208,.F.);
#3189 = FACE_BOUND('',#3190,.F.);
#3190 = EDGE_LOOP('',(#3191,#3200,#3206,#3207));
#3191 = ORIENTED_EDGE('',*,*,#3192,.T.);
#3192 = EDGE_CURVE('',#3193,#3193,#3195,.T.);
#3193 = VERTEX_POINT('',#3194);
#3194 = CARTESIAN_POINT('',(372.88020833333,49.47215428548,0.));
#3195 = CIRCLE('',#3196,49.47215428548);
#3196 = AXIS2_PLACEMENT_3D('',#3197,#3198,#3199);
#3197 = CARTESIAN_POINT('',(372.88020833333,0.,0.));
#3198 = DIRECTION('',(1.,0.,0.));
#3199 = DIRECTION('',(0.,1.,0.));
#3200 = ORIENTED_EDGE('',*,*,#3201,.T.);
#3201 = EDGE_CURVE('',#3193,#3168,#3202,.T.);
#3202 = LINE('',#3203,#3204);
#3203 = CARTESIAN_POINT('',(372.88020833333,49.47215428548,0.));
#3204 = VECTOR('',#3205,1.);
#3205 = DIRECTION('',(0.997143701737,7.552773057324E-02,0.));
#3206 = ORIENTED_EDGE('',*,*,#3167,.F.);
#3207 = ORIENTED_EDGE('',*,*,#3201,.F.);
#3208 = CONICAL_SURFACE('',#3209,49.47215428548,7.559972274094E-02);
#3209 = AXIS2_PLACEMENT_3D('',#3210,#3211,#3212);
#3210 = CARTESIAN_POINT('',(372.88020833333,0.,0.));
#3211 = DIRECTION('',(1.,0.,0.));
#3212 = DIRECTION('',(0.,1.,0.));
#3213 = ADVANCED_FACE('',(#3214),#3233,.F.);
#3214 = FACE_BOUND('',#3215,.F.);
#3215 = EDGE_LOOP('',(#3216,#3225,#3231,#3232));
#3216 = ORIENTED_EDGE('',*,*,#3217,.T.);
#3217 = EDGE_CURVE('',#3218,#3218,#3220,.T.);
#3218 = VERTEX_POINT('',#3219);
#3219 = CARTESIAN_POINT('',(367.16666666666,49.031952763714,0.));
#3220 = CIRCLE('',#3221,49.031952763714);
#3221 = AXIS2_PLACEMENT_3D('',#3222,#3223,#3224);
#3222 = CARTESIAN_POINT('',(367.16666666666,0.,0.));
#3223 = DIRECTION('',(1.,0.,0.));
#3224 = DIRECTION('',(0.,1.,0.));
#3225 = ORIENTED_EDGE('',*,*,#3226,.T.);
#3226 = EDGE_CURVE('',#3218,#3193,#3227,.T.);
#3227 = LINE('',#3228,#3229);
#3228 = CARTESIAN_POINT('',(367.16666666666,49.031952763714,0.));
#3229 = VECTOR('',#3230,1.);
#3230 = DIRECTION('',(0.997045159422,7.681764167543E-02,0.));
#3231 = ORIENTED_EDGE('',*,*,#3192,.F.);
#3232 = ORIENTED_EDGE('',*,*,#3226,.F.);
#3233 = CONICAL_SURFACE('',#3234,49.031952763714,7.689339251055E-02);
#3234 = AXIS2_PLACEMENT_3D('',#3235,#3236,#3237);
#3235 = CARTESIAN_POINT('',(367.16666666666,0.,0.));
#3236 = DIRECTION('',(1.,0.,0.));
#3237 = DIRECTION('',(0.,1.,0.));
#3238 = ADVANCED_FACE('',(#3239),#3258,.F.);
#3239 = FACE_BOUND('',#3240,.F.);
#3240 = EDGE_LOOP('',(#3241,#3250,#3256,#3257));
#3241 = ORIENTED_EDGE('',*,*,#3242,.T.);
#3242 = EDGE_CURVE('',#3243,#3243,#3245,.T.);
#3243 = VERTEX_POINT('',#3244);
#3244 = CARTESIAN_POINT('',(361.453125,48.584369024717,0.));
#3245 = CIRCLE('',#3246,48.584369024717);
#3246 = AXIS2_PLACEMENT_3D('',#3247,#3248,#3249);
#3247 = CARTESIAN_POINT('',(361.453125,0.,0.));
#3248 = DIRECTION('',(1.,0.,0.));
#3249 = DIRECTION('',(0.,1.,0.));
#3250 = ORIENTED_EDGE('',*,*,#3251,.T.);
#3251 = EDGE_CURVE('',#3243,#3218,#3252,.T.);
#3252 = LINE('',#3253,#3254);
#3253 = CARTESIAN_POINT('',(361.453125,48.584369024717,0.));
#3254 = VECTOR('',#3255,1.);
#3255 = DIRECTION('',(0.996945679956,7.809808714867E-02,0.));
#3256 = ORIENTED_EDGE('',*,*,#3217,.F.);
#3257 = ORIENTED_EDGE('',*,*,#3251,.F.);
#3258 = CONICAL_SURFACE('',#3259,48.584369024717,7.817769660258E-02);
#3259 = AXIS2_PLACEMENT_3D('',#3260,#3261,#3262);
#3260 = CARTESIAN_POINT('',(361.453125,0.,0.));
#3261 = DIRECTION('',(1.,0.,0.));
#3262 = DIRECTION('',(0.,1.,0.));
#3263 = ADVANCED_FACE('',(#3264),#3283,.F.);
#3264 = FACE_BOUND('',#3265,.F.);
#3265 = EDGE_LOOP('',(#3266,#3275,#3281,#3282));
#3266 = ORIENTED_EDGE('',*,*,#3267,.T.);
#3267 = EDGE_CURVE('',#3268,#3268,#3270,.T.);
#3268 = VERTEX_POINT('',#3269);
#3269 = CARTESIAN_POINT('',(355.73958333333,48.129448168767,0.));
#3270 = CIRCLE('',#3271,48.129448168767);
#3271 = AXIS2_PLACEMENT_3D('',#3272,#3273,#3274);
#3272 = CARTESIAN_POINT('',(355.73958333333,0.,0.));
#3273 = DIRECTION('',(1.,0.,0.));
#3274 = DIRECTION('',(0.,1.,0.));
#3275 = ORIENTED_EDGE('',*,*,#3276,.T.);
#3276 = EDGE_CURVE('',#3268,#3243,#3277,.T.);
#3277 = LINE('',#3278,#3279);
#3278 = CARTESIAN_POINT('',(355.73958333333,48.129448168767,0.));
#3279 = VECTOR('',#3280,1.);
#3280 = DIRECTION('',(0.9968451992,7.937032715026E-02,0.));
#3281 = ORIENTED_EDGE('',*,*,#3242,.F.);
#3282 = ORIENTED_EDGE('',*,*,#3276,.F.);
#3283 = CONICAL_SURFACE('',#3284,48.129448168767,7.945389847732E-02);
#3284 = AXIS2_PLACEMENT_3D('',#3285,#3286,#3287);
#3285 = CARTESIAN_POINT('',(355.73958333333,0.,0.));
#3286 = DIRECTION('',(1.,0.,0.));
#3287 = DIRECTION('',(0.,1.,0.));
#3288 = ADVANCED_FACE('',(#3289),#3308,.F.);
#3289 = FACE_BOUND('',#3290,.F.);
#3290 = EDGE_LOOP('',(#3291,#3300,#3306,#3307));
#3291 = ORIENTED_EDGE('',*,*,#3292,.T.);
#3292 = EDGE_CURVE('',#3293,#3293,#3295,.T.);
#3293 = VERTEX_POINT('',#3294);
#3294 = CARTESIAN_POINT('',(350.02604166666,47.667228346309,0.));
#3295 = CIRCLE('',#3296,47.667228346309);
#3296 = AXIS2_PLACEMENT_3D('',#3297,#3298,#3299);
#3297 = CARTESIAN_POINT('',(350.02604166666,0.,0.));
#3298 = DIRECTION('',(1.,0.,0.));
#3299 = DIRECTION('',(0.,1.,0.));
#3300 = ORIENTED_EDGE('',*,*,#3301,.T.);
#3301 = EDGE_CURVE('',#3293,#3268,#3302,.T.);
#3302 = LINE('',#3303,#3304);
#3303 = CARTESIAN_POINT('',(350.02604166666,47.667228346309,0.));
#3304 = VECTOR('',#3305,1.);
#3305 = DIRECTION('',(0.996743650742,8.063556724727E-02,0.));
#3306 = ORIENTED_EDGE('',*,*,#3267,.F.);
#3307 = ORIENTED_EDGE('',*,*,#3301,.F.);
#3308 = CONICAL_SURFACE('',#3309,47.667228346309,8.072320726903E-02);
#3309 = AXIS2_PLACEMENT_3D('',#3310,#3311,#3312);
#3310 = CARTESIAN_POINT('',(350.02604166666,0.,0.));
#3311 = DIRECTION('',(1.,0.,0.));
#3312 = DIRECTION('',(0.,1.,0.));
#3313 = ADVANCED_FACE('',(#3314),#3333,.F.);
#3314 = FACE_BOUND('',#3315,.F.);
#3315 = EDGE_LOOP('',(#3316,#3325,#3331,#3332));
#3316 = ORIENTED_EDGE('',*,*,#3317,.T.);
#3317 = EDGE_CURVE('',#3318,#3318,#3320,.T.);
#3318 = VERTEX_POINT('',#3319);
#3319 = CARTESIAN_POINT('',(344.3125,47.197741017623,0.));
#3320 = CIRCLE('',#3321,47.197741017623);
#3321 = AXIS2_PLACEMENT_3D('',#3322,#3323,#3324);
#3322 = CARTESIAN_POINT('',(344.3125,0.,0.));
#3323 = DIRECTION('',(1.,0.,0.));
#3324 = DIRECTION('',(0.,1.,0.));
#3325 = ORIENTED_EDGE('',*,*,#3326,.T.);
#3326 = EDGE_CURVE('',#3318,#3293,#3327,.T.);
#3327 = LINE('',#3328,#3329);
#3328 = CARTESIAN_POINT('',(344.3125,47.197741017623,0.));
#3329 = VECTOR('',#3330,1.);
#3330 = DIRECTION('',(0.996640965657,8.189496671656E-02,0.));
#3331 = ORIENTED_EDGE('',*,*,#3292,.F.);
#3332 = ORIENTED_EDGE('',*,*,#3326,.F.);
#3333 = CONICAL_SURFACE('',#3334,47.197741017623,8.198678610009E-02);
#3334 = AXIS2_PLACEMENT_3D('',#3335,#3336,#3337);
#3335 = CARTESIAN_POINT('',(344.3125,0.,0.));
#3336 = DIRECTION('',(1.,0.,0.));
#3337 = DIRECTION('',(0.,1.,0.));
#3338 = ADVANCED_FACE('',(#3339),#3358,.F.);
#3339 = FACE_BOUND('',#3340,.F.);
#3340 = EDGE_LOOP('',(#3341,#3350,#3356,#3357));
#3341 = ORIENTED_EDGE('',*,*,#3342,.T.);
#3342 = EDGE_CURVE('',#3343,#3343,#3345,.T.);
#3343 = VERTEX_POINT('',#3344);
#3344 = CARTESIAN_POINT('',(338.59895833333,46.721011169381,0.));
#3345 = CIRCLE('',#3346,46.721011169381);
#3346 = AXIS2_PLACEMENT_3D('',#3347,#3348,#3349);
#3347 = CARTESIAN_POINT('',(338.59895833333,0.,0.));
#3348 = DIRECTION('',(1.,0.,0.));
#3349 = DIRECTION('',(0.,1.,0.));
#3350 = ORIENTED_EDGE('',*,*,#3351,.T.);
#3351 = EDGE_CURVE('',#3343,#3318,#3352,.T.);
#3352 = LINE('',#3353,#3354);
#3353 = CARTESIAN_POINT('',(338.59895833333,46.721011169381,0.));
#3354 = VECTOR('',#3355,1.);
#3355 = DIRECTION('',(0.996537072247,8.314964604034E-02,0.));
#3356 = ORIENTED_EDGE('',*,*,#3317,.F.);
#3357 = ORIENTED_EDGE('',*,*,#3351,.F.);
#3358 = CONICAL_SURFACE('',#3359,46.721011169381,8.324575959287E-02);
#3359 = AXIS2_PLACEMENT_3D('',#3360,#3361,#3362);
#3360 = CARTESIAN_POINT('',(338.59895833333,0.,0.));
#3361 = DIRECTION('',(1.,0.,0.));
#3362 = DIRECTION('',(0.,1.,0.));
#3363 = ADVANCED_FACE('',(#3364),#3383,.F.);
#3364 = FACE_BOUND('',#3365,.F.);
#3365 = EDGE_LOOP('',(#3366,#3375,#3381,#3382));
#3366 = ORIENTED_EDGE('',*,*,#3367,.T.);
#3367 = EDGE_CURVE('',#3368,#3368,#3370,.T.);
#3368 = VERTEX_POINT('',#3369);
#3369 = CARTESIAN_POINT('',(332.88541666666,46.237057491823,0.));
#3370 = CIRCLE('',#3371,46.237057491823);
#3371 = AXIS2_PLACEMENT_3D('',#3372,#3373,#3374);
#3372 = CARTESIAN_POINT('',(332.88541666666,0.,0.));
#3373 = DIRECTION('',(1.,0.,0.));
#3374 = DIRECTION('',(0.,1.,0.));
#3375 = ORIENTED_EDGE('',*,*,#3376,.T.);
#3376 = EDGE_CURVE('',#3368,#3343,#3377,.T.);
#3377 = LINE('',#3378,#3379);
#3378 = CARTESIAN_POINT('',(332.88541666666,46.237057491823,0.));
#3379 = VECTOR('',#3380,1.);
#3380 = DIRECTION('',(0.996431895764,8.440069374206E-02,0.));
#3381 = ORIENTED_EDGE('',*,*,#3342,.F.);
#3382 = ORIENTED_EDGE('',*,*,#3376,.F.);
#3383 = CONICAL_SURFACE('',#3384,46.237057491823,8.450122072396E-02);
#3384 = AXIS2_PLACEMENT_3D('',#3385,#3386,#3387);
#3385 = CARTESIAN_POINT('',(332.88541666666,0.,0.));
#3386 = DIRECTION('',(1.,0.,0.));
#3387 = DIRECTION('',(0.,1.,0.));
#3388 = ADVANCED_FACE('',(#3389),#3408,.F.);
#3389 = FACE_BOUND('',#3390,.F.);
#3390 = EDGE_LOOP('',(#3391,#3400,#3406,#3407));
#3391 = ORIENTED_EDGE('',*,*,#3392,.T.);
#3392 = EDGE_CURVE('',#3393,#3393,#3395,.T.);
#3393 = VERTEX_POINT('',#3394);
#3394 = CARTESIAN_POINT('',(327.171875,45.745892519588,0.));
#3395 = CIRCLE('',#3396,45.745892519588);
#3396 = AXIS2_PLACEMENT_3D('',#3397,#3398,#3399);
#3397 = CARTESIAN_POINT('',(327.171875,0.,0.));
#3398 = DIRECTION('',(1.,0.,0.));
#3399 = DIRECTION('',(0.,1.,0.));
#3400 = ORIENTED_EDGE('',*,*,#3401,.T.);
#3401 = EDGE_CURVE('',#3393,#3368,#3402,.T.);
#3402 = LINE('',#3403,#3404);
#3403 = CARTESIAN_POINT('',(327.171875,45.745892519588,0.));
#3404 = VECTOR('',#3405,1.);
#3405 = DIRECTION('',(0.996325358113,8.564917268557E-02,0.));
#3406 = ORIENTED_EDGE('',*,*,#3367,.F.);
#3407 = ORIENTED_EDGE('',*,*,#3401,.F.);
#3408 = CONICAL_SURFACE('',#3409,45.745892519588,8.575423714403E-02);
#3409 = AXIS2_PLACEMENT_3D('',#3410,#3411,#3412);
#3410 = CARTESIAN_POINT('',(327.171875,0.,0.));
#3411 = DIRECTION('',(1.,0.,0.));
#3412 = DIRECTION('',(0.,1.,0.));
#3413 = ADVANCED_FACE('',(#3414),#3433,.F.);
#3414 = FACE_BOUND('',#3415,.F.);
#3415 = EDGE_LOOP('',(#3416,#3425,#3431,#3432));
#3416 = ORIENTED_EDGE('',*,*,#3417,.T.);
#3417 = EDGE_CURVE('',#3418,#3418,#3420,.T.);
#3418 = VERTEX_POINT('',#3419);
#3419 = CARTESIAN_POINT('',(321.45833333333,45.247522738609,0.));
#3420 = CIRCLE('',#3421,45.247522738609);
#3421 = AXIS2_PLACEMENT_3D('',#3422,#3423,#3424);
#3422 = CARTESIAN_POINT('',(321.45833333333,0.,0.));
#3423 = DIRECTION('',(1.,0.,0.));
#3424 = DIRECTION('',(0.,1.,0.));
#3425 = ORIENTED_EDGE('',*,*,#3426,.T.);
#3426 = EDGE_CURVE('',#3418,#3393,#3427,.T.);
#3427 = LINE('',#3428,#3429);
#3428 = CARTESIAN_POINT('',(321.45833333333,45.247522738609,0.));
#3429 = VECTOR('',#3430,1.);
#3430 = DIRECTION('',(0.996217377532,8.689612594321E-02,0.));
#3431 = ORIENTED_EDGE('',*,*,#3392,.F.);
#3432 = ORIENTED_EDGE('',*,*,#3426,.F.);
#3433 = CONICAL_SURFACE('',#3434,45.247522738609,8.700585706921E-02);
#3434 = AXIS2_PLACEMENT_3D('',#3435,#3436,#3437);
#3435 = CARTESIAN_POINT('',(321.45833333333,0.,0.));
#3436 = DIRECTION('',(1.,0.,0.));
#3437 = DIRECTION('',(0.,1.,0.));
#3438 = ADVANCED_FACE('',(#3439),#3458,.F.);
#3439 = FACE_BOUND('',#3440,.F.);
#3440 = EDGE_LOOP('',(#3441,#3450,#3456,#3457));
#3441 = ORIENTED_EDGE('',*,*,#3442,.T.);
#3442 = EDGE_CURVE('',#3443,#3443,#3445,.T.);
#3443 = VERTEX_POINT('',#3444);
#3444 = CARTESIAN_POINT('',(315.74479166666,44.741948660965,0.));
#3445 = CIRCLE('',#3446,44.741948660965);
#3446 = AXIS2_PLACEMENT_3D('',#3447,#3448,#3449);
#3447 = CARTESIAN_POINT('',(315.74479166666,0.,0.));
#3448 = DIRECTION('',(1.,0.,0.));
#3449 = DIRECTION('',(0.,1.,0.));
#3450 = ORIENTED_EDGE('',*,*,#3451,.T.);
#3451 = EDGE_CURVE('',#3443,#3418,#3452,.T.);
#3452 = LINE('',#3453,#3454);
#3453 = CARTESIAN_POINT('',(315.74479166666,44.741948660965,0.));
#3454 = VECTOR('',#3455,1.);
#3455 = DIRECTION('',(0.996107868246,8.814258232514E-02,0.));
#3456 = ORIENTED_EDGE('',*,*,#3417,.F.);
#3457 = ORIENTED_EDGE('',*,*,#3451,.F.);
#3458 = CONICAL_SURFACE('',#3459,44.741948660965,8.825711483643E-02);
#3459 = AXIS2_PLACEMENT_3D('',#3460,#3461,#3462);
#3460 = CARTESIAN_POINT('',(315.74479166666,0.,0.));
#3461 = DIRECTION('',(1.,0.,0.));
#3462 = DIRECTION('',(0.,1.,0.));
#3463 = ADVANCED_FACE('',(#3464),#3483,.F.);
#3464 = FACE_BOUND('',#3465,.F.);
#3465 = EDGE_LOOP('',(#3466,#3475,#3481,#3482));
#3466 = ORIENTED_EDGE('',*,*,#3467,.T.);
#3467 = EDGE_CURVE('',#3468,#3468,#3470,.T.);
#3468 = VERTEX_POINT('',#3469);
#3469 = CARTESIAN_POINT('',(310.03125,44.229164869106,0.));
#3470 = CIRCLE('',#3471,44.229164869106);
#3471 = AXIS2_PLACEMENT_3D('',#3472,#3473,#3474);
#3472 = CARTESIAN_POINT('',(310.03125,0.,0.));
#3473 = DIRECTION('',(1.,0.,0.));
#3474 = DIRECTION('',(0.,1.,0.));
#3475 = ORIENTED_EDGE('',*,*,#3476,.T.);
#3476 = EDGE_CURVE('',#3468,#3443,#3477,.T.);
#3477 = LINE('',#3478,#3479);
#3478 = CARTESIAN_POINT('',(310.03125,44.229164869106,0.));
#3479 = VECTOR('',#3480,1.);
#3480 = DIRECTION('',(0.995996740089,8.938956165163E-02,0.));
#3481 = ORIENTED_EDGE('',*,*,#3442,.F.);
#3482 = ORIENTED_EDGE('',*,*,#3476,.F.);
#3483 = CONICAL_SURFACE('',#3484,44.229164869106,8.950903620482E-02);
#3484 = AXIS2_PLACEMENT_3D('',#3485,#3486,#3487);
#3485 = CARTESIAN_POINT('',(310.03125,0.,0.));
#3486 = DIRECTION('',(1.,0.,0.));
#3487 = DIRECTION('',(0.,1.,0.));
#3488 = ADVANCED_FACE('',(#3489),#3508,.F.);
#3489 = FACE_BOUND('',#3490,.F.);
#3490 = EDGE_LOOP('',(#3491,#3500,#3506,#3507));
#3491 = ORIENTED_EDGE('',*,*,#3492,.T.);
#3492 = EDGE_CURVE('',#3493,#3493,#3495,.T.);
#3493 = VERTEX_POINT('',#3494);
#3494 = CARTESIAN_POINT('',(304.31770833333,43.709160030434,0.));
#3495 = CIRCLE('',#3496,43.709160030434);
#3496 = AXIS2_PLACEMENT_3D('',#3497,#3498,#3499);
#3497 = CARTESIAN_POINT('',(304.31770833333,0.,0.));
#3498 = DIRECTION('',(1.,0.,0.));
#3499 = DIRECTION('',(0.,1.,0.));
#3500 = ORIENTED_EDGE('',*,*,#3501,.T.);
#3501 = EDGE_CURVE('',#3493,#3468,#3502,.T.);
#3502 = LINE('',#3503,#3504);
#3503 = CARTESIAN_POINT('',(304.31770833333,43.709160030434,0.));
#3504 = VECTOR('',#3505,1.);
#3505 = DIRECTION('',(0.995883898094,9.063807984213E-02,0.));
#3506 = ORIENTED_EDGE('',*,*,#3467,.F.);
#3507 = ORIENTED_EDGE('',*,*,#3501,.F.);
#3508 = CONICAL_SURFACE('',#3509,43.709160030434,9.076264347732E-02);
#3509 = AXIS2_PLACEMENT_3D('',#3510,#3511,#3512);
#3510 = CARTESIAN_POINT('',(304.31770833333,0.,0.));
#3511 = DIRECTION('',(1.,0.,0.));
#3512 = DIRECTION('',(0.,1.,0.));
#3513 = ADVANCED_FACE('',(#3514),#3533,.F.);
#3514 = FACE_BOUND('',#3515,.F.);
#3515 = EDGE_LOOP('',(#3516,#3525,#3531,#3532));
#3516 = ORIENTED_EDGE('',*,*,#3517,.T.);
#3517 = EDGE_CURVE('',#3518,#3518,#3520,.T.);
#3518 = VERTEX_POINT('',#3519);
#3519 = CARTESIAN_POINT('',(298.60416666666,43.181916882831,0.));
#3520 = CIRCLE('',#3521,43.181916882831);
#3521 = AXIS2_PLACEMENT_3D('',#3522,#3523,#3524);
#3522 = CARTESIAN_POINT('',(298.60416666666,0.,0.));
#3523 = DIRECTION('',(1.,0.,0.));
#3524 = DIRECTION('',(0.,1.,0.));
#3525 = ORIENTED_EDGE('',*,*,#3526,.T.);
#3526 = EDGE_CURVE('',#3518,#3493,#3527,.T.);
#3527 = LINE('',#3528,#3529);
#3528 = CARTESIAN_POINT('',(298.60416666666,43.181916882831,0.));
#3529 = VECTOR('',#3530,1.);
#3530 = DIRECTION('',(0.995769242042,9.188915388908E-02,0.));
#3531 = ORIENTED_EDGE('',*,*,#3492,.F.);
#3532 = ORIENTED_EDGE('',*,*,#3526,.F.);
#3533 = CONICAL_SURFACE('',#3534,43.181916882831,9.201896051084E-02);
#3534 = AXIS2_PLACEMENT_3D('',#3535,#3536,#3537);
#3535 = CARTESIAN_POINT('',(298.60416666666,0.,0.));
#3536 = DIRECTION('',(1.,0.,0.));
#3537 = DIRECTION('',(0.,1.,0.));
#3538 = ADVANCED_FACE('',(#3539),#3558,.F.);
#3539 = FACE_BOUND('',#3540,.F.);
#3540 = EDGE_LOOP('',(#3541,#3550,#3556,#3557));
#3541 = ORIENTED_EDGE('',*,*,#3542,.T.);
#3542 = EDGE_CURVE('',#3543,#3543,#3545,.T.);
#3543 = VERTEX_POINT('',#3544);
#3544 = CARTESIAN_POINT('',(292.890625,42.647412191366,0.));
#3545 = CIRCLE('',#3546,42.647412191366);
#3546 = AXIS2_PLACEMENT_3D('',#3547,#3548,#3549);
#3547 = CARTESIAN_POINT('',(292.890625,0.,0.));
#3548 = DIRECTION('',(1.,0.,0.));
#3549 = DIRECTION('',(0.,1.,0.));
#3550 = ORIENTED_EDGE('',*,*,#3551,.T.);
#3551 = EDGE_CURVE('',#3543,#3518,#3552,.T.);
#3552 = LINE('',#3553,#3554);
#3553 = CARTESIAN_POINT('',(292.890625,42.647412191366,0.));
#3554 = VECTOR('',#3555,1.);
#3555 = DIRECTION('',(0.995652665973,9.314380678044E-02,0.));
#3556 = ORIENTED_EDGE('',*,*,#3517,.F.);
#3557 = ORIENTED_EDGE('',*,*,#3551,.F.);
#3558 = CONICAL_SURFACE('',#3559,42.647412191366,9.327901767934E-02);
#3559 = AXIS2_PLACEMENT_3D('',#3560,#3561,#3562);
#3560 = CARTESIAN_POINT('',(292.890625,0.,0.));
#3561 = DIRECTION('',(1.,0.,0.));
#3562 = DIRECTION('',(0.,1.,0.));
#3563 = ADVANCED_FACE('',(#3564),#3583,.F.);
#3564 = FACE_BOUND('',#3565,.F.);
#3565 = EDGE_LOOP('',(#3566,#3575,#3581,#3582));
#3566 = ORIENTED_EDGE('',*,*,#3567,.T.);
#3567 = EDGE_CURVE('',#3568,#3568,#3570,.T.);
#3568 = VERTEX_POINT('',#3569);
#3569 = CARTESIAN_POINT('',(287.17708333333,42.105616676018,0.));
#3570 = CIRCLE('',#3571,42.105616676018);
#3571 = AXIS2_PLACEMENT_3D('',#3572,#3573,#3574);
#3572 = CARTESIAN_POINT('',(287.17708333333,0.,0.));
#3573 = DIRECTION('',(1.,0.,0.));
#3574 = DIRECTION('',(0.,1.,0.));
#3575 = ORIENTED_EDGE('',*,*,#3576,.T.);
#3576 = EDGE_CURVE('',#3568,#3543,#3577,.T.);
#3577 = LINE('',#3578,#3579);
#3578 = CARTESIAN_POINT('',(287.17708333333,42.105616676018,0.));
#3579 = VECTOR('',#3580,1.);
#3580 = DIRECTION('',(0.995534057637,9.440307243238E-02,0.));
#3581 = ORIENTED_EDGE('',*,*,#3542,.F.);
#3582 = ORIENTED_EDGE('',*,*,#3576,.F.);
#3583 = CONICAL_SURFACE('',#3584,42.105616676018,9.4543856852E-02);
#3584 = AXIS2_PLACEMENT_3D('',#3585,#3586,#3587);
#3585 = CARTESIAN_POINT('',(287.17708333333,0.,0.));
#3586 = DIRECTION('',(1.,0.,0.));
#3587 = DIRECTION('',(0.,1.,0.));
#3588 = ADVANCED_FACE('',(#3589),#3608,.F.);
#3589 = FACE_BOUND('',#3590,.F.);
#3590 = EDGE_LOOP('',(#3591,#3600,#3606,#3607));
#3591 = ORIENTED_EDGE('',*,*,#3592,.T.);
#3592 = EDGE_CURVE('',#3593,#3593,#3595,.T.);
#3593 = VERTEX_POINT('',#3594);
#3594 = CARTESIAN_POINT('',(281.46354166666,41.556494909936,0.));
#3595 = CIRCLE('',#3596,41.556494909936);
#3596 = AXIS2_PLACEMENT_3D('',#3597,#3598,#3599);
#3597 = CARTESIAN_POINT('',(281.46354166666,0.,0.));
#3598 = DIRECTION('',(1.,0.,0.));
#3599 = DIRECTION('',(0.,1.,0.));
#3600 = ORIENTED_EDGE('',*,*,#3601,.T.);
#3601 = EDGE_CURVE('',#3593,#3568,#3602,.T.);
#3602 = LINE('',#3603,#3604);
#3603 = CARTESIAN_POINT('',(281.46354166666,41.556494909936,0.));
#3604 = VECTOR('',#3605,1.);
#3605 = DIRECTION('',(0.995413297904,9.566800069304E-02,0.));
#3606 = ORIENTED_EDGE('',*,*,#3567,.F.);
#3607 = ORIENTED_EDGE('',*,*,#3601,.F.);
#3608 = CONICAL_SURFACE('',#3609,41.556494909936,9.581453644777E-02);
#3609 = AXIS2_PLACEMENT_3D('',#3610,#3611,#3612);
#3610 = CARTESIAN_POINT('',(281.46354166666,0.,0.));
#3611 = DIRECTION('',(1.,0.,0.));
#3612 = DIRECTION('',(0.,1.,0.));
#3613 = ADVANCED_FACE('',(#3614),#3633,.F.);
#3614 = FACE_BOUND('',#3615,.F.);
#3615 = EDGE_LOOP('',(#3616,#3625,#3631,#3632));
#3616 = ORIENTED_EDGE('',*,*,#3617,.T.);
#3617 = EDGE_CURVE('',#3618,#3618,#3620,.T.);
#3618 = VERTEX_POINT('',#3619);
#3619 = CARTESIAN_POINT('',(275.75,41.00000518736,0.));
#3620 = CIRCLE('',#3621,41.00000518736);
#3621 = AXIS2_PLACEMENT_3D('',#3622,#3623,#3624);
#3622 = CARTESIAN_POINT('',(275.75,0.,0.));
#3623 = DIRECTION('',(1.,0.,0.));
#3624 = DIRECTION('',(0.,1.,0.));
#3625 = ORIENTED_EDGE('',*,*,#3626,.T.);
#3626 = EDGE_CURVE('',#3618,#3593,#3627,.T.);
#3627 = LINE('',#3628,#3629);
#3628 = CARTESIAN_POINT('',(275.75,41.00000518736,0.));
#3629 = VECTOR('',#3630,1.);
#3630 = DIRECTION('',(0.995290260094,9.693966247834E-02,0.));
#3631 = ORIENTED_EDGE('',*,*,#3592,.F.);
#3632 = ORIENTED_EDGE('',*,*,#3626,.F.);
#3633 = CONICAL_SURFACE('',#3634,41.00000518736,9.709213662808E-02);
#3634 = AXIS2_PLACEMENT_3D('',#3635,#3636,#3637);
#3635 = CARTESIAN_POINT('',(275.75,0.,0.));
#3636 = DIRECTION('',(1.,0.,0.));
#3637 = DIRECTION('',(0.,1.,0.));
#3638 = ADVANCED_FACE('',(#3639),#3658,.F.);
#3639 = FACE_BOUND('',#3640,.F.);
#3640 = EDGE_LOOP('',(#3641,#3650,#3656,#3657));
#3641 = ORIENTED_EDGE('',*,*,#3642,.T.);
#3642 = EDGE_CURVE('',#3643,#3643,#3645,.T.);
#3643 = VERTEX_POINT('',#3644);
#3644 = CARTESIAN_POINT('',(270.03645833333,40.436099359974,0.));
#3645 = CIRCLE('',#3646,40.436099359974);
#3646 = AXIS2_PLACEMENT_3D('',#3647,#3648,#3649);
#3647 = CARTESIAN_POINT('',(270.03645833333,0.,0.));
#3648 = DIRECTION('',(1.,0.,0.));
#3649 = DIRECTION('',(0.,1.,0.));
#3650 = ORIENTED_EDGE('',*,*,#3651,.T.);
#3651 = EDGE_CURVE('',#3643,#3618,#3652,.T.);
#3652 = LINE('',#3653,#3654);
#3653 = CARTESIAN_POINT('',(270.03645833333,40.436099359974,0.));
#3654 = VECTOR('',#3655,1.);
#3655 = DIRECTION('',(0.995164809251,9.821915510312E-02,0.));
#3656 = ORIENTED_EDGE('',*,*,#3617,.F.);
#3657 = ORIENTED_EDGE('',*,*,#3651,.F.);
#3658 = CONICAL_SURFACE('',#3659,40.436099359974,9.837776469198E-02);
#3659 = AXIS2_PLACEMENT_3D('',#3660,#3661,#3662);
#3660 = CARTESIAN_POINT('',(270.03645833333,0.,0.));
#3661 = DIRECTION('',(1.,0.,0.));
#3662 = DIRECTION('',(0.,1.,0.));
#3663 = ADVANCED_FACE('',(#3664),#3683,.F.);
#3664 = FACE_BOUND('',#3665,.F.);
#3665 = EDGE_LOOP('',(#3666,#3675,#3681,#3682));
#3666 = ORIENTED_EDGE('',*,*,#3667,.T.);
#3667 = EDGE_CURVE('',#3668,#3668,#3670,.T.);
#3668 = VERTEX_POINT('',#3669);
#3669 = CARTESIAN_POINT('',(264.32291666666,39.86472264005,0.));
#3670 = CIRCLE('',#3671,39.86472264005);
#3671 = AXIS2_PLACEMENT_3D('',#3672,#3673,#3674);
#3672 = CARTESIAN_POINT('',(264.32291666666,0.,0.));
#3673 = DIRECTION('',(1.,0.,0.));
#3674 = DIRECTION('',(0.,1.,0.));
#3675 = ORIENTED_EDGE('',*,*,#3676,.T.);
#3676 = EDGE_CURVE('',#3668,#3643,#3677,.T.);
#3677 = LINE('',#3678,#3679);
#3678 = CARTESIAN_POINT('',(264.32291666666,39.86472264005,0.));
#3679 = VECTOR('',#3680,1.);
#3680 = DIRECTION('',(0.995036801317,9.950760787424E-02,0.));
#3681 = ORIENTED_EDGE('',*,*,#3642,.F.);
#3682 = ORIENTED_EDGE('',*,*,#3676,.F.);
#3683 = CONICAL_SURFACE('',#3684,39.86472264005,9.967256074107E-02);
#3684 = AXIS2_PLACEMENT_3D('',#3685,#3686,#3687);
#3685 = CARTESIAN_POINT('',(264.32291666666,0.,0.));
#3686 = DIRECTION('',(1.,0.,0.));
#3687 = DIRECTION('',(0.,1.,0.));
#3688 = ADVANCED_FACE('',(#3689),#3708,.F.);
#3689 = FACE_BOUND('',#3690,.F.);
#3690 = EDGE_LOOP('',(#3691,#3700,#3706,#3707));
#3691 = ORIENTED_EDGE('',*,*,#3692,.T.);
#3692 = EDGE_CURVE('',#3693,#3693,#3695,.T.);
#3693 = VERTEX_POINT('',#3694);
#3694 = CARTESIAN_POINT('',(258.609375,39.285813368329,0.));
#3695 = CIRCLE('',#3696,39.285813368329);
#3696 = AXIS2_PLACEMENT_3D('',#3697,#3698,#3699);
#3697 = CARTESIAN_POINT('',(258.609375,0.,0.));
#3698 = DIRECTION('',(1.,0.,0.));
#3699 = DIRECTION('',(0.,1.,0.));
#3700 = ORIENTED_EDGE('',*,*,#3701,.T.);
#3701 = EDGE_CURVE('',#3693,#3668,#3702,.T.);
#3702 = LINE('',#3703,#3704);
#3703 = CARTESIAN_POINT('',(258.609375,39.285813368329,0.));
#3704 = VECTOR('',#3705,1.);
#3705 = DIRECTION('',(0.99490608223,0.100806188017,0.));
#3706 = ORIENTED_EDGE('',*,*,#3667,.F.);
#3707 = ORIENTED_EDGE('',*,*,#3701,.F.);
#3708 = CONICAL_SURFACE('',#3709,39.285813368329,0.100977703687);
#3709 = AXIS2_PLACEMENT_3D('',#3710,#3711,#3712);
#3710 = CARTESIAN_POINT('',(258.609375,0.,0.));
#3711 = DIRECTION('',(1.,0.,0.));
#3712 = DIRECTION('',(0.,1.,0.));
#3713 = ADVANCED_FACE('',(#3714),#3733,.F.);
#3714 = FACE_BOUND('',#3715,.F.);
#3715 = EDGE_LOOP('',(#3716,#3725,#3731,#3732));
#3716 = ORIENTED_EDGE('',*,*,#3717,.T.);
#3717 = EDGE_CURVE('',#3718,#3718,#3720,.T.);
#3718 = VERTEX_POINT('',#3719);
#3719 = CARTESIAN_POINT('',(252.89583333333,38.699302744088,0.));
#3720 = CIRCLE('',#3721,38.699302744088);
#3721 = AXIS2_PLACEMENT_3D('',#3722,#3723,#3724);
#3722 = CARTESIAN_POINT('',(252.89583333333,0.,0.));
#3723 = DIRECTION('',(1.,0.,0.));
#3724 = DIRECTION('',(0.,1.,0.));
#3725 = ORIENTED_EDGE('',*,*,#3726,.T.);
#3726 = EDGE_CURVE('',#3718,#3693,#3727,.T.);
#3727 = LINE('',#3728,#3729);
#3728 = CARTESIAN_POINT('',(252.89583333333,38.699302744088,0.));
#3729 = VECTOR('',#3730,1.);
#3730 = DIRECTION('',(0.994772486897,0.102116107015,0.));
#3731 = ORIENTED_EDGE('',*,*,#3692,.F.);
#3732 = ORIENTED_EDGE('',*,*,#3726,.F.);
#3733 = CONICAL_SURFACE('',#3734,38.699302744088,0.102294417682);
#3734 = AXIS2_PLACEMENT_3D('',#3735,#3736,#3737);
#3735 = CARTESIAN_POINT('',(252.89583333333,0.,0.));
#3736 = DIRECTION('',(1.,0.,0.));
#3737 = DIRECTION('',(0.,1.,0.));
#3738 = ADVANCED_FACE('',(#3739),#3758,.F.);
#3739 = FACE_BOUND('',#3740,.F.);
#3740 = EDGE_LOOP('',(#3741,#3750,#3756,#3757));
#3741 = ORIENTED_EDGE('',*,*,#3742,.T.);
#3742 = EDGE_CURVE('',#3743,#3743,#3745,.T.);
#3743 = VERTEX_POINT('',#3744);
#3744 = CARTESIAN_POINT('',(247.18229166666,38.105114514355,0.));
#3745 = CIRCLE('',#3746,38.105114514355);
#3746 = AXIS2_PLACEMENT_3D('',#3747,#3748,#3749);
#3747 = CARTESIAN_POINT('',(247.18229166666,0.,0.));
#3748 = DIRECTION('',(1.,0.,0.));
#3749 = DIRECTION('',(0.,1.,0.));
#3750 = ORIENTED_EDGE('',*,*,#3751,.T.);
#3751 = EDGE_CURVE('',#3743,#3718,#3752,.T.);
#3752 = LINE('',#3753,#3754);
#3753 = CARTESIAN_POINT('',(247.18229166666,38.105114514355,0.));
#3754 = VECTOR('',#3755,1.);
#3755 = DIRECTION('',(0.99463583806,0.103438627444,0.));
#3756 = ORIENTED_EDGE('',*,*,#3717,.F.);
#3757 = ORIENTED_EDGE('',*,*,#3751,.F.);
#3758 = CONICAL_SURFACE('',#3759,38.105114514355,0.103623979057);
#3759 = AXIS2_PLACEMENT_3D('',#3760,#3761,#3762);
#3760 = CARTESIAN_POINT('',(247.18229166666,0.,0.));
#3761 = DIRECTION('',(1.,0.,0.));
#3762 = DIRECTION('',(0.,1.,0.));
#3763 = ADVANCED_FACE('',(#3764),#3783,.F.);
#3764 = FACE_BOUND('',#3765,.F.);
#3765 = EDGE_LOOP('',(#3766,#3775,#3781,#3782));
#3766 = ORIENTED_EDGE('',*,*,#3767,.T.);
#3767 = EDGE_CURVE('',#3768,#3768,#3770,.T.);
#3768 = VERTEX_POINT('',#3769);
#3769 = CARTESIAN_POINT('',(241.46875,37.503164618601,0.));
#3770 = CIRCLE('',#3771,37.503164618601);
#3771 = AXIS2_PLACEMENT_3D('',#3772,#3773,#3774);
#3772 = CARTESIAN_POINT('',(241.46875,0.,0.));
#3773 = DIRECTION('',(1.,0.,0.));
#3774 = DIRECTION('',(0.,1.,0.));
#3775 = ORIENTED_EDGE('',*,*,#3776,.T.);
#3776 = EDGE_CURVE('',#3768,#3743,#3777,.T.);
#3777 = LINE('',#3778,#3779);
#3778 = CARTESIAN_POINT('',(241.46875,37.503164618601,0.));
#3779 = VECTOR('',#3780,1.);
#3780 = DIRECTION('',(0.994495944999,0.104775070411,0.));
#3781 = ORIENTED_EDGE('',*,*,#3742,.F.);
#3782 = ORIENTED_EDGE('',*,*,#3776,.F.);
#3783 = CONICAL_SURFACE('',#3784,37.503164618601,0.104967723878);
#3784 = AXIS2_PLACEMENT_3D('',#3785,#3786,#3787);
#3785 = CARTESIAN_POINT('',(241.46875,0.,0.));
#3786 = DIRECTION('',(1.,0.,0.));
#3787 = DIRECTION('',(0.,1.,0.));
#3788 = ADVANCED_FACE('',(#3789),#3808,.F.);
#3789 = FACE_BOUND('',#3790,.F.);
#3790 = EDGE_LOOP('',(#3791,#3800,#3806,#3807));
#3791 = ORIENTED_EDGE('',*,*,#3792,.T.);
#3792 = EDGE_CURVE('',#3793,#3793,#3795,.T.);
#3793 = VERTEX_POINT('',#3794);
#3794 = CARTESIAN_POINT('',(235.75520833333,36.893360784601,0.));
#3795 = CIRCLE('',#3796,36.893360784601);
#3796 = AXIS2_PLACEMENT_3D('',#3797,#3798,#3799);
#3797 = CARTESIAN_POINT('',(235.75520833333,0.,0.));
#3798 = DIRECTION('',(1.,0.,0.));
#3799 = DIRECTION('',(0.,1.,0.));
#3800 = ORIENTED_EDGE('',*,*,#3801,.T.);
#3801 = EDGE_CURVE('',#3793,#3768,#3802,.T.);
#3802 = LINE('',#3803,#3804);
#3803 = CARTESIAN_POINT('',(235.75520833333,36.893360784601,0.));
#3804 = VECTOR('',#3805,1.);
#3805 = DIRECTION('',(0.994352602095,0.10612682369,0.));
#3806 = ORIENTED_EDGE('',*,*,#3767,.F.);
#3807 = ORIENTED_EDGE('',*,*,#3801,.F.);
#3808 = CONICAL_SURFACE('',#3809,36.893360784601,0.106327056214);
#3809 = AXIS2_PLACEMENT_3D('',#3810,#3811,#3812);
#3810 = CARTESIAN_POINT('',(235.75520833333,0.,0.));
#3811 = DIRECTION('',(1.,0.,0.));
#3812 = DIRECTION('',(0.,1.,0.));
#3813 = ADVANCED_FACE('',(#3814),#3833,.F.);
#3814 = FACE_BOUND('',#3815,.F.);
#3815 = EDGE_LOOP('',(#3816,#3825,#3831,#3832));
#3816 = ORIENTED_EDGE('',*,*,#3817,.T.);
#3817 = EDGE_CURVE('',#3818,#3818,#3820,.T.);
#3818 = VERTEX_POINT('',#3819);
#3819 = CARTESIAN_POINT('',(230.04166666666,36.275602070355,0.));
#3820 = CIRCLE('',#3821,36.275602070355);
#3821 = AXIS2_PLACEMENT_3D('',#3822,#3823,#3824);
#3822 = CARTESIAN_POINT('',(230.04166666666,0.,0.));
#3823 = DIRECTION('',(1.,0.,0.));
#3824 = DIRECTION('',(0.,1.,0.));
#3825 = ORIENTED_EDGE('',*,*,#3826,.T.);
#3826 = EDGE_CURVE('',#3818,#3793,#3827,.T.);
#3827 = LINE('',#3828,#3829);
#3828 = CARTESIAN_POINT('',(230.04166666666,36.275602070355,0.));
#3829 = VECTOR('',#3830,1.);
#3830 = DIRECTION('',(0.994205587178,0.107495350706,0.));
#3831 = ORIENTED_EDGE('',*,*,#3792,.F.);
#3832 = ORIENTED_EDGE('',*,*,#3826,.F.);
#3833 = CONICAL_SURFACE('',#3834,36.275602070355,0.107703457274);
#3834 = AXIS2_PLACEMENT_3D('',#3835,#3836,#3837);
#3835 = CARTESIAN_POINT('',(230.04166666666,0.,0.));
#3836 = DIRECTION('',(1.,0.,0.));
#3837 = DIRECTION('',(0.,1.,0.));
#3838 = ADVANCED_FACE('',(#3839),#3858,.F.);
#3839 = FACE_BOUND('',#3840,.F.);
#3840 = EDGE_LOOP('',(#3841,#3850,#3856,#3857));
#3841 = ORIENTED_EDGE('',*,*,#3842,.T.);
#3842 = EDGE_CURVE('',#3843,#3843,#3845,.T.);
#3843 = VERTEX_POINT('',#3844);
#3844 = CARTESIAN_POINT('',(224.328125,35.649778346058,0.));
#3845 = CIRCLE('',#3846,35.649778346058);
#3846 = AXIS2_PLACEMENT_3D('',#3847,#3848,#3849);
#3847 = CARTESIAN_POINT('',(224.328125,0.,0.));
#3848 = DIRECTION('',(1.,0.,0.));
#3849 = DIRECTION('',(0.,1.,0.));
#3850 = ORIENTED_EDGE('',*,*,#3851,.T.);
#3851 = EDGE_CURVE('',#3843,#3818,#3852,.T.);
#3852 = LINE('',#3853,#3854);
#3853 = CARTESIAN_POINT('',(224.328125,35.649778346058,0.));
#3854 = VECTOR('',#3855,1.);
#3855 = DIRECTION('',(0.994054659672,0.108882200492,0.));
#3856 = ORIENTED_EDGE('',*,*,#3817,.F.);
#3857 = ORIENTED_EDGE('',*,*,#3851,.F.);
#3858 = CONICAL_SURFACE('',#3859,35.649778346058,0.109098495538);
#3859 = AXIS2_PLACEMENT_3D('',#3860,#3861,#3862);
#3860 = CARTESIAN_POINT('',(224.328125,0.,0.));
#3861 = DIRECTION('',(1.,0.,0.));
#3862 = DIRECTION('',(0.,1.,0.));
#3863 = ADVANCED_FACE('',(#3864),#3883,.F.);
#3864 = FACE_BOUND('',#3865,.F.);
#3865 = EDGE_LOOP('',(#3866,#3875,#3881,#3882));
#3866 = ORIENTED_EDGE('',*,*,#3867,.T.);
#3867 = EDGE_CURVE('',#3868,#3868,#3870,.T.);
#3868 = VERTEX_POINT('',#3869);
#3869 = CARTESIAN_POINT('',(218.61458333333,35.015769709077,0.));
#3870 = CIRCLE('',#3871,35.015769709077);
#3871 = AXIS2_PLACEMENT_3D('',#3872,#3873,#3874);
#3872 = CARTESIAN_POINT('',(218.61458333333,0.,0.));
#3873 = DIRECTION('',(1.,0.,0.));
#3874 = DIRECTION('',(0.,1.,0.));
#3875 = ORIENTED_EDGE('',*,*,#3876,.T.);
#3876 = EDGE_CURVE('',#3868,#3843,#3877,.T.);
#3877 = LINE('',#3878,#3879);
#3878 = CARTESIAN_POINT('',(218.61458333333,35.015769709077,0.));
#3879 = VECTOR('',#3880,1.);
#3880 = DIRECTION('',(0.993899558471,0.110289018813,0.));
#3881 = ORIENTED_EDGE('',*,*,#3842,.F.);
#3882 = ORIENTED_EDGE('',*,*,#3876,.F.);
#3883 = CONICAL_SURFACE('',#3884,35.015769709077,0.110513838077);
#3884 = AXIS2_PLACEMENT_3D('',#3885,#3886,#3887);
#3885 = CARTESIAN_POINT('',(218.61458333333,0.,0.));
#3886 = DIRECTION('',(1.,0.,0.));
#3887 = DIRECTION('',(0.,1.,0.));
#3888 = ADVANCED_FACE('',(#3889),#3908,.F.);
#3889 = FACE_BOUND('',#3890,.F.);
#3890 = EDGE_LOOP('',(#3891,#3900,#3906,#3907));
#3891 = ORIENTED_EDGE('',*,*,#3892,.T.);
#3892 = EDGE_CURVE('',#3893,#3893,#3895,.T.);
#3893 = VERTEX_POINT('',#3894);
#3894 = CARTESIAN_POINT('',(212.90104166666,34.373445823601,0.));
#3895 = CIRCLE('',#3896,34.373445823601);
#3896 = AXIS2_PLACEMENT_3D('',#3897,#3898,#3899);
#3897 = CARTESIAN_POINT('',(212.90104166666,0.,0.));
#3898 = DIRECTION('',(1.,0.,0.));
#3899 = DIRECTION('',(0.,1.,0.));
#3900 = ORIENTED_EDGE('',*,*,#3901,.T.);
#3901 = EDGE_CURVE('',#3893,#3868,#3902,.T.);
#3902 = LINE('',#3903,#3904);
#3903 = CARTESIAN_POINT('',(212.90104166666,34.373445823601,0.));
#3904 = VECTOR('',#3905,1.);
#3905 = DIRECTION('',(0.993739999519,0.111717560645,0.));
#3906 = ORIENTED_EDGE('',*,*,#3867,.F.);
#3907 = ORIENTED_EDGE('',*,*,#3901,.F.);
#3908 = CONICAL_SURFACE('',#3909,34.373445823601,0.111951263269);
#3909 = AXIS2_PLACEMENT_3D('',#3910,#3911,#3912);
#3910 = CARTESIAN_POINT('',(212.90104166666,0.,0.));
#3911 = DIRECTION('',(1.,0.,0.));
#3912 = DIRECTION('',(0.,1.,0.));
#3913 = ADVANCED_FACE('',(#3914),#3933,.F.);
#3914 = FACE_BOUND('',#3915,.F.);
#3915 = EDGE_LOOP('',(#3916,#3925,#3931,#3932));
#3916 = ORIENTED_EDGE('',*,*,#3917,.T.);
#3917 = EDGE_CURVE('',#3918,#3918,#3920,.T.);
#3918 = VERTEX_POINT('',#3919);
#3919 = CARTESIAN_POINT('',(207.1875,33.722665175203,0.));
#3920 = CIRCLE('',#3921,33.722665175203);
#3921 = AXIS2_PLACEMENT_3D('',#3922,#3923,#3924);
#3922 = CARTESIAN_POINT('',(207.1875,0.,0.));
#3923 = DIRECTION('',(1.,0.,0.));
#3924 = DIRECTION('',(0.,1.,0.));
#3925 = ORIENTED_EDGE('',*,*,#3926,.T.);
#3926 = EDGE_CURVE('',#3918,#3893,#3927,.T.);
#3927 = LINE('',#3928,#3929);
#3928 = CARTESIAN_POINT('',(207.1875,33.722665175203,0.));
#3929 = VECTOR('',#3930,1.);
#3930 = DIRECTION('',(0.99357567303,0.113169704266,0.));
#3931 = ORIENTED_EDGE('',*,*,#3892,.F.);
#3932 = ORIENTED_EDGE('',*,*,#3926,.F.);
#3933 = CONICAL_SURFACE('',#3934,33.722665175203,0.113412675145);
#3934 = AXIS2_PLACEMENT_3D('',#3935,#3936,#3937);
#3935 = CARTESIAN_POINT('',(207.1875,0.,0.));
#3936 = DIRECTION('',(1.,0.,0.));
#3937 = DIRECTION('',(0.,1.,0.));
#3938 = ADVANCED_FACE('',(#3939),#3958,.F.);
#3939 = FACE_BOUND('',#3940,.F.);
#3940 = EDGE_LOOP('',(#3941,#3950,#3956,#3957));
#3941 = ORIENTED_EDGE('',*,*,#3942,.T.);
#3942 = EDGE_CURVE('',#3943,#3943,#3945,.T.);
#3943 = VERTEX_POINT('',#3944);
#3944 = CARTESIAN_POINT('',(201.47395833333,33.063274228748,0.));
#3945 = CIRCLE('',#3946,33.063274228748);
#3946 = AXIS2_PLACEMENT_3D('',#3947,#3948,#3949);
#3947 = CARTESIAN_POINT('',(201.47395833333,0.,0.));
#3948 = DIRECTION('',(1.,0.,0.));
#3949 = DIRECTION('',(0.,1.,0.));
#3950 = ORIENTED_EDGE('',*,*,#3951,.T.);
#3951 = EDGE_CURVE('',#3943,#3918,#3952,.T.);
#3952 = LINE('',#3953,#3954);
#3953 = CARTESIAN_POINT('',(201.47395833333,33.063274228748,0.));
#3954 = VECTOR('',#3955,1.);
#3955 = DIRECTION('',(0.993406240295,0.114647467231,0.));
#3956 = ORIENTED_EDGE('',*,*,#3917,.F.);
#3957 = ORIENTED_EDGE('',*,*,#3951,.F.);
#3958 = CONICAL_SURFACE('',#3959,33.063274228748,0.114900119679);
#3959 = AXIS2_PLACEMENT_3D('',#3960,#3961,#3962);
#3960 = CARTESIAN_POINT('',(201.47395833333,0.,0.));
#3961 = DIRECTION('',(1.,0.,0.));
#3962 = DIRECTION('',(0.,1.,0.));
#3963 = ADVANCED_FACE('',(#3964),#3983,.F.);
#3964 = FACE_BOUND('',#3965,.F.);
#3965 = EDGE_LOOP('',(#3966,#3975,#3981,#3982));
#3966 = ORIENTED_EDGE('',*,*,#3967,.T.);
#3967 = EDGE_CURVE('',#3968,#3968,#3970,.T.);
#3968 = VERTEX_POINT('',#3969);
#3969 = CARTESIAN_POINT('',(195.76041666666,32.395106475982,0.));
#3970 = CIRCLE('',#3971,32.395106475982);
#3971 = AXIS2_PLACEMENT_3D('',#3972,#3973,#3974);
#3972 = CARTESIAN_POINT('',(195.76041666666,0.,0.));
#3973 = DIRECTION('',(1.,0.,0.));
#3974 = DIRECTION('',(0.,1.,0.));
#3975 = ORIENTED_EDGE('',*,*,#3976,.T.);
#3976 = EDGE_CURVE('',#3968,#3943,#3977,.T.);
#3977 = LINE('',#3978,#3979);
#3978 = CARTESIAN_POINT('',(195.76041666666,32.395106475982,0.));
#3979 = VECTOR('',#3980,1.);
#3980 = DIRECTION('',(0.993231329992,0.116153024596,0.));
#3981 = ORIENTED_EDGE('',*,*,#3942,.F.);
#3982 = ORIENTED_EDGE('',*,*,#3976,.F.);
#3983 = CONICAL_SURFACE('',#3984,32.395106475982,0.116415803363);
#3984 = AXIS2_PLACEMENT_3D('',#3985,#3986,#3987);
#3985 = CARTESIAN_POINT('',(195.76041666666,0.,0.));
#3986 = DIRECTION('',(1.,0.,0.));
#3987 = DIRECTION('',(0.,1.,0.));
#3988 = ADVANCED_FACE('',(#3989),#4008,.F.);
#3989 = FACE_BOUND('',#3990,.F.);
#3990 = EDGE_LOOP('',(#3991,#4000,#4006,#4007));
#3991 = ORIENTED_EDGE('',*,*,#3992,.T.);
#3992 = EDGE_CURVE('',#3993,#3993,#3995,.T.);
#3993 = VERTEX_POINT('',#3994);
#3994 = CARTESIAN_POINT('',(190.046875,31.717981356564,0.));
#3995 = CIRCLE('',#3996,31.717981356564);
#3996 = AXIS2_PLACEMENT_3D('',#3997,#3998,#3999);
#3997 = CARTESIAN_POINT('',(190.046875,0.,0.));
#3998 = DIRECTION('',(1.,0.,0.));
#3999 = DIRECTION('',(0.,1.,0.));
#4000 = ORIENTED_EDGE('',*,*,#4001,.T.);
#4001 = EDGE_CURVE('',#3993,#3968,#4002,.T.);
#4002 = LINE('',#4003,#4004);
#4003 = CARTESIAN_POINT('',(190.046875,31.717981356564,0.));
#4004 = VECTOR('',#4005,1.);
#4005 = DIRECTION('',(0.993050533901,0.117688729791,0.));
#4006 = ORIENTED_EDGE('',*,*,#3967,.F.);
#4007 = ORIENTED_EDGE('',*,*,#4001,.F.);
#4008 = CONICAL_SURFACE('',#4009,31.717981356564,0.117962114506);
#4009 = AXIS2_PLACEMENT_3D('',#4010,#4011,#4012);
#4010 = CARTESIAN_POINT('',(190.046875,0.,0.));
#4011 = DIRECTION('',(1.,0.,0.));
#4012 = DIRECTION('',(0.,1.,0.));
#4013 = ADVANCED_FACE('',(#4014),#4033,.F.);
#4014 = FACE_BOUND('',#4015,.F.);
#4015 = EDGE_LOOP('',(#4016,#4025,#4031,#4032));
#4016 = ORIENTED_EDGE('',*,*,#4017,.T.);
#4017 = EDGE_CURVE('',#4018,#4018,#4020,.T.);
#4018 = VERTEX_POINT('',#4019);
#4019 = CARTESIAN_POINT('',(184.33333333333,31.03170303319,0.));
#4020 = CIRCLE('',#4021,31.03170303319);
#4021 = AXIS2_PLACEMENT_3D('',#4022,#4023,#4024);
#4022 = CARTESIAN_POINT('',(184.33333333333,0.,0.));
#4023 = DIRECTION('',(1.,0.,0.));
#4024 = DIRECTION('',(0.,1.,0.));
#4025 = ORIENTED_EDGE('',*,*,#4026,.T.);
#4026 = EDGE_CURVE('',#4018,#3993,#4027,.T.);
#4027 = LINE('',#4028,#4029);
#4028 = CARTESIAN_POINT('',(184.33333333333,31.03170303319,0.));
#4029 = VECTOR('',#4030,1.);
#4030 = DIRECTION('',(0.992863401923,0.119257138665,0.));
#4031 = ORIENTED_EDGE('',*,*,#3992,.F.);
#4032 = ORIENTED_EDGE('',*,*,#4026,.F.);
#4033 = CONICAL_SURFACE('',#4034,31.03170303319,0.119541647757);
#4034 = AXIS2_PLACEMENT_3D('',#4035,#4036,#4037);
#4035 = CARTESIAN_POINT('',(184.33333333333,0.,0.));
#4036 = DIRECTION('',(1.,0.,0.));
#4037 = DIRECTION('',(0.,1.,0.));
#4038 = ADVANCED_FACE('',(#4039),#4058,.F.);
#4039 = FACE_BOUND('',#4040,.F.);
#4040 = EDGE_LOOP('',(#4041,#4050,#4056,#4057));
#4041 = ORIENTED_EDGE('',*,*,#4042,.T.);
#4042 = EDGE_CURVE('',#4043,#4043,#4045,.T.);
#4043 = VERTEX_POINT('',#4044);
#4044 = CARTESIAN_POINT('',(178.61979166666,30.336058997657,0.));
#4045 = CIRCLE('',#4046,30.336058997657);
#4046 = AXIS2_PLACEMENT_3D('',#4047,#4048,#4049);
#4047 = CARTESIAN_POINT('',(178.61979166666,0.,0.));
#4048 = DIRECTION('',(1.,0.,0.));
#4049 = DIRECTION('',(0.,1.,0.));
#4050 = ORIENTED_EDGE('',*,*,#4051,.T.);
#4051 = EDGE_CURVE('',#4043,#4018,#4052,.T.);
#4052 = LINE('',#4053,#4054);
#4053 = CARTESIAN_POINT('',(178.61979166666,30.336058997657,0.));
#4054 = VECTOR('',#4055,1.);
#4055 = DIRECTION('',(0.992669436247,0.120861037316,0.));
#4056 = ORIENTED_EDGE('',*,*,#4017,.F.);
#4057 = ORIENTED_EDGE('',*,*,#4051,.F.);
#4058 = CONICAL_SURFACE('',#4059,30.336058997657,0.121157232523);
#4059 = AXIS2_PLACEMENT_3D('',#4060,#4061,#4062);
#4060 = CARTESIAN_POINT('',(178.61979166666,0.,0.));
#4061 = DIRECTION('',(1.,0.,0.));
#4062 = DIRECTION('',(0.,1.,0.));
#4063 = ADVANCED_FACE('',(#4064),#4083,.F.);
#4064 = FACE_BOUND('',#4065,.F.);
#4065 = EDGE_LOOP('',(#4066,#4075,#4081,#4082));
#4066 = ORIENTED_EDGE('',*,*,#4067,.T.);
#4067 = EDGE_CURVE('',#4068,#4068,#4070,.T.);
#4068 = VERTEX_POINT('',#4069);
#4069 = CARTESIAN_POINT('',(172.90625,29.630818479989,0.));
#4070 = CIRCLE('',#4071,29.630818479989);
#4071 = AXIS2_PLACEMENT_3D('',#4072,#4073,#4074);
#4072 = CARTESIAN_POINT('',(172.90625,0.,0.));
#4073 = DIRECTION('',(1.,0.,0.));
#4074 = DIRECTION('',(0.,1.,0.));
#4075 = ORIENTED_EDGE('',*,*,#4076,.T.);
#4076 = EDGE_CURVE('',#4068,#4043,#4077,.T.);
#4077 = LINE('',#4078,#4079);
#4078 = CARTESIAN_POINT('',(172.90625,29.630818479989,0.));
#4079 = VECTOR('',#4080,1.);
#4080 = DIRECTION('',(0.992468084496,0.122503474467,0.));
#4081 = ORIENTED_EDGE('',*,*,#4042,.F.);
#4082 = ORIENTED_EDGE('',*,*,#4076,.F.);
#4083 = CONICAL_SURFACE('',#4084,29.630818479989,0.12281196602);
#4084 = AXIS2_PLACEMENT_3D('',#4085,#4086,#4087);
#4085 = CARTESIAN_POINT('',(172.90625,0.,0.));
#4086 = DIRECTION('',(1.,0.,0.));
#4087 = DIRECTION('',(0.,1.,0.));
#4088 = ADVANCED_FACE('',(#4089),#4108,.F.);
#4089 = FACE_BOUND('',#4090,.F.);
#4090 = EDGE_LOOP('',(#4091,#4100,#4106,#4107));
#4091 = ORIENTED_EDGE('',*,*,#4092,.T.);
#4092 = EDGE_CURVE('',#4093,#4093,#4095,.T.);
#4093 = VERTEX_POINT('',#4094);
#4094 = CARTESIAN_POINT('',(167.19270833333,28.915730626984,0.));
#4095 = CIRCLE('',#4096,28.915730626984);
#4096 = AXIS2_PLACEMENT_3D('',#4097,#4098,#4099);
#4097 = CARTESIAN_POINT('',(167.19270833333,0.,0.));
#4098 = DIRECTION('',(1.,0.,0.));
#4099 = DIRECTION('',(0.,1.,0.));
#4100 = ORIENTED_EDGE('',*,*,#4101,.T.);
#4101 = EDGE_CURVE('',#4093,#4068,#4102,.T.);
#4102 = LINE('',#4103,#4104);
#4103 = CARTESIAN_POINT('',(167.19270833333,28.915730626984,0.));
#4104 = VECTOR('',#4105,1.);
#4105 = DIRECTION('',(0.992258731629,0.124187799341,0.));
#4106 = ORIENTED_EDGE('',*,*,#4067,.F.);
#4107 = ORIENTED_EDGE('',*,*,#4101,.F.);
#4108 = CONICAL_SURFACE('',#4109,28.915730626984,0.12450925197);
#4109 = AXIS2_PLACEMENT_3D('',#4110,#4111,#4112);
#4110 = CARTESIAN_POINT('',(167.19270833333,0.,0.));
#4111 = DIRECTION('',(1.,0.,0.));
#4112 = DIRECTION('',(0.,1.,0.));
#4113 = ADVANCED_FACE('',(#4114),#4133,.F.);
#4114 = FACE_BOUND('',#4115,.F.);
#4115 = EDGE_LOOP('',(#4116,#4125,#4131,#4132));
#4116 = ORIENTED_EDGE('',*,*,#4117,.T.);
#4117 = EDGE_CURVE('',#4118,#4118,#4120,.T.);
#4118 = VERTEX_POINT('',#4119);
#4119 = CARTESIAN_POINT('',(161.47916666666,28.190522409227,0.));
#4120 = CIRCLE('',#4121,28.190522409227);
#4121 = AXIS2_PLACEMENT_3D('',#4122,#4123,#4124);
#4122 = CARTESIAN_POINT('',(161.47916666666,0.,0.));
#4123 = DIRECTION('',(1.,0.,0.));
#4124 = DIRECTION('',(0.,1.,0.));
#4125 = ORIENTED_EDGE('',*,*,#4126,.T.);
#4126 = EDGE_CURVE('',#4118,#4093,#4127,.T.);
#4127 = LINE('',#4128,#4129);
#4128 = CARTESIAN_POINT('',(161.47916666666,28.190522409227,0.));
#4129 = VECTOR('',#4130,1.);
#4130 = DIRECTION('',(0.992040690327,0.125917706205,0.));
#4131 = ORIENTED_EDGE('',*,*,#4092,.F.);
#4132 = ORIENTED_EDGE('',*,*,#4126,.F.);
#4133 = CONICAL_SURFACE('',#4134,28.190522409227,0.126252846114);
#4134 = AXIS2_PLACEMENT_3D('',#4135,#4136,#4137);
#4135 = CARTESIAN_POINT('',(161.47916666666,0.,0.));
#4136 = DIRECTION('',(1.,0.,0.));
#4137 = DIRECTION('',(0.,1.,0.));
#4138 = ADVANCED_FACE('',(#4139),#4158,.F.);
#4139 = FACE_BOUND('',#4140,.F.);
#4140 = EDGE_LOOP('',(#4141,#4150,#4156,#4157));
#4141 = ORIENTED_EDGE('',*,*,#4142,.T.);
#4142 = EDGE_CURVE('',#4143,#4143,#4145,.T.);
#4143 = VERTEX_POINT('',#4144);
#4144 = CARTESIAN_POINT('',(155.765625,27.454896206533,0.));
#4145 = CIRCLE('',#4146,27.454896206533);
#4146 = AXIS2_PLACEMENT_3D('',#4147,#4148,#4149);
#4147 = CARTESIAN_POINT('',(155.765625,0.,0.));
#4148 = DIRECTION('',(1.,0.,0.));
#4149 = DIRECTION('',(0.,1.,0.));
#4150 = ORIENTED_EDGE('',*,*,#4151,.T.);
#4151 = EDGE_CURVE('',#4143,#4118,#4152,.T.);
#4152 = LINE('',#4153,#4154);
#4153 = CARTESIAN_POINT('',(155.765625,27.454896206533,0.));
#4154 = VECTOR('',#4155,1.);
#4155 = DIRECTION('',(0.991813189505,0.127697287067,0.));
#4156 = ORIENTED_EDGE('',*,*,#4117,.F.);
#4157 = ORIENTED_EDGE('',*,*,#4151,.F.);
#4158 = CONICAL_SURFACE('',#4159,27.454896206533,0.128046910084);
#4159 = AXIS2_PLACEMENT_3D('',#4160,#4161,#4162);
#4160 = CARTESIAN_POINT('',(155.765625,0.,0.));
#4161 = DIRECTION('',(1.,0.,0.));
#4162 = DIRECTION('',(0.,1.,0.));
#4163 = ADVANCED_FACE('',(#4164),#4183,.F.);
#4164 = FACE_BOUND('',#4165,.F.);
#4165 = EDGE_LOOP('',(#4166,#4175,#4181,#4182));
#4166 = ORIENTED_EDGE('',*,*,#4167,.T.);
#4167 = EDGE_CURVE('',#4168,#4168,#4170,.T.);
#4168 = VERTEX_POINT('',#4169);
#4169 = CARTESIAN_POINT('',(150.05208333333,26.708527010229,0.));
#4170 = CIRCLE('',#4171,26.708527010229);
#4171 = AXIS2_PLACEMENT_3D('',#4172,#4173,#4174);
#4172 = CARTESIAN_POINT('',(150.05208333333,0.,0.));
#4173 = DIRECTION('',(1.,0.,0.));
#4174 = DIRECTION('',(0.,1.,0.));
#4175 = ORIENTED_EDGE('',*,*,#4176,.T.);
#4176 = EDGE_CURVE('',#4168,#4143,#4177,.T.);
#4177 = LINE('',#4178,#4179);
#4178 = CARTESIAN_POINT('',(150.05208333333,26.708527010229,0.));
#4179 = VECTOR('',#4180,1.);
#4180 = DIRECTION('',(0.991575360518,0.129531094386,0.));
#4181 = ORIENTED_EDGE('',*,*,#4142,.F.);
#4182 = ORIENTED_EDGE('',*,*,#4176,.F.);
#4183 = CONICAL_SURFACE('',#4184,26.708527010229,0.129896075541);
#4184 = AXIS2_PLACEMENT_3D('',#4185,#4186,#4187);
#4185 = CARTESIAN_POINT('',(150.05208333333,0.,0.));
#4186 = DIRECTION('',(1.,0.,0.));
#4187 = DIRECTION('',(0.,1.,0.));
#4188 = ADVANCED_FACE('',(#4189),#4208,.F.);
#4189 = FACE_BOUND('',#4190,.F.);
#4190 = EDGE_LOOP('',(#4191,#4200,#4206,#4207));
#4191 = ORIENTED_EDGE('',*,*,#4192,.T.);
#4192 = EDGE_CURVE('',#4193,#4193,#4195,.T.);
#4193 = VERTEX_POINT('',#4194);
#4194 = CARTESIAN_POINT('',(144.33854166666,25.951059165892,0.));
#4195 = CIRCLE('',#4196,25.951059165892);
#4196 = AXIS2_PLACEMENT_3D('',#4197,#4198,#4199);
#4197 = CARTESIAN_POINT('',(144.33854166666,0.,0.));
#4198 = DIRECTION('',(1.,0.,0.));
#4199 = DIRECTION('',(0.,1.,0.));
#4200 = ORIENTED_EDGE('',*,*,#4201,.T.);
#4201 = EDGE_CURVE('',#4193,#4168,#4202,.T.);
#4202 = LINE('',#4203,#4204);
#4203 = CARTESIAN_POINT('',(144.33854166666,25.951059165892,0.));
#4204 = VECTOR('',#4205,1.);
#4205 = DIRECTION('',(0.991326220473,0.131424216198,0.));
#4206 = ORIENTED_EDGE('',*,*,#4167,.F.);
#4207 = ORIENTED_EDGE('',*,*,#4201,.F.);
#4208 = CONICAL_SURFACE('',#4209,25.951059165892,0.131805521027);
#4209 = AXIS2_PLACEMENT_3D('',#4210,#4211,#4212);
#4210 = CARTESIAN_POINT('',(144.33854166666,0.,0.));
#4211 = DIRECTION('',(1.,0.,0.));
#4212 = DIRECTION('',(0.,1.,0.));
#4213 = ADVANCED_FACE('',(#4214),#4233,.F.);
#4214 = FACE_BOUND('',#4215,.F.);
#4215 = EDGE_LOOP('',(#4216,#4225,#4231,#4232));
#4216 = ORIENTED_EDGE('',*,*,#4217,.T.);
#4217 = EDGE_CURVE('',#4218,#4218,#4220,.T.);
#4218 = VERTEX_POINT('',#4219);
#4219 = CARTESIAN_POINT('',(138.625,25.182102561223,0.));
#4220 = CIRCLE('',#4221,25.182102561223);
#4221 = AXIS2_PLACEMENT_3D('',#4222,#4223,#4224);
#4222 = CARTESIAN_POINT('',(138.625,0.,0.));
#4223 = DIRECTION('',(1.,0.,0.));
#4224 = DIRECTION('',(0.,1.,0.));
#4225 = ORIENTED_EDGE('',*,*,#4226,.T.);
#4226 = EDGE_CURVE('',#4218,#4193,#4227,.T.);
#4227 = LINE('',#4228,#4229);
#4228 = CARTESIAN_POINT('',(138.625,25.182102561223,0.));
#4229 = VECTOR('',#4230,1.);
#4230 = DIRECTION('',(0.991064651904,0.133382366699,0.));
#4231 = ORIENTED_EDGE('',*,*,#4192,.F.);
#4232 = ORIENTED_EDGE('',*,*,#4226,.F.);
#4233 = CONICAL_SURFACE('',#4234,25.182102561223,0.133781064692);
#4234 = AXIS2_PLACEMENT_3D('',#4235,#4236,#4237);
#4235 = CARTESIAN_POINT('',(138.625,0.,0.));
#4236 = DIRECTION('',(1.,0.,0.));
#4237 = DIRECTION('',(0.,1.,0.));
#4238 = ADVANCED_FACE('',(#4239),#4258,.F.);
#4239 = FACE_BOUND('',#4240,.F.);
#4240 = EDGE_LOOP('',(#4241,#4250,#4256,#4257));
#4241 = ORIENTED_EDGE('',*,*,#4242,.T.);
#4242 = EDGE_CURVE('',#4243,#4243,#4245,.T.);
#4243 = VERTEX_POINT('',#4244);
#4244 = CARTESIAN_POINT('',(132.91145833333,24.401228138968,0.));
#4245 = CIRCLE('',#4246,24.401228138968);
#4246 = AXIS2_PLACEMENT_3D('',#4247,#4248,#4249);
#4247 = CARTESIAN_POINT('',(132.91145833333,0.,0.));
#4248 = DIRECTION('',(1.,0.,0.));
#4249 = DIRECTION('',(0.,1.,0.));
#4250 = ORIENTED_EDGE('',*,*,#4251,.T.);
#4251 = EDGE_CURVE('',#4243,#4218,#4252,.T.);
#4252 = LINE('',#4253,#4254);
#4253 = CARTESIAN_POINT('',(132.91145833333,24.401228138968,0.));
#4254 = VECTOR('',#4255,1.);
#4255 = DIRECTION('',(0.990789377849,0.135411996296,0.));
#4256 = ORIENTED_EDGE('',*,*,#4217,.F.);
#4257 = ORIENTED_EDGE('',*,*,#4251,.F.);
#4258 = CONICAL_SURFACE('',#4259,24.401228138968,0.135829276979);
#4259 = AXIS2_PLACEMENT_3D('',#4260,#4261,#4262);
#4260 = CARTESIAN_POINT('',(132.91145833333,0.,0.));
#4261 = DIRECTION('',(1.,0.,0.));
#4262 = DIRECTION('',(0.,1.,0.));
#4263 = ADVANCED_FACE('',(#4264),#4283,.F.);
#4264 = FACE_BOUND('',#4265,.F.);
#4265 = EDGE_LOOP('',(#4266,#4275,#4281,#4282));
#4266 = ORIENTED_EDGE('',*,*,#4267,.T.);
#4267 = EDGE_CURVE('',#4268,#4268,#4270,.T.);
#4268 = VERTEX_POINT('',#4269);
#4269 = CARTESIAN_POINT('',(127.19791666666,23.607962582379,0.));
#4270 = CIRCLE('',#4271,23.607962582379);
#4271 = AXIS2_PLACEMENT_3D('',#4272,#4273,#4274);
#4272 = CARTESIAN_POINT('',(127.19791666666,0.,0.));
#4273 = DIRECTION('',(1.,0.,0.));
#4274 = DIRECTION('',(0.,1.,0.));
#4275 = ORIENTED_EDGE('',*,*,#4276,.T.);
#4276 = EDGE_CURVE('',#4268,#4243,#4277,.T.);
#4277 = LINE('',#4278,#4279);
#4278 = CARTESIAN_POINT('',(127.19791666666,23.607962582379,0.));
#4279 = VECTOR('',#4280,1.);
#4280 = DIRECTION('',(0.990498931016,0.137520426323,0.));
#4281 = ORIENTED_EDGE('',*,*,#4242,.F.);
#4282 = ORIENTED_EDGE('',*,*,#4276,.F.);
#4283 = CONICAL_SURFACE('',#4284,23.607962582379,0.137957618645);
#4284 = AXIS2_PLACEMENT_3D('',#4285,#4286,#4287);
#4285 = CARTESIAN_POINT('',(127.19791666666,0.,0.));
#4286 = DIRECTION('',(1.,0.,0.));
#4287 = DIRECTION('',(0.,1.,0.));
#4288 = ADVANCED_FACE('',(#4289),#4308,.F.);
#4289 = FACE_BOUND('',#4290,.F.);
#4290 = EDGE_LOOP('',(#4291,#4300,#4306,#4307));
#4291 = ORIENTED_EDGE('',*,*,#4292,.T.);
#4292 = EDGE_CURVE('',#4293,#4293,#4295,.T.);
#4293 = VERTEX_POINT('',#4294);
#4294 = CARTESIAN_POINT('',(121.484375,22.801781977639,0.));
#4295 = CIRCLE('',#4296,22.801781977639);
#4296 = AXIS2_PLACEMENT_3D('',#4297,#4298,#4299);
#4297 = CARTESIAN_POINT('',(121.484375,0.,0.));
#4298 = DIRECTION('',(1.,0.,0.));
#4299 = DIRECTION('',(0.,1.,0.));
#4300 = ORIENTED_EDGE('',*,*,#4301,.T.);
#4301 = EDGE_CURVE('',#4293,#4268,#4302,.T.);
#4302 = LINE('',#4303,#4304);
#4303 = CARTESIAN_POINT('',(121.484375,22.801781977639,0.));
#4304 = VECTOR('',#4305,1.);
#4305 = DIRECTION('',(0.990191615321,0.139716015358,0.));
#4306 = ORIENTED_EDGE('',*,*,#4267,.F.);
#4307 = ORIENTED_EDGE('',*,*,#4301,.F.);
#4308 = CONICAL_SURFACE('',#4309,22.801781977639,0.140174611239);
#4309 = AXIS2_PLACEMENT_3D('',#4310,#4311,#4312);
#4310 = CARTESIAN_POINT('',(121.484375,0.,0.));
#4311 = DIRECTION('',(1.,0.,0.));
#4312 = DIRECTION('',(0.,1.,0.));
#4313 = ADVANCED_FACE('',(#4314),#4333,.F.);
#4314 = FACE_BOUND('',#4315,.F.);
#4315 = EDGE_LOOP('',(#4316,#4325,#4331,#4332));
#4316 = ORIENTED_EDGE('',*,*,#4317,.T.);
#4317 = EDGE_CURVE('',#4318,#4318,#4320,.T.);
#4318 = VERTEX_POINT('',#4319);
#4319 = CARTESIAN_POINT('',(115.77083333333,21.982104199788,0.));
#4320 = CIRCLE('',#4321,21.982104199788);
#4321 = AXIS2_PLACEMENT_3D('',#4322,#4323,#4324);
#4322 = CARTESIAN_POINT('',(115.77083333333,0.,0.));
#4323 = DIRECTION('',(1.,0.,0.));
#4324 = DIRECTION('',(0.,1.,0.));
#4325 = ORIENTED_EDGE('',*,*,#4326,.T.);
#4326 = EDGE_CURVE('',#4318,#4293,#4327,.T.);
#4327 = LINE('',#4328,#4329);
#4328 = CARTESIAN_POINT('',(115.77083333333,21.982104199788,0.));
#4329 = VECTOR('',#4330,1.);
#4330 = DIRECTION('',(0.989865457457,0.142008366417,0.));
#4331 = ORIENTED_EDGE('',*,*,#4292,.F.);
#4332 = ORIENTED_EDGE('',*,*,#4326,.F.);
#4333 = CONICAL_SURFACE('',#4334,21.982104199788,0.142490049583);
#4334 = AXIS2_PLACEMENT_3D('',#4335,#4336,#4337);
#4335 = CARTESIAN_POINT('',(115.77083333333,0.,0.));
#4336 = DIRECTION('',(1.,0.,0.));
#4337 = DIRECTION('',(0.,1.,0.));
#4338 = ADVANCED_FACE('',(#4339),#4358,.F.);
#4339 = FACE_BOUND('',#4340,.F.);
#4340 = EDGE_LOOP('',(#4341,#4350,#4356,#4357));
#4341 = ORIENTED_EDGE('',*,*,#4342,.T.);
#4342 = EDGE_CURVE('',#4343,#4343,#4345,.T.);
#4343 = VERTEX_POINT('',#4344);
#4344 = CARTESIAN_POINT('',(110.05729166666,21.148279689993,0.));
#4345 = CIRCLE('',#4346,21.148279689993);
#4346 = AXIS2_PLACEMENT_3D('',#4347,#4348,#4349);
#4347 = CARTESIAN_POINT('',(110.05729166666,0.,0.));
#4348 = DIRECTION('',(1.,0.,0.));
#4349 = DIRECTION('',(0.,1.,0.));
#4350 = ORIENTED_EDGE('',*,*,#4351,.T.);
#4351 = EDGE_CURVE('',#4343,#4318,#4352,.T.);
#4352 = LINE('',#4353,#4354);
#4353 = CARTESIAN_POINT('',(110.05729166666,21.148279689993,0.));
#4354 = VECTOR('',#4355,1.);
#4355 = DIRECTION('',(0.989518145271,0.144408587624,0.));
#4356 = ORIENTED_EDGE('',*,*,#4317,.F.);
#4357 = ORIENTED_EDGE('',*,*,#4351,.F.);
#4358 = CONICAL_SURFACE('',#4359,21.148279689993,0.14491526926);
#4359 = AXIS2_PLACEMENT_3D('',#4360,#4361,#4362);
#4360 = CARTESIAN_POINT('',(110.05729166666,0.,0.));
#4361 = DIRECTION('',(1.,0.,0.));
#4362 = DIRECTION('',(0.,1.,0.));
#4363 = ADVANCED_FACE('',(#4364),#4383,.F.);
#4364 = FACE_BOUND('',#4365,.F.);
#4365 = EDGE_LOOP('',(#4366,#4375,#4381,#4382));
#4366 = ORIENTED_EDGE('',*,*,#4367,.T.);
#4367 = EDGE_CURVE('',#4368,#4368,#4370,.T.);
#4368 = VERTEX_POINT('',#4369);
#4369 = CARTESIAN_POINT('',(104.34375,20.299580183455,0.));
#4370 = CIRCLE('',#4371,20.299580183455);
#4371 = AXIS2_PLACEMENT_3D('',#4372,#4373,#4374);
#4372 = CARTESIAN_POINT('',(104.34375,0.,0.));
#4373 = DIRECTION('',(1.,0.,0.));
#4374 = DIRECTION('',(0.,1.,0.));
#4375 = ORIENTED_EDGE('',*,*,#4376,.T.);
#4376 = EDGE_CURVE('',#4368,#4343,#4377,.T.);
#4377 = LINE('',#4378,#4379);
#4378 = CARTESIAN_POINT('',(104.34375,20.299580183455,0.));
#4379 = VECTOR('',#4380,1.);
#4380 = DIRECTION('',(0.989146948476,0.146929623698,0.));
#4381 = ORIENTED_EDGE('',*,*,#4342,.F.);
#4382 = ORIENTED_EDGE('',*,*,#4376,.F.);
#4383 = CONICAL_SURFACE('',#4384,20.299580183455,0.147463486962);
#4384 = AXIS2_PLACEMENT_3D('',#4385,#4386,#4387);
#4385 = CARTESIAN_POINT('',(104.34375,0.,0.));
#4386 = DIRECTION('',(1.,0.,0.));
#4387 = DIRECTION('',(0.,1.,0.));
#4388 = ADVANCED_FACE('',(#4389),#4408,.F.);
#4389 = FACE_BOUND('',#4390,.F.);
#4390 = EDGE_LOOP('',(#4391,#4400,#4406,#4407));
#4391 = ORIENTED_EDGE('',*,*,#4392,.T.);
#4392 = EDGE_CURVE('',#4393,#4393,#4395,.T.);
#4393 = VERTEX_POINT('',#4394);
#4394 = CARTESIAN_POINT('',(98.630208333333,19.43518479518,0.));
#4395 = CIRCLE('',#4396,19.43518479518);
#4396 = AXIS2_PLACEMENT_3D('',#4397,#4398,#4399);
#4397 = CARTESIAN_POINT('',(98.630208333333,0.,0.));
#4398 = DIRECTION('',(1.,0.,0.));
#4399 = DIRECTION('',(0.,1.,0.));
#4400 = ORIENTED_EDGE('',*,*,#4401,.T.);
#4401 = EDGE_CURVE('',#4393,#4368,#4402,.T.);
#4402 = LINE('',#4403,#4404);
#4403 = CARTESIAN_POINT('',(98.630208333333,19.43518479518,0.));
#4404 = VECTOR('',#4405,1.);
#4405 = DIRECTION('',(0.98874861538,0.14958668251,0.));
#4406 = ORIENTED_EDGE('',*,*,#4367,.F.);
#4407 = ORIENTED_EDGE('',*,*,#4401,.F.);
#4408 = CONICAL_SURFACE('',#4409,19.43518479518,0.150150238742);
#4409 = AXIS2_PLACEMENT_3D('',#4410,#4411,#4412);
#4410 = CARTESIAN_POINT('',(98.630208333333,0.,0.));
#4411 = DIRECTION('',(1.,0.,0.));
#4412 = DIRECTION('',(0.,1.,0.));
#4413 = ADVANCED_FACE('',(#4414),#4433,.F.);
#4414 = FACE_BOUND('',#4415,.F.);
#4415 = EDGE_LOOP('',(#4416,#4425,#4431,#4432));
#4416 = ORIENTED_EDGE('',*,*,#4417,.T.);
#4417 = EDGE_CURVE('',#4418,#4418,#4420,.T.);
#4418 = VERTEX_POINT('',#4419);
#4419 = CARTESIAN_POINT('',(92.916666666667,18.554162654422,0.));
#4420 = CIRCLE('',#4421,18.554162654422);
#4421 = AXIS2_PLACEMENT_3D('',#4422,#4423,#4424);
#4422 = CARTESIAN_POINT('',(92.916666666667,0.,0.));
#4423 = DIRECTION('',(1.,0.,0.));
#4424 = DIRECTION('',(0.,1.,0.));
#4425 = ORIENTED_EDGE('',*,*,#4426,.T.);
#4426 = EDGE_CURVE('',#4418,#4393,#4427,.T.);
#4427 = LINE('',#4428,#4429);
#4428 = CARTESIAN_POINT('',(92.916666666667,18.554162654422,0.));
#4429 = VECTOR('',#4430,1.);
#4430 = DIRECTION('',(0.988319236512,0.152397791126,0.));
#4431 = ORIENTED_EDGE('',*,*,#4392,.F.);
#4432 = ORIENTED_EDGE('',*,*,#4426,.F.);
#4433 = CONICAL_SURFACE('',#4434,18.554162654422,0.152993951687);
#4434 = AXIS2_PLACEMENT_3D('',#4435,#4436,#4437);
#4435 = CARTESIAN_POINT('',(92.916666666667,0.,0.));
#4436 = DIRECTION('',(1.,0.,0.));
#4437 = DIRECTION('',(0.,1.,0.));
#4438 = ADVANCED_FACE('',(#4439),#4458,.F.);
#4439 = FACE_BOUND('',#4440,.F.);
#4440 = EDGE_LOOP('',(#4441,#4450,#4456,#4457));
#4441 = ORIENTED_EDGE('',*,*,#4442,.T.);
#4442 = EDGE_CURVE('',#4443,#4443,#4445,.T.);
#4443 = VERTEX_POINT('',#4444);
#4444 = CARTESIAN_POINT('',(87.203125,17.655450964579,0.));
#4445 = CIRCLE('',#4446,17.655450964579);
#4446 = AXIS2_PLACEMENT_3D('',#4447,#4448,#4449);
#4447 = CARTESIAN_POINT('',(87.203125,0.,0.));
#4448 = DIRECTION('',(1.,0.,0.));
#4449 = DIRECTION('',(0.,1.,0.));
#4450 = ORIENTED_EDGE('',*,*,#4451,.T.);
#4451 = EDGE_CURVE('',#4443,#4418,#4452,.T.);
#4452 = LINE('',#4453,#4454);
#4453 = CARTESIAN_POINT('',(87.203125,17.655450964579,0.));
#4454 = VECTOR('',#4455,1.);
#4455 = DIRECTION('',(0.987854061829,0.155384531175,0.));
#4456 = ORIENTED_EDGE('',*,*,#4417,.F.);
#4457 = ORIENTED_EDGE('',*,*,#4451,.F.);
#4458 = CONICAL_SURFACE('',#4459,17.655450964579,0.15601670053);
#4459 = AXIS2_PLACEMENT_3D('',#4460,#4461,#4462);
#4460 = CARTESIAN_POINT('',(87.203125,0.,0.));
#4461 = DIRECTION('',(1.,0.,0.));
#4462 = DIRECTION('',(0.,1.,0.));
#4463 = ADVANCED_FACE('',(#4464),#4483,.F.);
#4464 = FACE_BOUND('',#4465,.F.);
#4465 = EDGE_LOOP('',(#4466,#4475,#4481,#4482));
#4466 = ORIENTED_EDGE('',*,*,#4467,.T.);
#4467 = EDGE_CURVE('',#4468,#4468,#4470,.T.);
#4468 = VERTEX_POINT('',#4469);
#4469 = CARTESIAN_POINT('',(81.489583333333,16.737826900607,0.));
#4470 = CIRCLE('',#4471,16.737826900607);
#4471 = AXIS2_PLACEMENT_3D('',#4472,#4473,#4474);
#4472 = CARTESIAN_POINT('',(81.489583333333,0.,0.));
#4473 = DIRECTION('',(1.,0.,0.));
#4474 = DIRECTION('',(0.,1.,0.));
#4475 = ORIENTED_EDGE('',*,*,#4476,.T.);
#4476 = EDGE_CURVE('',#4468,#4443,#4477,.T.);
#4477 = LINE('',#4478,#4479);
#4478 = CARTESIAN_POINT('',(81.489583333333,16.737826900607,0.));
#4479 = VECTOR('',#4480,1.);
#4480 = DIRECTION('',(0.987347251518,0.15857302709,0.));
#4481 = ORIENTED_EDGE('',*,*,#4442,.F.);
#4482 = ORIENTED_EDGE('',*,*,#4476,.F.);
#4483 = CONICAL_SURFACE('',#4484,16.737826900607,0.159245225262);
#4484 = AXIS2_PLACEMENT_3D('',#4485,#4486,#4487);
#4485 = CARTESIAN_POINT('',(81.489583333333,0.,0.));
#4486 = DIRECTION('',(1.,0.,0.));
#4487 = DIRECTION('',(0.,1.,0.));
#4488 = ADVANCED_FACE('',(#4489),#4508,.F.);
#4489 = FACE_BOUND('',#4490,.F.);
#4490 = EDGE_LOOP('',(#4491,#4500,#4506,#4507));
#4491 = ORIENTED_EDGE('',*,*,#4492,.T.);
#4492 = EDGE_CURVE('',#4493,#4493,#4495,.T.);
#4493 = VERTEX_POINT('',#4494);
#4494 = CARTESIAN_POINT('',(75.776041666667,15.799871051928,0.));
#4495 = CIRCLE('',#4496,15.799871051928);
#4496 = AXIS2_PLACEMENT_3D('',#4497,#4498,#4499);
#4497 = CARTESIAN_POINT('',(75.776041666667,0.,0.));
#4498 = DIRECTION('',(1.,0.,0.));
#4499 = DIRECTION('',(0.,1.,0.));
#4500 = ORIENTED_EDGE('',*,*,#4501,.T.);
#4501 = EDGE_CURVE('',#4493,#4468,#4502,.T.);
#4502 = LINE('',#4503,#4504);
#4503 = CARTESIAN_POINT('',(75.776041666667,15.799871051928,0.));
#4504 = VECTOR('',#4505,1.);
#4505 = DIRECTION('',(0.986791529817,0.161995298331,0.));
#4506 = ORIENTED_EDGE('',*,*,#4467,.F.);
#4507 = ORIENTED_EDGE('',*,*,#4501,.F.);
#4508 = CONICAL_SURFACE('',#4509,15.799871051928,0.162712324784);
#4509 = AXIS2_PLACEMENT_3D('',#4510,#4511,#4512);
#4510 = CARTESIAN_POINT('',(75.776041666667,0.,0.));
#4511 = DIRECTION('',(1.,0.,0.));
#4512 = DIRECTION('',(0.,1.,0.));
#4513 = ADVANCED_FACE('',(#4514),#4533,.F.);
#4514 = FACE_BOUND('',#4515,.F.);
#4515 = EDGE_LOOP('',(#4516,#4525,#4531,#4532));
#4516 = ORIENTED_EDGE('',*,*,#4517,.T.);
#4517 = EDGE_CURVE('',#4518,#4518,#4520,.T.);
#4518 = VERTEX_POINT('',#4519);
#4519 = CARTESIAN_POINT('',(70.0625,14.839919024653,0.));
#4520 = CIRCLE('',#4521,14.839919024653);
#4521 = AXIS2_PLACEMENT_3D('',#4522,#4523,#4524);
#4522 = CARTESIAN_POINT('',(70.0625,0.,0.));
#4523 = DIRECTION('',(1.,0.,0.));
#4524 = DIRECTION('',(0.,1.,0.));
#4525 = ORIENTED_EDGE('',*,*,#4526,.T.);
#4526 = EDGE_CURVE('',#4518,#4493,#4527,.T.);
#4527 = LINE('',#4528,#4529);
#4528 = CARTESIAN_POINT('',(70.0625,14.839919024653,0.));
#4529 = VECTOR('',#4530,1.);
#4530 = DIRECTION('',(0.986177693707,0.165691147726,0.));
#4531 = ORIENTED_EDGE('',*,*,#4492,.F.);
#4532 = ORIENTED_EDGE('',*,*,#4526,.F.);
#4533 = CONICAL_SURFACE('',#4534,14.839919024653,0.16645880499);
#4534 = AXIS2_PLACEMENT_3D('',#4535,#4536,#4537);
#4535 = CARTESIAN_POINT('',(70.0625,0.,0.));
#4536 = DIRECTION('',(1.,0.,0.));
#4537 = DIRECTION('',(0.,1.,0.));
#4538 = ADVANCED_FACE('',(#4539),#4558,.F.);
#4539 = FACE_BOUND('',#4540,.F.);
#4540 = EDGE_LOOP('',(#4541,#4550,#4556,#4557));
#4541 = ORIENTED_EDGE('',*,*,#4542,.T.);
#4542 = EDGE_CURVE('',#4543,#4543,#4545,.T.);
#4543 = VERTEX_POINT('',#4544);
#4544 = CARTESIAN_POINT('',(64.348958333333,13.855996065545,0.));
#4545 = CIRCLE('',#4546,13.855996065545);
#4546 = AXIS2_PLACEMENT_3D('',#4547,#4548,#4549);
#4547 = CARTESIAN_POINT('',(64.348958333333,0.,0.));
#4548 = DIRECTION('',(1.,0.,0.));
#4549 = DIRECTION('',(0.,1.,0.));
#4550 = ORIENTED_EDGE('',*,*,#4551,.T.);
#4551 = EDGE_CURVE('',#4543,#4518,#4552,.T.);
#4552 = LINE('',#4553,#4554);
#4553 = CARTESIAN_POINT('',(64.348958333333,13.855996065545,0.));
#4554 = VECTOR('',#4555,1.);
#4555 = DIRECTION('',(0.985493898424,0.169710860494,0.));
#4556 = ORIENTED_EDGE('',*,*,#4517,.F.);
#4557 = ORIENTED_EDGE('',*,*,#4551,.F.);
#4558 = CONICAL_SURFACE('',#4559,13.855996065545,0.170536266182);
#4559 = AXIS2_PLACEMENT_3D('',#4560,#4561,#4562);
#4560 = CARTESIAN_POINT('',(64.348958333333,0.,0.));
#4561 = DIRECTION('',(1.,0.,0.));
#4562 = DIRECTION('',(0.,1.,0.));
#4563 = ADVANCED_FACE('',(#4564),#4583,.F.);
#4564 = FACE_BOUND('',#4565,.F.);
#4565 = EDGE_LOOP('',(#4566,#4575,#4581,#4582));
#4566 = ORIENTED_EDGE('',*,*,#4567,.T.);
#4567 = EDGE_CURVE('',#4568,#4568,#4570,.T.);
#4568 = VERTEX_POINT('',#4569);
#4569 = CARTESIAN_POINT('',(58.635416666667,12.845726671467,0.));
#4570 = CIRCLE('',#4571,12.845726671467);
#4571 = AXIS2_PLACEMENT_3D('',#4572,#4573,#4574);
#4572 = CARTESIAN_POINT('',(58.635416666667,0.,0.));
#4573 = DIRECTION('',(1.,0.,0.));
#4574 = DIRECTION('',(0.,1.,0.));
#4575 = ORIENTED_EDGE('',*,*,#4576,.T.);
#4576 = EDGE_CURVE('',#4568,#4543,#4577,.T.);
#4577 = LINE('',#4578,#4579);
#4578 = CARTESIAN_POINT('',(58.635416666667,12.845726671467,0.));
#4579 = VECTOR('',#4580,1.);
#4580 = DIRECTION('',(0.984724588808,0.174119166658,0.));
#4581 = ORIENTED_EDGE('',*,*,#4542,.F.);
#4582 = ORIENTED_EDGE('',*,*,#4576,.F.);
#4583 = CONICAL_SURFACE('',#4584,12.845726671467,0.175011200141);
#4584 = AXIS2_PLACEMENT_3D('',#4585,#4586,#4587);
#4585 = CARTESIAN_POINT('',(58.635416666667,0.,0.));
#4586 = DIRECTION('',(1.,0.,0.));
#4587 = DIRECTION('',(0.,1.,0.));
#4588 = ADVANCED_FACE('',(#4589),#4608,.F.);
#4589 = FACE_BOUND('',#4590,.F.);
#4590 = EDGE_LOOP('',(#4591,#4600,#4606,#4607));
#4591 = ORIENTED_EDGE('',*,*,#4592,.T.);
#4592 = EDGE_CURVE('',#4593,#4593,#4595,.T.);
#4593 = VERTEX_POINT('',#4594);
#4594 = CARTESIAN_POINT('',(52.921875,11.806206159795,0.));
#4595 = CIRCLE('',#4596,11.806206159795);
#4596 = AXIS2_PLACEMENT_3D('',#4597,#4598,#4599);
#4597 = CARTESIAN_POINT('',(52.921875,0.,0.));
#4598 = DIRECTION('',(1.,0.,0.));
#4599 = DIRECTION('',(0.,1.,0.));
#4600 = ORIENTED_EDGE('',*,*,#4601,.T.);
#4601 = EDGE_CURVE('',#4593,#4568,#4602,.T.);
#4602 = LINE('',#4603,#4604);
#4603 = CARTESIAN_POINT('',(52.921875,11.806206159795,0.));
#4604 = VECTOR('',#4605,1.);
#4605 = DIRECTION('',(0.983848847726,0.179001242533,0.));
#4606 = ORIENTED_EDGE('',*,*,#4567,.F.);
#4607 = ORIENTED_EDGE('',*,*,#4601,.F.);
#4608 = CONICAL_SURFACE('',#4609,11.806206159795,0.179971203943);
#4609 = AXIS2_PLACEMENT_3D('',#4610,#4611,#4612);
#4610 = CARTESIAN_POINT('',(52.921875,0.,0.));
#4611 = DIRECTION('',(1.,0.,0.));
#4612 = DIRECTION('',(0.,1.,0.));
#4613 = ADVANCED_FACE('',(#4614),#4633,.F.);
#4614 = FACE_BOUND('',#4615,.F.);
#4615 = EDGE_LOOP('',(#4616,#4625,#4631,#4632));
#4616 = ORIENTED_EDGE('',*,*,#4617,.T.);
#4617 = EDGE_CURVE('',#4618,#4618,#4620,.T.);
#4618 = VERTEX_POINT('',#4619);
#4619 = CARTESIAN_POINT('',(47.208333333333,10.733812190401,0.));
#4620 = CIRCLE('',#4621,10.733812190401);
#4621 = AXIS2_PLACEMENT_3D('',#4622,#4623,#4624);
#4622 = CARTESIAN_POINT('',(47.208333333333,0.,0.));
#4623 = DIRECTION('',(1.,0.,0.));
#4624 = DIRECTION('',(0.,1.,0.));
#4625 = ORIENTED_EDGE('',*,*,#4626,.T.);
#4626 = EDGE_CURVE('',#4618,#4593,#4627,.T.);
#4627 = LINE('',#4628,#4629);
#4628 = CARTESIAN_POINT('',(47.208333333333,10.733812190401,0.));
#4629 = VECTOR('',#4630,1.);
#4630 = DIRECTION('',(0.98283774292,0.18447214178,0.));
#4631 = ORIENTED_EDGE('',*,*,#4592,.F.);
#4632 = ORIENTED_EDGE('',*,*,#4626,.F.);
#4633 = CONICAL_SURFACE('',#4634,10.733812190401,0.185534759582);
#4634 = AXIS2_PLACEMENT_3D('',#4635,#4636,#4637);
#4635 = CARTESIAN_POINT('',(47.208333333333,0.,0.));
#4636 = DIRECTION('',(1.,0.,0.));
#4637 = DIRECTION('',(0.,1.,0.));
#4638 = ADVANCED_FACE('',(#4639),#4658,.F.);
#4639 = FACE_BOUND('',#4640,.F.);
#4640 = EDGE_LOOP('',(#4641,#4650,#4656,#4657));
#4641 = ORIENTED_EDGE('',*,*,#4642,.T.);
#4642 = EDGE_CURVE('',#4643,#4643,#4645,.T.);
#4643 = VERTEX_POINT('',#4644);
#4644 = CARTESIAN_POINT('',(41.494791666667,9.623917141265,0.));
#4645 = CIRCLE('',#4646,9.623917141265);
#4646 = AXIS2_PLACEMENT_3D('',#4647,#4648,#4649);
#4647 = CARTESIAN_POINT('',(41.494791666667,0.,0.));
#4648 = DIRECTION('',(1.,0.,0.));
#4649 = DIRECTION('',(0.,1.,0.));
#4650 = ORIENTED_EDGE('',*,*,#4651,.T.);
#4651 = EDGE_CURVE('',#4643,#4618,#4652,.T.);
#4652 = LINE('',#4653,#4654);
#4653 = CARTESIAN_POINT('',(41.494791666667,9.623917141265,0.));
#4654 = VECTOR('',#4655,1.);
#4655 = DIRECTION('',(0.981649862235,0.190692286089,0.));
#4656 = ORIENTED_EDGE('',*,*,#4617,.F.);
#4657 = ORIENTED_EDGE('',*,*,#4651,.F.);
#4658 = CONICAL_SURFACE('',#4659,9.623917141265,0.191867325393);
#4659 = AXIS2_PLACEMENT_3D('',#4660,#4661,#4662);
#4660 = CARTESIAN_POINT('',(41.494791666667,0.,0.));
#4661 = DIRECTION('',(1.,0.,0.));
#4662 = DIRECTION('',(0.,1.,0.));
#4663 = ADVANCED_FACE('',(#4664),#4683,.F.);
#4664 = FACE_BOUND('',#4665,.F.);
#4665 = EDGE_LOOP('',(#4666,#4675,#4681,#4682));
#4666 = ORIENTED_EDGE('',*,*,#4667,.T.);
#4667 = EDGE_CURVE('',#4668,#4668,#4670,.T.);
#4668 = VERTEX_POINT('',#4669);
#4669 = CARTESIAN_POINT('',(35.78125,8.470427518216,0.));
#4670 = CIRCLE('',#4671,8.470427518216);
#4671 = AXIS2_PLACEMENT_3D('',#4672,#4673,#4674);
#4672 = CARTESIAN_POINT('',(35.78125,0.,0.));
#4673 = DIRECTION('',(1.,0.,0.));
#4674 = DIRECTION('',(0.,1.,0.));
#4675 = ORIENTED_EDGE('',*,*,#4676,.T.);
#4676 = EDGE_CURVE('',#4668,#4643,#4677,.T.);
#4677 = LINE('',#4678,#4679);
#4678 = CARTESIAN_POINT('',(35.78125,8.470427518216,0.));
#4679 = VECTOR('',#4680,1.);
#4680 = DIRECTION('',(0.980223360229,0.197894325492,0.));
#4681 = ORIENTED_EDGE('',*,*,#4642,.F.);
#4682 = ORIENTED_EDGE('',*,*,#4676,.F.);
#4683 = CONICAL_SURFACE('',#4684,8.470427518216,0.19920929527);
#4684 = AXIS2_PLACEMENT_3D('',#4685,#4686,#4687);
#4685 = CARTESIAN_POINT('',(35.78125,0.,0.));
#4686 = DIRECTION('',(1.,0.,0.));
#4687 = DIRECTION('',(0.,1.,0.));
#4688 = ADVANCED_FACE('',(#4689),#4708,.F.);
#4689 = FACE_BOUND('',#4690,.F.);
#4690 = EDGE_LOOP('',(#4691,#4700,#4706,#4707));
#4691 = ORIENTED_EDGE('',*,*,#4692,.T.);
#4692 = EDGE_CURVE('',#4693,#4693,#4695,.T.);
#4693 = VERTEX_POINT('',#4694);
#4694 = CARTESIAN_POINT('',(30.067708333333,7.264999982215,0.));
#4695 = CIRCLE('',#4696,7.264999982215);
#4696 = AXIS2_PLACEMENT_3D('',#4697,#4698,#4699);
#4697 = CARTESIAN_POINT('',(30.067708333333,0.,0.));
#4698 = DIRECTION('',(1.,0.,0.));
#4699 = DIRECTION('',(0.,1.,0.));
#4700 = ORIENTED_EDGE('',*,*,#4701,.T.);
#4701 = EDGE_CURVE('',#4693,#4668,#4702,.T.);
#4702 = LINE('',#4703,#4704);
#4703 = CARTESIAN_POINT('',(30.067708333333,7.264999982215,0.));
#4704 = VECTOR('',#4705,1.);
#4705 = DIRECTION('',(0.978460739419,0.20643299498,0.));
#4706 = ORIENTED_EDGE('',*,*,#4667,.F.);
#4707 = ORIENTED_EDGE('',*,*,#4701,.F.);
#4708 = CONICAL_SURFACE('',#4709,7.264999982215,0.207928021684);
#4709 = AXIS2_PLACEMENT_3D('',#4710,#4711,#4712);
#4710 = CARTESIAN_POINT('',(30.067708333333,0.,0.));
#4711 = DIRECTION('',(1.,0.,0.));
#4712 = DIRECTION('',(0.,1.,0.));
#4713 = ADVANCED_FACE('',(#4714),#4733,.F.);
#4714 = FACE_BOUND('',#4715,.F.);
#4715 = EDGE_LOOP('',(#4716,#4725,#4731,#4732));
#4716 = ORIENTED_EDGE('',*,*,#4717,.T.);
#4717 = EDGE_CURVE('',#4718,#4718,#4720,.T.);
#4718 = VERTEX_POINT('',#4719);
#4719 = CARTESIAN_POINT('',(24.354166666667,5.995595756745,0.));
#4720 = CIRCLE('',#4721,5.995595756745);
#4721 = AXIS2_PLACEMENT_3D('',#4722,#4723,#4724);
#4722 = CARTESIAN_POINT('',(24.354166666667,0.,0.));
#4723 = DIRECTION('',(1.,0.,0.));
#4724 = DIRECTION('',(0.,1.,0.));
#4725 = ORIENTED_EDGE('',*,*,#4726,.T.);
#4726 = EDGE_CURVE('',#4718,#4693,#4727,.T.);
#4727 = LINE('',#4728,#4729);
#4728 = CARTESIAN_POINT('',(24.354166666667,5.995595756745,0.));
#4729 = VECTOR('',#4730,1.);
#4730 = DIRECTION('',(0.97619688969,0.216886220309,0.));
#4731 = ORIENTED_EDGE('',*,*,#4692,.F.);
#4732 = ORIENTED_EDGE('',*,*,#4726,.F.);
#4733 = CONICAL_SURFACE('',#4734,5.995595756745,0.218623629471);
#4734 = AXIS2_PLACEMENT_3D('',#4735,#4736,#4737);
#4735 = CARTESIAN_POINT('',(24.354166666667,0.,0.));
#4736 = DIRECTION('',(1.,0.,0.));
#4737 = DIRECTION('',(0.,1.,0.));
#4738 = ADVANCED_FACE('',(#4739),#4758,.F.);
#4739 = FACE_BOUND('',#4740,.F.);
#4740 = EDGE_LOOP('',(#4741,#4750,#4756,#4757));
#4741 = ORIENTED_EDGE('',*,*,#4742,.T.);
#4742 = EDGE_CURVE('',#4743,#4743,#4745,.T.);
#4743 = VERTEX_POINT('',#4744);
#4744 = CARTESIAN_POINT('',(18.640625,4.643504231313,0.));
#4745 = CIRCLE('',#4746,4.643504231313);
#4746 = AXIS2_PLACEMENT_3D('',#4747,#4748,#4749);
#4747 = CARTESIAN_POINT('',(18.640625,0.,0.));
#4748 = DIRECTION('',(1.,0.,0.));
#4749 = DIRECTION('',(0.,1.,0.));
#4750 = ORIENTED_EDGE('',*,*,#4751,.T.);
#4751 = EDGE_CURVE('',#4743,#4718,#4752,.T.);
#4752 = LINE('',#4753,#4754);
#4753 = CARTESIAN_POINT('',(18.640625,4.643504231313,0.));
#4754 = VECTOR('',#4755,1.);
#4755 = DIRECTION('',(0.973122886633,0.230286446653,0.));
#4756 = ORIENTED_EDGE('',*,*,#4717,.F.);
#4757 = ORIENTED_EDGE('',*,*,#4751,.F.);
#4758 = CONICAL_SURFACE('',#4759,4.643504231313,0.232372030766);
#4759 = AXIS2_PLACEMENT_3D('',#4760,#4761,#4762);
#4760 = CARTESIAN_POINT('',(18.640625,0.,0.));
#4761 = DIRECTION('',(1.,0.,0.));
#4762 = DIRECTION('',(0.,1.,0.));
#4763 = ADVANCED_FACE('',(#4764),#4783,.F.);
#4764 = FACE_BOUND('',#4765,.F.);
#4765 = EDGE_LOOP('',(#4766,#4775,#4781,#4782));
#4766 = ORIENTED_EDGE('',*,*,#4767,.T.);
#4767 = EDGE_CURVE('',#4768,#4768,#4770,.T.);
#4768 = VERTEX_POINT('',#4769);
#4769 = CARTESIAN_POINT('',(12.927083333333,3.17612359859,0.));
#4770 = CIRCLE('',#4771,3.17612359859);
#4771 = AXIS2_PLACEMENT_3D('',#4772,#4773,#4774);
#4772 = CARTESIAN_POINT('',(12.927083333333,0.,0.));
#4773 = DIRECTION('',(1.,0.,0.));
#4774 = DIRECTION('',(0.,1.,0.));
#4775 = ORIENTED_EDGE('',*,*,#4776,.T.);
#4776 = EDGE_CURVE('',#4768,#4743,#4777,.T.);
#4777 = LINE('',#4778,#4779);
#4778 = CARTESIAN_POINT('',(12.927083333333,3.17612359859,0.));
#4779 = VECTOR('',#4780,1.);
#4780 = DIRECTION('',(0.968567133109,0.248752303831,0.));
#4781 = ORIENTED_EDGE('',*,*,#4742,.F.);
#4782 = ORIENTED_EDGE('',*,*,#4776,.F.);
#4783 = CONICAL_SURFACE('',#4784,3.17612359859,0.251391854025);
#4784 = AXIS2_PLACEMENT_3D('',#4785,#4786,#4787);
#4785 = CARTESIAN_POINT('',(12.927083333333,0.,0.));
#4786 = DIRECTION('',(1.,0.,0.));
#4787 = DIRECTION('',(0.,1.,0.));
#4788 = ADVANCED_FACE('',(#4789),#4808,.F.);
#4789 = FACE_BOUND('',#4790,.F.);
#4790 = EDGE_LOOP('',(#4791,#4800,#4806,#4807));
#4791 = ORIENTED_EDGE('',*,*,#4792,.T.);
#4792 = EDGE_CURVE('',#4793,#4793,#4795,.T.);
#4793 = VERTEX_POINT('',#4794);
#4794 = CARTESIAN_POINT('',(7.213541666667,1.523827166254,0.));
#4795 = CIRCLE('',#4796,1.523827166254);
#4796 = AXIS2_PLACEMENT_3D('',#4797,#4798,#4799);
#4797 = CARTESIAN_POINT('',(7.213541666667,0.,0.));
#4798 = DIRECTION('',(1.,0.,0.));
#4799 = DIRECTION('',(0.,1.,0.));
#4800 = ORIENTED_EDGE('',*,*,#4801,.T.);
#4801 = EDGE_CURVE('',#4793,#4768,#4802,.T.);
#4802 = LINE('',#4803,#4804);
#4803 = CARTESIAN_POINT('',(7.213541666667,1.523827166254,0.));
#4804 = VECTOR('',#4805,1.);
#4805 = DIRECTION('',(0.960637139292,0.277806203337,0.));
#4806 = ORIENTED_EDGE('',*,*,#4767,.F.);
#4807 = ORIENTED_EDGE('',*,*,#4801,.F.);
#4808 = CONICAL_SURFACE('',#4809,1.523827166254,0.281509663423);
#4809 = AXIS2_PLACEMENT_3D('',#4810,#4811,#4812);
#4810 = CARTESIAN_POINT('',(7.213541666667,0.,0.));
#4811 = DIRECTION('',(1.,0.,0.));
#4812 = DIRECTION('',(0.,1.,0.));
#4813 = ADVANCED_FACE('',(#4814),#4826,.F.);
#4814 = FACE_BOUND('',#4815,.F.);
#4815 = EDGE_LOOP('',(#4816,#4824,#4825));
#4816 = ORIENTED_EDGE('',*,*,#4817,.T.);
#4817 = EDGE_CURVE('',#4818,#4793,#4820,.T.);
#4818 = VERTEX_POINT('',#4819);
#4819 = CARTESIAN_POINT('',(1.5,0.,0.));
#4820 = LINE('',#4821,#4822);
#4821 = CARTESIAN_POINT('',(1.5,0.,0.));
#4822 = VECTOR('',#4823,1.);
#4823 = DIRECTION('',(0.966225842546,0.257696762097,0.));
#4824 = ORIENTED_EDGE('',*,*,#4792,.F.);
#4825 = ORIENTED_EDGE('',*,*,#4817,.F.);
#4826 = CONICAL_SURFACE('',#4827,0.,0.260637695478);
#4827 = AXIS2_PLACEMENT_3D('',#4828,#4829,#4830);
#4828 = CARTESIAN_POINT('',(1.5,0.,0.));
#4829 = DIRECTION('',(1.,0.,0.));
#4830 = DIRECTION('',(0.,1.,0.));
#4831 = MANIFOLD_SOLID_BREP('',#4832);
#4832 = CLOSED_SHELL('',(#4833,#4866,#4886,#4906));
#4833 = ADVANCED_FACE('',(#4834),#4861,.T.);
#4834 = FACE_BOUND('',#4835,.T.);
#4835 = EDGE_LOOP('',(#4836,#4845,#4853,#4860));
#4836 = ORIENTED_EDGE('',*,*,#4837,.F.);
#4837 = EDGE_CURVE('',#4838,#4838,#4840,.T.);
#4838 = VERTEX_POINT('',#4839);
#4839 = CARTESIAN_POINT('',(1.35E+03,1.469576158977E-14,60.));
#4840 = CIRCLE('',#4841,60.);
#4841 = AXIS2_PLACEMENT_3D('',#4842,#4843,#4844);
#4842 = CARTESIAN_POINT('',(1.35E+03,0.,0.));
#4843 = DIRECTION('',(1.,0.,-0.));
#4844 = DIRECTION('',(0.,0.,1.));
#4845 = ORIENTED_EDGE('',*,*,#4846,.F.);
#4846 = EDGE_CURVE('',#4847,#4838,#4849,.T.);
#4847 = VERTEX_POINT('',#4848);
#4848 = CARTESIAN_POINT('',(550.,1.469576158977E-14,60.));
#4849 = LINE('',#4850,#4851);
#4850 = CARTESIAN_POINT('',(550.,1.469576158977E-14,60.));
#4851 = VECTOR('',#4852,1.);
#4852 = DIRECTION('',(1.,0.,0.));
#4853 = ORIENTED_EDGE('',*,*,#4854,.T.);
#4854 = EDGE_CURVE('',#4847,#4847,#4855,.T.);
#4855 = CIRCLE('',#4856,60.);
#4856 = AXIS2_PLACEMENT_3D('',#4857,#4858,#4859);
#4857 = CARTESIAN_POINT('',(550.,0.,0.));
#4858 = DIRECTION('',(1.,0.,-0.));
#4859 = DIRECTION('',(0.,0.,1.));
#4860 = ORIENTED_EDGE('',*,*,#4846,.T.);
#4861 = CYLINDRICAL_SURFACE('',#4862,60.);
#4862 = AXIS2_PLACEMENT_3D('',#4863,#4864,#4865);
#4863 = CARTESIAN_POINT('',(550.,0.,0.));
#4864 = DIRECTION('',(1.,0.,0.));
#4865 = DIRECTION('',(0.,0.,1.));
#4866 = ADVANCED_FACE('',(#4867,#4870),#4881,.T.);
#4867 = FACE_BOUND('',#4868,.T.);
#4868 = EDGE_LOOP('',(#4869));
#4869 = ORIENTED_EDGE('',*,*,#4837,.T.);
#4870 = FACE_BOUND('',#4871,.T.);
#4871 = EDGE_LOOP('',(#4872));
#4872 = ORIENTED_EDGE('',*,*,#4873,.F.);
#4873 = EDGE_CURVE('',#4874,#4874,#4876,.T.);
#4874 = VERTEX_POINT('',#4875);
#4875 = CARTESIAN_POINT('',(1.35E+03,1.420590287011E-14,58.));
#4876 = CIRCLE('',#4877,58.);
#4877 = AXIS2_PLACEMENT_3D('',#4878,#4879,#4880);
#4878 = CARTESIAN_POINT('',(1.35E+03,0.,0.));
#4879 = DIRECTION('',(1.,0.,-0.));
#4880 = DIRECTION('',(0.,0.,1.));
#4881 = PLANE('',#4882);
#4882 = AXIS2_PLACEMENT_3D('',#4883,#4884,#4885);
#4883 = CARTESIAN_POINT('',(1.35E+03,0.,0.));
#4884 = DIRECTION('',(1.,0.,0.));
#4885 = DIRECTION('',(0.,0.,1.));
#4886 = ADVANCED_FACE('',(#4887,#4890),#4901,.F.);
#4887 = FACE_BOUND('',#4888,.F.);
#4888 = EDGE_LOOP('',(#4889));
#4889 = ORIENTED_EDGE('',*,*,#4854,.T.);
#4890 = FACE_BOUND('',#4891,.F.);
#4891 = EDGE_LOOP('',(#4892));
#4892 = ORIENTED_EDGE('',*,*,#4893,.F.);
#4893 = EDGE_CURVE('',#4894,#4894,#4896,.T.);
#4894 = VERTEX_POINT('',#4895);
#4895 = CARTESIAN_POINT('',(550.,1.420590287011E-14,58.));
#4896 = CIRCLE('',#4897,58.);
#4897 = AXIS2_PLACEMENT_3D('',#4898,#4899,#4900);
#4898 = CARTESIAN_POINT('',(550.,0.,0.));
#4899 = DIRECTION('',(1.,0.,-0.));
#4900 = DIRECTION('',(0.,0.,1.));
#4901 = PLANE('',#4902);
#4902 = AXIS2_PLACEMENT_3D('',#4903,#4904,#4905);
#4903 = CARTESIAN_POINT('',(550.,0.,0.));
#4904 = DIRECTION('',(1.,0.,0.));
#4905 = DIRECTION('',(0.,0.,1.));
#4906 = ADVANCED_FACE('',(#4907),#4918,.F.);
#4907 = FACE_BOUND('',#4908,.F.);
#4908 = EDGE_LOOP('',(#4909,#4910,#4916,#4917));
#4909 = ORIENTED_EDGE('',*,*,#4873,.F.);
#4910 = ORIENTED_EDGE('',*,*,#4911,.F.);
#4911 = EDGE_CURVE('',#4894,#4874,#4912,.T.);
#4912 = LINE('',#4913,#4914);
#4913 = CARTESIAN_POINT('',(550.,1.420590287011E-14,58.));
#4914 = VECTOR('',#4915,1.);
#4915 = DIRECTION('',(1.,0.,0.));
#4916 = ORIENTED_EDGE('',*,*,#4893,.T.);
#4917 = ORIENTED_EDGE('',*,*,#4911,.T.);
#4918 = CYLINDRICAL_SURFACE('',#4919,58.);
#4919 = AXIS2_PLACEMENT_3D('',#4920,#4921,#4922);
#4920 = CARTESIAN_POINT('',(550.,0.,0.));
#4921 = DIRECTION('',(1.,0.,0.));
#4922 = DIRECTION('',(0.,0.,1.));
#4923 = MANIFOLD_SOLID_BREP('',#4924);
#4924 = CLOSED_SHELL('',(#4925,#4958,#4978,#4998));
#4925 = ADVANCED_FACE('',(#4926),#4953,.T.);
#4926 = FACE_BOUND('',#4927,.T.);
#4927 = EDGE_LOOP('',(#4928,#4937,#4945,#4952));
#4928 = ORIENTED_EDGE('',*,*,#4929,.F.);
#4929 = EDGE_CURVE('',#4930,#4930,#4932,.T.);
#4930 = VERTEX_POINT('',#4931);
#4931 = CARTESIAN_POINT('',(1.44E+03,1.469576158977E-14,60.));
#4932 = CIRCLE('',#4933,60.);
#4933 = AXIS2_PLACEMENT_3D('',#4934,#4935,#4936);
#4934 = CARTESIAN_POINT('',(1.44E+03,0.,0.));
#4935 = DIRECTION('',(1.,0.,-0.));
#4936 = DIRECTION('',(0.,0.,1.));
#4937 = ORIENTED_EDGE('',*,*,#4938,.F.);
#4938 = EDGE_CURVE('',#4939,#4930,#4941,.T.);
#4939 = VERTEX_POINT('',#4940);
#4940 = CARTESIAN_POINT('',(1.35E+03,1.469576158977E-14,60.));
#4941 = LINE('',#4942,#4943);
#4942 = CARTESIAN_POINT('',(1.35E+03,1.469576158977E-14,60.));
#4943 = VECTOR('',#4944,1.);
#4944 = DIRECTION('',(1.,0.,0.));
#4945 = ORIENTED_EDGE('',*,*,#4946,.T.);
#4946 = EDGE_CURVE('',#4939,#4939,#4947,.T.);
#4947 = CIRCLE('',#4948,60.);
#4948 = AXIS2_PLACEMENT_3D('',#4949,#4950,#4951);
#4949 = CARTESIAN_POINT('',(1.35E+03,0.,0.));
#4950 = DIRECTION('',(1.,0.,-0.));
#4951 = DIRECTION('',(0.,0.,1.));
#4952 = ORIENTED_EDGE('',*,*,#4938,.T.);
#4953 = CYLINDRICAL_SURFACE('',#4954,60.);
#4954 = AXIS2_PLACEMENT_3D('',#4955,#4956,#4957);
#4955 = CARTESIAN_POINT('',(1.35E+03,0.,0.));
#4956 = DIRECTION('',(1.,0.,0.));
#4957 = DIRECTION('',(0.,0.,1.));
#4958 = ADVANCED_FACE('',(#4959,#4962),#4973,.T.);
#4959 = FACE_BOUND('',#4960,.T.);
#4960 = EDGE_LOOP('',(#4961));
#4961 = ORIENTED_EDGE('',*,*,#4929,.T.);
#4962 = FACE_BOUND('',#4963,.T.);
#4963 = EDGE_LOOP('',(#4964));
#4964 = ORIENTED_EDGE('',*,*,#4965,.F.);
#4965 = EDGE_CURVE('',#4966,#4966,#4968,.T.);
#4966 = VERTEX_POINT('',#4967);
#4967 = CARTESIAN_POINT('',(1.44E+03,1.420590287011E-14,58.));
#4968 = CIRCLE('',#4969,58.);
#4969 = AXIS2_PLACEMENT_3D('',#4970,#4971,#4972);
#4970 = CARTESIAN_POINT('',(1.44E+03,0.,0.));
#4971 = DIRECTION('',(1.,0.,-0.));
#4972 = DIRECTION('',(0.,0.,1.));
#4973 = PLANE('',#4974);
#4974 = AXIS2_PLACEMENT_3D('',#4975,#4976,#4977);
#4975 = CARTESIAN_POINT('',(1.44E+03,0.,0.));
#4976 = DIRECTION('',(1.,0.,0.));
#4977 = DIRECTION('',(0.,0.,1.));
#4978 = ADVANCED_FACE('',(#4979,#4982),#4993,.F.);
#4979 = FACE_BOUND('',#4980,.F.);
#4980 = EDGE_LOOP('',(#4981));
#4981 = ORIENTED_EDGE('',*,*,#4946,.T.);
#4982 = FACE_BOUND('',#4983,.F.);
#4983 = EDGE_LOOP('',(#4984));
#4984 = ORIENTED_EDGE('',*,*,#4985,.F.);
#4985 = EDGE_CURVE('',#4986,#4986,#4988,.T.);
#4986 = VERTEX_POINT('',#4987);
#4987 = CARTESIAN_POINT('',(1.35E+03,1.420590287011E-14,58.));
#4988 = CIRCLE('',#4989,58.);
#4989 = AXIS2_PLACEMENT_3D('',#4990,#4991,#4992);
#4990 = CARTESIAN_POINT('',(1.35E+03,0.,0.));
#4991 = DIRECTION('',(1.,0.,-0.));
#4992 = DIRECTION('',(0.,0.,1.));
#4993 = PLANE('',#4994);
#4994 = AXIS2_PLACEMENT_3D('',#4995,#4996,#4997);
#4995 = CARTESIAN_POINT('',(1.35E+03,0.,0.));
#4996 = DIRECTION('',(1.,0.,0.));
#4997 = DIRECTION('',(0.,0.,1.));
#4998 = ADVANCED_FACE('',(#4999),#5010,.F.);
#4999 = FACE_BOUND('',#5000,.F.);
#5000 = EDGE_LOOP('',(#5001,#5002,#5008,#5009));
#5001 = ORIENTED_EDGE('',*,*,#4965,.F.);
#5002 = ORIENTED_EDGE('',*,*,#5003,.F.);
#5003 = EDGE_CURVE('',#4986,#4966,#5004,.T.);
#5004 = LINE('',#5005,#5006);
#5005 = CARTESIAN_POINT('',(1.35E+03,1.420590287011E-14,58.));
#5006 = VECTOR('',#5007,1.);
#5007 = DIRECTION('',(1.,0.,0.));
#5008 = ORIENTED_EDGE('',*,*,#4985,.T.);
#5009 = ORIENTED_EDGE('',*,*,#5003,.T.);
#5010 = CYLINDRICAL_SURFACE('',#5011,58.);
#5011 = AXIS2_PLACEMENT_3D('',#5012,#5013,#5014);
#5012 = CARTESIAN_POINT('',(1.35E+03,0.,0.));
#5013 = DIRECTION('',(1.,0.,0.));
#5014 = DIRECTION('',(0.,0.,1.));
#5015 = MANIFOLD_SOLID_BREP('',#5016);
#5016 = CLOSED_SHELL('',(#5017,#5050,#5070,#5090));
#5017 = ADVANCED_FACE('',(#5018),#5045,.T.);
#5018 = FACE_BOUND('',#5019,.T.);
#5019 = EDGE_LOOP('',(#5020,#5029,#5037,#5044));
#5020 = ORIENTED_EDGE('',*,*,#5021,.F.);
#5021 = EDGE_CURVE('',#5022,#5022,#5024,.T.);
#5022 = VERTEX_POINT('',#5023);
#5023 = CARTESIAN_POINT('',(1.46E+03,1.469576158977E-14,60.));
#5024 = CIRCLE('',#5025,60.);
#5025 = AXIS2_PLACEMENT_3D('',#5026,#5027,#5028);
#5026 = CARTESIAN_POINT('',(1.46E+03,0.,0.));
#5027 = DIRECTION('',(1.,0.,-0.));
#5028 = DIRECTION('',(0.,0.,1.));
#5029 = ORIENTED_EDGE('',*,*,#5030,.F.);
#5030 = EDGE_CURVE('',#5031,#5022,#5033,.T.);
#5031 = VERTEX_POINT('',#5032);
#5032 = CARTESIAN_POINT('',(1.44E+03,1.469576158977E-14,60.));
#5033 = LINE('',#5034,#5035);
#5034 = CARTESIAN_POINT('',(1.44E+03,1.469576158977E-14,60.));
#5035 = VECTOR('',#5036,1.);
#5036 = DIRECTION('',(1.,0.,0.));
#5037 = ORIENTED_EDGE('',*,*,#5038,.T.);
#5038 = EDGE_CURVE('',#5031,#5031,#5039,.T.);
#5039 = CIRCLE('',#5040,60.);
#5040 = AXIS2_PLACEMENT_3D('',#5041,#5042,#5043);
#5041 = CARTESIAN_POINT('',(1.44E+03,0.,0.));
#5042 = DIRECTION('',(1.,0.,-0.));
#5043 = DIRECTION('',(0.,0.,1.));
#5044 = ORIENTED_EDGE('',*,*,#5030,.T.);
#5045 = CYLINDRICAL_SURFACE('',#5046,60.);
#5046 = AXIS2_PLACEMENT_3D('',#5047,#5048,#5049);
#5047 = CARTESIAN_POINT('',(1.44E+03,0.,0.));
#5048 = DIRECTION('',(1.,0.,0.));
#5049 = DIRECTION('',(0.,0.,1.));
#5050 = ADVANCED_FACE('',(#5051,#5054),#5065,.T.);
#5051 = FACE_BOUND('',#5052,.T.);
#5052 = EDGE_LOOP('',(#5053));
#5053 = ORIENTED_EDGE('',*,*,#5021,.T.);
#5054 = FACE_BOUND('',#5055,.T.);
#5055 = EDGE_LOOP('',(#5056));
#5056 = ORIENTED_EDGE('',*,*,#5057,.F.);
#5057 = EDGE_CURVE('',#5058,#5058,#5060,.T.);
#5058 = VERTEX_POINT('',#5059);
#5059 = CARTESIAN_POINT('',(1.46E+03,1.420590287011E-14,58.));
#5060 = CIRCLE('',#5061,58.);
#5061 = AXIS2_PLACEMENT_3D('',#5062,#5063,#5064);
#5062 = CARTESIAN_POINT('',(1.46E+03,0.,0.));
#5063 = DIRECTION('',(1.,0.,-0.));
#5064 = DIRECTION('',(0.,0.,1.));
#5065 = PLANE('',#5066);
#5066 = AXIS2_PLACEMENT_3D('',#5067,#5068,#5069);
#5067 = CARTESIAN_POINT('',(1.46E+03,0.,0.));
#5068 = DIRECTION('',(1.,0.,0.));
#5069 = DIRECTION('',(0.,0.,1.));
#5070 = ADVANCED_FACE('',(#5071,#5074),#5085,.F.);
#5071 = FACE_BOUND('',#5072,.F.);
#5072 = EDGE_LOOP('',(#5073));
#5073 = ORIENTED_EDGE('',*,*,#5038,.T.);
#5074 = FACE_BOUND('',#5075,.F.);
#5075 = EDGE_LOOP('',(#5076));
#5076 = ORIENTED_EDGE('',*,*,#5077,.F.);
#5077 = EDGE_CURVE('',#5078,#5078,#5080,.T.);
#5078 = VERTEX_POINT('',#5079);
#5079 = CARTESIAN_POINT('',(1.44E+03,1.420590287011E-14,58.));
#5080 = CIRCLE('',#5081,58.);
#5081 = AXIS2_PLACEMENT_3D('',#5082,#5083,#5084);
#5082 = CARTESIAN_POINT('',(1.44E+03,0.,0.));
#5083 = DIRECTION('',(1.,0.,-0.));
#5084 = DIRECTION('',(0.,0.,1.));
#5085 = PLANE('',#5086);
#5086 = AXIS2_PLACEMENT_3D('',#5087,#5088,#5089);
#5087 = CARTESIAN_POINT('',(1.44E+03,0.,0.));
#5088 = DIRECTION('',(1.,0.,0.));
#5089 = DIRECTION('',(0.,0.,1.));
#5090 = ADVANCED_FACE('',(#5091),#5102,.F.);
#5091 = FACE_BOUND('',#5092,.F.);
#5092 = EDGE_LOOP('',(#5093,#5094,#5100,#5101));
#5093 = ORIENTED_EDGE('',*,*,#5057,.F.);
#5094 = ORIENTED_EDGE('',*,*,#5095,.F.);
#5095 = EDGE_CURVE('',#5078,#5058,#5096,.T.);
#5096 = LINE('',#5097,#5098);
#5097 = CARTESIAN_POINT('',(1.44E+03,1.420590287011E-14,58.));
#5098 = VECTOR('',#5099,1.);
#5099 = DIRECTION('',(1.,0.,0.));
#5100 = ORIENTED_EDGE('',*,*,#5077,.T.);
#5101 = ORIENTED_EDGE('',*,*,#5095,.T.);
#5102 = CYLINDRICAL_SURFACE('',#5103,58.);
#5103 = AXIS2_PLACEMENT_3D('',#5104,#5105,#5106);
#5104 = CARTESIAN_POINT('',(1.44E+03,0.,0.));
#5105 = DIRECTION('',(1.,0.,0.));
#5106 = DIRECTION('',(0.,0.,1.));
#5107 = MANIFOLD_SOLID_BREP('',#5108);
#5108 = CLOSED_SHELL('',(#5109,#5142,#5162,#5182));
#5109 = ADVANCED_FACE('',(#5110),#5137,.T.);
#5110 = FACE_BOUND('',#5111,.T.);
#5111 = EDGE_LOOP('',(#5112,#5121,#5129,#5136));
#5112 = ORIENTED_EDGE('',*,*,#5113,.F.);
#5113 = EDGE_CURVE('',#5114,#5114,#5116,.T.);
#5114 = VERTEX_POINT('',#5115);
#5115 = CARTESIAN_POINT('',(1.55E+03,1.469576158977E-14,60.));
#5116 = CIRCLE('',#5117,60.);
#5117 = AXIS2_PLACEMENT_3D('',#5118,#5119,#5120);
#5118 = CARTESIAN_POINT('',(1.55E+03,0.,0.));
#5119 = DIRECTION('',(1.,0.,-0.));
#5120 = DIRECTION('',(0.,0.,1.));
#5121 = ORIENTED_EDGE('',*,*,#5122,.F.);
#5122 = EDGE_CURVE('',#5123,#5114,#5125,.T.);
#5123 = VERTEX_POINT('',#5124);
#5124 = CARTESIAN_POINT('',(1.46E+03,1.469576158977E-14,60.));
#5125 = LINE('',#5126,#5127);
#5126 = CARTESIAN_POINT('',(1.46E+03,1.469576158977E-14,60.));
#5127 = VECTOR('',#5128,1.);
#5128 = DIRECTION('',(1.,0.,0.));
#5129 = ORIENTED_EDGE('',*,*,#5130,.T.);
#5130 = EDGE_CURVE('',#5123,#5123,#5131,.T.);
#5131 = CIRCLE('',#5132,60.);
#5132 = AXIS2_PLACEMENT_3D('',#5133,#5134,#5135);
#5133 = CARTESIAN_POINT('',(1.46E+03,0.,0.));
#5134 = DIRECTION('',(1.,0.,-0.));
#5135 = DIRECTION('',(0.,0.,1.));
#5136 = ORIENTED_EDGE('',*,*,#5122,.T.);
#5137 = CYLINDRICAL_SURFACE('',#5138,60.);
#5138 = AXIS2_PLACEMENT_3D('',#5139,#5140,#5141);
#5139 = CARTESIAN_POINT('',(1.46E+03,0.,0.));
#5140 = DIRECTION('',(1.,0.,0.));
#5141 = DIRECTION('',(0.,0.,1.));
#5142 = ADVANCED_FACE('',(#5143,#5146),#5157,.T.);
#5143 = FACE_BOUND('',#5144,.T.);
#5144 = EDGE_LOOP('',(#5145));
#5145 = ORIENTED_EDGE('',*,*,#5113,.T.);
#5146 = FACE_BOUND('',#5147,.T.);
#5147 = EDGE_LOOP('',(#5148));
#5148 = ORIENTED_EDGE('',*,*,#5149,.F.);
#5149 = EDGE_CURVE('',#5150,#5150,#5152,.T.);
#5150 = VERTEX_POINT('',#5151);
#5151 = CARTESIAN_POINT('',(1.55E+03,1.420590287011E-14,58.));
#5152 = CIRCLE('',#5153,58.);
#5153 = AXIS2_PLACEMENT_3D('',#5154,#5155,#5156);
#5154 = CARTESIAN_POINT('',(1.55E+03,0.,0.));
#5155 = DIRECTION('',(1.,0.,-0.));
#5156 = DIRECTION('',(0.,0.,1.));
#5157 = PLANE('',#5158);
#5158 = AXIS2_PLACEMENT_3D('',#5159,#5160,#5161);
#5159 = CARTESIAN_POINT('',(1.55E+03,0.,0.));
#5160 = DIRECTION('',(1.,0.,0.));
#5161 = DIRECTION('',(0.,0.,1.));
#5162 = ADVANCED_FACE('',(#5163,#5166),#5177,.F.);
#5163 = FACE_BOUND('',#5164,.F.);
#5164 = EDGE_LOOP('',(#5165));
#5165 = ORIENTED_EDGE('',*,*,#5130,.T.);
#5166 = FACE_BOUND('',#5167,.F.);
#5167 = EDGE_LOOP('',(#5168));
#5168 = ORIENTED_EDGE('',*,*,#5169,.F.);
#5169 = EDGE_CURVE('',#5170,#5170,#5172,.T.);
#5170 = VERTEX_POINT('',#5171);
#5171 = CARTESIAN_POINT('',(1.46E+03,1.420590287011E-14,58.));
#5172 = CIRCLE('',#5173,58.);
#5173 = AXIS2_PLACEMENT_3D('',#5174,#5175,#5176);
#5174 = CARTESIAN_POINT('',(1.46E+03,0.,0.));
#5175 = DIRECTION('',(1.,0.,-0.));
#5176 = DIRECTION('',(0.,0.,1.));
#5177 = PLANE('',#5178);
#5178 = AXIS2_PLACEMENT_3D('',#5179,#5180,#5181);
#5179 = CARTESIAN_POINT('',(1.46E+03,0.,0.));
#5180 = DIRECTION('',(1.,0.,0.));
#5181 = DIRECTION('',(0.,0.,1.));
#5182 = ADVANCED_FACE('',(#5183),#5194,.F.);
#5183 = FACE_BOUND('',#5184,.F.);
#5184 = EDGE_LOOP('',(#5185,#5186,#5192,#5193));
#5185 = ORIENTED_EDGE('',*,*,#5149,.F.);
#5186 = ORIENTED_EDGE('',*,*,#5187,.F.);
#5187 = EDGE_CURVE('',#5170,#5150,#5188,.T.);
#5188 = LINE('',#5189,#5190);
#5189 = CARTESIAN_POINT('',(1.46E+03,1.420590287011E-14,58.));
#5190 = VECTOR('',#5191,1.);
#5191 = DIRECTION('',(1.,0.,0.));
#5192 = ORIENTED_EDGE('',*,*,#5169,.T.);
#5193 = ORIENTED_EDGE('',*,*,#5187,.T.);
#5194 = CYLINDRICAL_SURFACE('',#5195,58.);
#5195 = AXIS2_PLACEMENT_3D('',#5196,#5197,#5198);
#5196 = CARTESIAN_POINT('',(1.46E+03,0.,0.));
#5197 = DIRECTION('',(1.,0.,0.));
#5198 = DIRECTION('',(0.,0.,1.));
#5199 = MANIFOLD_SOLID_BREP('',#5200);
#5200 = CLOSED_SHELL('',(#5201,#5234,#5254,#5274));
#5201 = ADVANCED_FACE('',(#5202),#5229,.T.);
#5202 = FACE_BOUND('',#5203,.T.);
#5203 = EDGE_LOOP('',(#5204,#5213,#5221,#5228));
#5204 = ORIENTED_EDGE('',*,*,#5205,.F.);
#5205 = EDGE_CURVE('',#5206,#5206,#5208,.T.);
#5206 = VERTEX_POINT('',#5207);
#5207 = CARTESIAN_POINT('',(2.15E+03,1.469576158977E-14,60.));
#5208 = CIRCLE('',#5209,60.);
#5209 = AXIS2_PLACEMENT_3D('',#5210,#5211,#5212);
#5210 = CARTESIAN_POINT('',(2.15E+03,0.,0.));
#5211 = DIRECTION('',(1.,0.,-0.));
#5212 = DIRECTION('',(0.,0.,1.));
#5213 = ORIENTED_EDGE('',*,*,#5214,.F.);
#5214 = EDGE_CURVE('',#5215,#5206,#5217,.T.);
#5215 = VERTEX_POINT('',#5216);
#5216 = CARTESIAN_POINT('',(1.55E+03,1.469576158977E-14,60.));
#5217 = LINE('',#5218,#5219);
#5218 = CARTESIAN_POINT('',(1.55E+03,1.469576158977E-14,60.));
#5219 = VECTOR('',#5220,1.);
#5220 = DIRECTION('',(1.,0.,0.));
#5221 = ORIENTED_EDGE('',*,*,#5222,.T.);
#5222 = EDGE_CURVE('',#5215,#5215,#5223,.T.);
#5223 = CIRCLE('',#5224,60.);
#5224 = AXIS2_PLACEMENT_3D('',#5225,#5226,#5227);
#5225 = CARTESIAN_POINT('',(1.55E+03,0.,0.));
#5226 = DIRECTION('',(1.,0.,-0.));
#5227 = DIRECTION('',(0.,0.,1.));
#5228 = ORIENTED_EDGE('',*,*,#5214,.T.);
#5229 = CYLINDRICAL_SURFACE('',#5230,60.);
#5230 = AXIS2_PLACEMENT_3D('',#5231,#5232,#5233);
#5231 = CARTESIAN_POINT('',(1.55E+03,0.,0.));
#5232 = DIRECTION('',(1.,0.,0.));
#5233 = DIRECTION('',(0.,0.,1.));
#5234 = ADVANCED_FACE('',(#5235,#5238),#5249,.T.);
#5235 = FACE_BOUND('',#5236,.T.);
#5236 = EDGE_LOOP('',(#5237));
#5237 = ORIENTED_EDGE('',*,*,#5205,.T.);
#5238 = FACE_BOUND('',#5239,.T.);
#5239 = EDGE_LOOP('',(#5240));
#5240 = ORIENTED_EDGE('',*,*,#5241,.F.);
#5241 = EDGE_CURVE('',#5242,#5242,#5244,.T.);
#5242 = VERTEX_POINT('',#5243);
#5243 = CARTESIAN_POINT('',(2.15E+03,1.420590287011E-14,58.));
#5244 = CIRCLE('',#5245,58.);
#5245 = AXIS2_PLACEMENT_3D('',#5246,#5247,#5248);
#5246 = CARTESIAN_POINT('',(2.15E+03,0.,0.));
#5247 = DIRECTION('',(1.,0.,-0.));
#5248 = DIRECTION('',(0.,0.,1.));
#5249 = PLANE('',#5250);
#5250 = AXIS2_PLACEMENT_3D('',#5251,#5252,#5253);
#5251 = CARTESIAN_POINT('',(2.15E+03,0.,0.));
#5252 = DIRECTION('',(1.,0.,0.));
#5253 = DIRECTION('',(0.,0.,1.));
#5254 = ADVANCED_FACE('',(#5255,#5258),#5269,.F.);
#5255 = FACE_BOUND('',#5256,.F.);
#5256 = EDGE_LOOP('',(#5257));
#5257 = ORIENTED_EDGE('',*,*,#5222,.T.);
#5258 = FACE_BOUND('',#5259,.F.);
#5259 = EDGE_LOOP('',(#5260));
#5260 = ORIENTED_EDGE('',*,*,#5261,.F.);
#5261 = EDGE_CURVE('',#5262,#5262,#5264,.T.);
#5262 = VERTEX_POINT('',#5263);
#5263 = CARTESIAN_POINT('',(1.55E+03,1.420590287011E-14,58.));
#5264 = CIRCLE('',#5265,58.);
#5265 = AXIS2_PLACEMENT_3D('',#5266,#5267,#5268);
#5266 = CARTESIAN_POINT('',(1.55E+03,0.,0.));
#5267 = DIRECTION('',(1.,0.,-0.));
#5268 = DIRECTION('',(0.,0.,1.));
#5269 = PLANE('',#5270);
#5270 = AXIS2_PLACEMENT_3D('',#5271,#5272,#5273);
#5271 = CARTESIAN_POINT('',(1.55E+03,0.,0.));
#5272 = DIRECTION('',(1.,0.,0.));
#5273 = DIRECTION('',(0.,0.,1.));
#5274 = ADVANCED_FACE('',(#5275),#5286,.F.);
#5275 = FACE_BOUND('',#5276,.F.);
#5276 = EDGE_LOOP('',(#5277,#5278,#5284,#5285));
#5277 = ORIENTED_EDGE('',*,*,#5241,.F.);
#5278 = ORIENTED_EDGE('',*,*,#5279,.F.);
#5279 = EDGE_CURVE('',#5262,#5242,#5280,.T.);
#5280 = LINE('',#5281,#5282);
#5281 = CARTESIAN_POINT('',(1.55E+03,1.420590287011E-14,58.));
#5282 = VECTOR('',#5283,1.);
#5283 = DIRECTION('',(1.,0.,0.));
#5284 = ORIENTED_EDGE('',*,*,#5261,.T.);
#5285 = ORIENTED_EDGE('',*,*,#5279,.T.);
#5286 = CYLINDRICAL_SURFACE('',#5287,58.);
#5287 = AXIS2_PLACEMENT_3D('',#5288,#5289,#5290);
#5288 = CARTESIAN_POINT('',(1.55E+03,0.,0.));
#5289 = DIRECTION('',(1.,0.,0.));
#5290 = DIRECTION('',(0.,0.,1.));
#5291 = MANIFOLD_SOLID_BREP('',#5292);
#5292 = CLOSED_SHELL('',(#5293,#5326,#5346,#5366));
#5293 = ADVANCED_FACE('',(#5294),#5321,.T.);
#5294 = FACE_BOUND('',#5295,.T.);
#5295 = EDGE_LOOP('',(#5296,#5305,#5313,#5320));
#5296 = ORIENTED_EDGE('',*,*,#5297,.F.);
#5297 = EDGE_CURVE('',#5298,#5298,#5300,.T.);
#5298 = VERTEX_POINT('',#5299);
#5299 = CARTESIAN_POINT('',(630.,1.420590287011E-14,58.));
#5300 = CIRCLE('',#5301,58.);
#5301 = AXIS2_PLACEMENT_3D('',#5302,#5303,#5304);
#5302 = CARTESIAN_POINT('',(630.,0.,0.));
#5303 = DIRECTION('',(1.,0.,-0.));
#5304 = DIRECTION('',(0.,0.,1.));
#5305 = ORIENTED_EDGE('',*,*,#5306,.F.);
#5306 = EDGE_CURVE('',#5307,#5298,#5309,.T.);
#5307 = VERTEX_POINT('',#5308);
#5308 = CARTESIAN_POINT('',(550.,1.420590287011E-14,58.));
#5309 = LINE('',#5310,#5311);
#5310 = CARTESIAN_POINT('',(550.,1.420590287011E-14,58.));
#5311 = VECTOR('',#5312,1.);
#5312 = DIRECTION('',(1.,0.,0.));
#5313 = ORIENTED_EDGE('',*,*,#5314,.T.);
#5314 = EDGE_CURVE('',#5307,#5307,#5315,.T.);
#5315 = CIRCLE('',#5316,58.);
#5316 = AXIS2_PLACEMENT_3D('',#5317,#5318,#5319);
#5317 = CARTESIAN_POINT('',(550.,0.,0.));
#5318 = DIRECTION('',(1.,0.,-0.));
#5319 = DIRECTION('',(0.,0.,1.));
#5320 = ORIENTED_EDGE('',*,*,#5306,.T.);
#5321 = CYLINDRICAL_SURFACE('',#5322,58.);
#5322 = AXIS2_PLACEMENT_3D('',#5323,#5324,#5325);
#5323 = CARTESIAN_POINT('',(550.,0.,0.));
#5324 = DIRECTION('',(1.,0.,0.));
#5325 = DIRECTION('',(0.,0.,1.));
#5326 = ADVANCED_FACE('',(#5327,#5330),#5341,.T.);
#5327 = FACE_BOUND('',#5328,.T.);
#5328 = EDGE_LOOP('',(#5329));
#5329 = ORIENTED_EDGE('',*,*,#5297,.T.);
#5330 = FACE_BOUND('',#5331,.T.);
#5331 = EDGE_LOOP('',(#5332));
#5332 = ORIENTED_EDGE('',*,*,#5333,.F.);
#5333 = EDGE_CURVE('',#5334,#5334,#5336,.T.);
#5334 = VERTEX_POINT('',#5335);
#5335 = CARTESIAN_POINT('',(630.,1.224646799147E-14,50.));
#5336 = CIRCLE('',#5337,50.);
#5337 = AXIS2_PLACEMENT_3D('',#5338,#5339,#5340);
#5338 = CARTESIAN_POINT('',(630.,0.,0.));
#5339 = DIRECTION('',(1.,0.,-0.));
#5340 = DIRECTION('',(0.,0.,1.));
#5341 = PLANE('',#5342);
#5342 = AXIS2_PLACEMENT_3D('',#5343,#5344,#5345);
#5343 = CARTESIAN_POINT('',(630.,0.,0.));
#5344 = DIRECTION('',(1.,0.,0.));
#5345 = DIRECTION('',(0.,0.,1.));
#5346 = ADVANCED_FACE('',(#5347,#5350),#5361,.F.);
#5347 = FACE_BOUND('',#5348,.F.);
#5348 = EDGE_LOOP('',(#5349));
#5349 = ORIENTED_EDGE('',*,*,#5314,.T.);
#5350 = FACE_BOUND('',#5351,.F.);
#5351 = EDGE_LOOP('',(#5352));
#5352 = ORIENTED_EDGE('',*,*,#5353,.F.);
#5353 = EDGE_CURVE('',#5354,#5354,#5356,.T.);
#5354 = VERTEX_POINT('',#5355);
#5355 = CARTESIAN_POINT('',(550.,1.224646799147E-14,50.));
#5356 = CIRCLE('',#5357,50.);
#5357 = AXIS2_PLACEMENT_3D('',#5358,#5359,#5360);
#5358 = CARTESIAN_POINT('',(550.,0.,0.));
#5359 = DIRECTION('',(1.,0.,-0.));
#5360 = DIRECTION('',(0.,0.,1.));
#5361 = PLANE('',#5362);
#5362 = AXIS2_PLACEMENT_3D('',#5363,#5364,#5365);
#5363 = CARTESIAN_POINT('',(550.,0.,0.));
#5364 = DIRECTION('',(1.,0.,0.));
#5365 = DIRECTION('',(0.,0.,1.));
#5366 = ADVANCED_FACE('',(#5367),#5378,.F.);
#5367 = FACE_BOUND('',#5368,.F.);
#5368 = EDGE_LOOP('',(#5369,#5370,#5376,#5377));
#5369 = ORIENTED_EDGE('',*,*,#5333,.F.);
#5370 = ORIENTED_EDGE('',*,*,#5371,.F.);
#5371 = EDGE_CURVE('',#5354,#5334,#5372,.T.);
#5372 = LINE('',#5373,#5374);
#5373 = CARTESIAN_POINT('',(550.,1.224646799147E-14,50.));
#5374 = VECTOR('',#5375,1.);
#5375 = DIRECTION('',(1.,0.,0.));
#5376 = ORIENTED_EDGE('',*,*,#5353,.T.);
#5377 = ORIENTED_EDGE('',*,*,#5371,.T.);
#5378 = CYLINDRICAL_SURFACE('',#5379,50.);
#5379 = AXIS2_PLACEMENT_3D('',#5380,#5381,#5382);
#5380 = CARTESIAN_POINT('',(550.,0.,0.));
#5381 = DIRECTION('',(1.,0.,0.));
#5382 = DIRECTION('',(0.,0.,1.));
#5383 = MANIFOLD_SOLID_BREP('',#5384);
#5384 = CLOSED_SHELL('',(#5385,#5425,#5465,#5487,#5509,#5521));
#5385 = ADVANCED_FACE('',(#5386),#5420,.F.);
#5386 = FACE_BOUND('',#5387,.F.);
#5387 = EDGE_LOOP('',(#5388,#5398,#5406,#5414));
#5388 = ORIENTED_EDGE('',*,*,#5389,.F.);
#5389 = EDGE_CURVE('',#5390,#5392,#5394,.T.);
#5390 = VERTEX_POINT('',#5391);
#5391 = CARTESIAN_POINT('',(1.35E+03,-3.,49.));
#5392 = VERTEX_POINT('',#5393);
#5393 = CARTESIAN_POINT('',(1.35E+03,-3.,55.));
#5394 = LINE('',#5395,#5396);
#5395 = CARTESIAN_POINT('',(1.35E+03,-3.,49.));
#5396 = VECTOR('',#5397,1.);
#5397 = DIRECTION('',(0.,0.,1.));
#5398 = ORIENTED_EDGE('',*,*,#5399,.T.);
#5399 = EDGE_CURVE('',#5390,#5400,#5402,.T.);
#5400 = VERTEX_POINT('',#5401);
#5401 = CARTESIAN_POINT('',(1.35E+03,3.,49.));
#5402 = LINE('',#5403,#5404);
#5403 = CARTESIAN_POINT('',(1.35E+03,-3.,49.));
#5404 = VECTOR('',#5405,1.);
#5405 = DIRECTION('',(0.,1.,0.));
#5406 = ORIENTED_EDGE('',*,*,#5407,.T.);
#5407 = EDGE_CURVE('',#5400,#5408,#5410,.T.);
#5408 = VERTEX_POINT('',#5409);
#5409 = CARTESIAN_POINT('',(1.35E+03,3.,55.));
#5410 = LINE('',#5411,#5412);
#5411 = CARTESIAN_POINT('',(1.35E+03,3.,49.));
#5412 = VECTOR('',#5413,1.);
#5413 = DIRECTION('',(0.,0.,1.));
#5414 = ORIENTED_EDGE('',*,*,#5415,.F.);
#5415 = EDGE_CURVE('',#5392,#5408,#5416,.T.);
#5416 = LINE('',#5417,#5418);
#5417 = CARTESIAN_POINT('',(1.35E+03,-3.,55.));
#5418 = VECTOR('',#5419,1.);
#5419 = DIRECTION('',(0.,1.,0.));
#5420 = PLANE('',#5421);
#5421 = AXIS2_PLACEMENT_3D('',#5422,#5423,#5424);
#5422 = CARTESIAN_POINT('',(1.35E+03,-3.,49.));
#5423 = DIRECTION('',(1.,0.,0.));
#5424 = DIRECTION('',(0.,0.,1.));
#5425 = ADVANCED_FACE('',(#5426),#5460,.T.);
#5426 = FACE_BOUND('',#5427,.T.);
#5427 = EDGE_LOOP('',(#5428,#5438,#5446,#5454));
#5428 = ORIENTED_EDGE('',*,*,#5429,.F.);
#5429 = EDGE_CURVE('',#5430,#5432,#5434,.T.);
#5430 = VERTEX_POINT('',#5431);
#5431 = CARTESIAN_POINT('',(1.6E+03,-3.,49.));
#5432 = VERTEX_POINT('',#5433);
#5433 = CARTESIAN_POINT('',(1.6E+03,-3.,55.));
#5434 = LINE('',#5435,#5436);
#5435 = CARTESIAN_POINT('',(1.6E+03,-3.,49.));
#5436 = VECTOR('',#5437,1.);
#5437 = DIRECTION('',(0.,0.,1.));
#5438 = ORIENTED_EDGE('',*,*,#5439,.T.);
#5439 = EDGE_CURVE('',#5430,#5440,#5442,.T.);
#5440 = VERTEX_POINT('',#5441);
#5441 = CARTESIAN_POINT('',(1.6E+03,3.,49.));
#5442 = LINE('',#5443,#5444);
#5443 = CARTESIAN_POINT('',(1.6E+03,-3.,49.));
#5444 = VECTOR('',#5445,1.);
#5445 = DIRECTION('',(0.,1.,0.));
#5446 = ORIENTED_EDGE('',*,*,#5447,.T.);
#5447 = EDGE_CURVE('',#5440,#5448,#5450,.T.);
#5448 = VERTEX_POINT('',#5449);
#5449 = CARTESIAN_POINT('',(1.6E+03,3.,55.));
#5450 = LINE('',#5451,#5452);
#5451 = CARTESIAN_POINT('',(1.6E+03,3.,49.));
#5452 = VECTOR('',#5453,1.);
#5453 = DIRECTION('',(0.,0.,1.));
#5454 = ORIENTED_EDGE('',*,*,#5455,.F.);
#5455 = EDGE_CURVE('',#5432,#5448,#5456,.T.);
#5456 = LINE('',#5457,#5458);
#5457 = CARTESIAN_POINT('',(1.6E+03,-3.,55.));
#5458 = VECTOR('',#5459,1.);
#5459 = DIRECTION('',(0.,1.,0.));
#5460 = PLANE('',#5461);
#5461 = AXIS2_PLACEMENT_3D('',#5462,#5463,#5464);
#5462 = CARTESIAN_POINT('',(1.6E+03,-3.,49.));
#5463 = DIRECTION('',(1.,0.,0.));
#5464 = DIRECTION('',(0.,0.,1.));
#5465 = ADVANCED_FACE('',(#5466),#5482,.F.);
#5466 = FACE_BOUND('',#5467,.F.);
#5467 = EDGE_LOOP('',(#5468,#5474,#5475,#5481));
#5468 = ORIENTED_EDGE('',*,*,#5469,.F.);
#5469 = EDGE_CURVE('',#5390,#5430,#5470,.T.);
#5470 = LINE('',#5471,#5472);
#5471 = CARTESIAN_POINT('',(1.35E+03,-3.,49.));
#5472 = VECTOR('',#5473,1.);
#5473 = DIRECTION('',(1.,0.,0.));
#5474 = ORIENTED_EDGE('',*,*,#5389,.T.);
#5475 = ORIENTED_EDGE('',*,*,#5476,.T.);
#5476 = EDGE_CURVE('',#5392,#5432,#5477,.T.);
#5477 = LINE('',#5478,#5479);
#5478 = CARTESIAN_POINT('',(1.35E+03,-3.,55.));
#5479 = VECTOR('',#5480,1.);
#5480 = DIRECTION('',(1.,0.,0.));
#5481 = ORIENTED_EDGE('',*,*,#5429,.F.);
#5482 = PLANE('',#5483);
#5483 = AXIS2_PLACEMENT_3D('',#5484,#5485,#5486);
#5484 = CARTESIAN_POINT('',(1.35E+03,-3.,49.));
#5485 = DIRECTION('',(0.,1.,0.));
#5486 = DIRECTION('',(0.,0.,1.));
#5487 = ADVANCED_FACE('',(#5488),#5504,.T.);
#5488 = FACE_BOUND('',#5489,.T.);
#5489 = EDGE_LOOP('',(#5490,#5496,#5497,#5503));
#5490 = ORIENTED_EDGE('',*,*,#5491,.F.);
#5491 = EDGE_CURVE('',#5400,#5440,#5492,.T.);
#5492 = LINE('',#5493,#5494);
#5493 = CARTESIAN_POINT('',(1.35E+03,3.,49.));
#5494 = VECTOR('',#5495,1.);
#5495 = DIRECTION('',(1.,0.,0.));
#5496 = ORIENTED_EDGE('',*,*,#5407,.T.);
#5497 = ORIENTED_EDGE('',*,*,#5498,.T.);
#5498 = EDGE_CURVE('',#5408,#5448,#5499,.T.);
#5499 = LINE('',#5500,#5501);
#5500 = CARTESIAN_POINT('',(1.35E+03,3.,55.));
#5501 = VECTOR('',#5502,1.);
#5502 = DIRECTION('',(1.,0.,0.));
#5503 = ORIENTED_EDGE('',*,*,#5447,.F.);
#5504 = PLANE('',#5505);
#5505 = AXIS2_PLACEMENT_3D('',#5506,#5507,#5508);
#5506 = CARTESIAN_POINT('',(1.35E+03,3.,49.));
#5507 = DIRECTION('',(0.,1.,0.));
#5508 = DIRECTION('',(0.,0.,1.));
#5509 = ADVANCED_FACE('',(#5510),#5516,.F.);
#5510 = FACE_BOUND('',#5511,.F.);
#5511 = EDGE_LOOP('',(#5512,#5513,#5514,#5515));
#5512 = ORIENTED_EDGE('',*,*,#5399,.F.);
#5513 = ORIENTED_EDGE('',*,*,#5469,.T.);
#5514 = ORIENTED_EDGE('',*,*,#5439,.T.);
#5515 = ORIENTED_EDGE('',*,*,#5491,.F.);
#5516 = PLANE('',#5517);
#5517 = AXIS2_PLACEMENT_3D('',#5518,#5519,#5520);
#5518 = CARTESIAN_POINT('',(1.35E+03,-3.,49.));
#5519 = DIRECTION('',(0.,0.,1.));
#5520 = DIRECTION('',(1.,0.,0.));
#5521 = ADVANCED_FACE('',(#5522),#5528,.T.);
#5522 = FACE_BOUND('',#5523,.T.);
#5523 = EDGE_LOOP('',(#5524,#5525,#5526,#5527));
#5524 = ORIENTED_EDGE('',*,*,#5415,.F.);
#5525 = ORIENTED_EDGE('',*,*,#5476,.T.);
#5526 = ORIENTED_EDGE('',*,*,#5455,.T.);
#5527 = ORIENTED_EDGE('',*,*,#5498,.F.);
#5528 = PLANE('',#5529);
#5529 = AXIS2_PLACEMENT_3D('',#5530,#5531,#5532);
#5530 = CARTESIAN_POINT('',(1.35E+03,-3.,55.));
#5531 = DIRECTION('',(0.,0.,1.));
#5532 = DIRECTION('',(1.,0.,0.));
#5533 = MANIFOLD_SOLID_BREP('',#5534);
#5534 = CLOSED_SHELL('',(#5535,#5575,#5615,#5637,#5659,#5671));
#5535 = ADVANCED_FACE('',(#5536),#5570,.F.);
#5536 = FACE_BOUND('',#5537,.F.);
#5537 = EDGE_LOOP('',(#5538,#5548,#5556,#5564));
#5538 = ORIENTED_EDGE('',*,*,#5539,.F.);
#5539 = EDGE_CURVE('',#5540,#5542,#5544,.T.);
#5540 = VERTEX_POINT('',#5541);
#5541 = CARTESIAN_POINT('',(1.35E+03,-49.,-3.));
#5542 = VERTEX_POINT('',#5543);
#5543 = CARTESIAN_POINT('',(1.35E+03,-55.,-3.));
#5544 = LINE('',#5545,#5546);
#5545 = CARTESIAN_POINT('',(1.35E+03,-49.,-3.));
#5546 = VECTOR('',#5547,1.);
#5547 = DIRECTION('',(0.,-1.,1.110223024625E-16));
#5548 = ORIENTED_EDGE('',*,*,#5549,.T.);
#5549 = EDGE_CURVE('',#5540,#5550,#5552,.T.);
#5550 = VERTEX_POINT('',#5551);
#5551 = CARTESIAN_POINT('',(1.35E+03,-49.,3.));
#5552 = LINE('',#5553,#5554);
#5553 = CARTESIAN_POINT('',(1.35E+03,-49.,-3.));
#5554 = VECTOR('',#5555,1.);
#5555 = DIRECTION('',(0.,1.110223024625E-16,1.));
#5556 = ORIENTED_EDGE('',*,*,#5557,.T.);
#5557 = EDGE_CURVE('',#5550,#5558,#5560,.T.);
#5558 = VERTEX_POINT('',#5559);
#5559 = CARTESIAN_POINT('',(1.35E+03,-55.,3.));
#5560 = LINE('',#5561,#5562);
#5561 = CARTESIAN_POINT('',(1.35E+03,-49.,3.));
#5562 = VECTOR('',#5563,1.);
#5563 = DIRECTION('',(0.,-1.,1.110223024625E-16));
#5564 = ORIENTED_EDGE('',*,*,#5565,.F.);
#5565 = EDGE_CURVE('',#5542,#5558,#5566,.T.);
#5566 = LINE('',#5567,#5568);
#5567 = CARTESIAN_POINT('',(1.35E+03,-55.,-3.));
#5568 = VECTOR('',#5569,1.);
#5569 = DIRECTION('',(0.,1.110223024625E-16,1.));
#5570 = PLANE('',#5571);
#5571 = AXIS2_PLACEMENT_3D('',#5572,#5573,#5574);
#5572 = CARTESIAN_POINT('',(1.35E+03,-49.,-3.));
#5573 = DIRECTION('',(1.,0.,0.));
#5574 = DIRECTION('',(0.,-1.,1.110223024625E-16));
#5575 = ADVANCED_FACE('',(#5576),#5610,.T.);
#5576 = FACE_BOUND('',#5577,.T.);
#5577 = EDGE_LOOP('',(#5578,#5588,#5596,#5604));
#5578 = ORIENTED_EDGE('',*,*,#5579,.F.);
#5579 = EDGE_CURVE('',#5580,#5582,#5584,.T.);
#5580 = VERTEX_POINT('',#5581);
#5581 = CARTESIAN_POINT('',(1.6E+03,-49.,-3.));
#5582 = VERTEX_POINT('',#5583);
#5583 = CARTESIAN_POINT('',(1.6E+03,-55.,-3.));
#5584 = LINE('',#5585,#5586);
#5585 = CARTESIAN_POINT('',(1.6E+03,-49.,-3.));
#5586 = VECTOR('',#5587,1.);
#5587 = DIRECTION('',(0.,-1.,1.110223024625E-16));
#5588 = ORIENTED_EDGE('',*,*,#5589,.T.);
#5589 = EDGE_CURVE('',#5580,#5590,#5592,.T.);
#5590 = VERTEX_POINT('',#5591);
#5591 = CARTESIAN_POINT('',(1.6E+03,-49.,3.));
#5592 = LINE('',#5593,#5594);
#5593 = CARTESIAN_POINT('',(1.6E+03,-49.,-3.));
#5594 = VECTOR('',#5595,1.);
#5595 = DIRECTION('',(0.,1.110223024625E-16,1.));
#5596 = ORIENTED_EDGE('',*,*,#5597,.T.);
#5597 = EDGE_CURVE('',#5590,#5598,#5600,.T.);
#5598 = VERTEX_POINT('',#5599);
#5599 = CARTESIAN_POINT('',(1.6E+03,-55.,3.));
#5600 = LINE('',#5601,#5602);
#5601 = CARTESIAN_POINT('',(1.6E+03,-49.,3.));
#5602 = VECTOR('',#5603,1.);
#5603 = DIRECTION('',(0.,-1.,1.110223024625E-16));
#5604 = ORIENTED_EDGE('',*,*,#5605,.F.);
#5605 = EDGE_CURVE('',#5582,#5598,#5606,.T.);
#5606 = LINE('',#5607,#5608);
#5607 = CARTESIAN_POINT('',(1.6E+03,-55.,-3.));
#5608 = VECTOR('',#5609,1.);
#5609 = DIRECTION('',(0.,1.110223024625E-16,1.));
#5610 = PLANE('',#5611);
#5611 = AXIS2_PLACEMENT_3D('',#5612,#5613,#5614);
#5612 = CARTESIAN_POINT('',(1.6E+03,-49.,-3.));
#5613 = DIRECTION('',(1.,0.,0.));
#5614 = DIRECTION('',(0.,-1.,1.110223024625E-16));
#5615 = ADVANCED_FACE('',(#5616),#5632,.F.);
#5616 = FACE_BOUND('',#5617,.F.);
#5617 = EDGE_LOOP('',(#5618,#5624,#5625,#5631));
#5618 = ORIENTED_EDGE('',*,*,#5619,.F.);
#5619 = EDGE_CURVE('',#5540,#5580,#5620,.T.);
#5620 = LINE('',#5621,#5622);
#5621 = CARTESIAN_POINT('',(1.35E+03,-49.,-3.));
#5622 = VECTOR('',#5623,1.);
#5623 = DIRECTION('',(1.,0.,0.));
#5624 = ORIENTED_EDGE('',*,*,#5539,.T.);
#5625 = ORIENTED_EDGE('',*,*,#5626,.T.);
#5626 = EDGE_CURVE('',#5542,#5582,#5627,.T.);
#5627 = LINE('',#5628,#5629);
#5628 = CARTESIAN_POINT('',(1.35E+03,-55.,-3.));
#5629 = VECTOR('',#5630,1.);
#5630 = DIRECTION('',(1.,0.,0.));
#5631 = ORIENTED_EDGE('',*,*,#5579,.F.);
#5632 = PLANE('',#5633);
#5633 = AXIS2_PLACEMENT_3D('',#5634,#5635,#5636);
#5634 = CARTESIAN_POINT('',(1.35E+03,-49.,-3.));
#5635 = DIRECTION('',(0.,1.110223024625E-16,1.));
#5636 = DIRECTION('',(0.,-1.,1.110223024625E-16));
#5637 = ADVANCED_FACE('',(#5638),#5654,.T.);
#5638 = FACE_BOUND('',#5639,.T.);
#5639 = EDGE_LOOP('',(#5640,#5646,#5647,#5653));
#5640 = ORIENTED_EDGE('',*,*,#5641,.F.);
#5641 = EDGE_CURVE('',#5550,#5590,#5642,.T.);
#5642 = LINE('',#5643,#5644);
#5643 = CARTESIAN_POINT('',(1.35E+03,-49.,3.));
#5644 = VECTOR('',#5645,1.);
#5645 = DIRECTION('',(1.,0.,0.));
#5646 = ORIENTED_EDGE('',*,*,#5557,.T.);
#5647 = ORIENTED_EDGE('',*,*,#5648,.T.);
#5648 = EDGE_CURVE('',#5558,#5598,#5649,.T.);
#5649 = LINE('',#5650,#5651);
#5650 = CARTESIAN_POINT('',(1.35E+03,-55.,3.));
#5651 = VECTOR('',#5652,1.);
#5652 = DIRECTION('',(1.,0.,0.));
#5653 = ORIENTED_EDGE('',*,*,#5597,.F.);
#5654 = PLANE('',#5655);
#5655 = AXIS2_PLACEMENT_3D('',#5656,#5657,#5658);
#5656 = CARTESIAN_POINT('',(1.35E+03,-49.,3.));
#5657 = DIRECTION('',(0.,1.110223024625E-16,1.));
#5658 = DIRECTION('',(0.,-1.,1.110223024625E-16));
#5659 = ADVANCED_FACE('',(#5660),#5666,.F.);
#5660 = FACE_BOUND('',#5661,.F.);
#5661 = EDGE_LOOP('',(#5662,#5663,#5664,#5665));
#5662 = ORIENTED_EDGE('',*,*,#5549,.F.);
#5663 = ORIENTED_EDGE('',*,*,#5619,.T.);
#5664 = ORIENTED_EDGE('',*,*,#5589,.T.);
#5665 = ORIENTED_EDGE('',*,*,#5641,.F.);
#5666 = PLANE('',#5667);
#5667 = AXIS2_PLACEMENT_3D('',#5668,#5669,#5670);
#5668 = CARTESIAN_POINT('',(1.35E+03,-49.,-3.));
#5669 = DIRECTION('',(0.,-1.,1.110223024625E-16));
#5670 = DIRECTION('',(1.,0.,0.));
#5671 = ADVANCED_FACE('',(#5672),#5678,.T.);
#5672 = FACE_BOUND('',#5673,.T.);
#5673 = EDGE_LOOP('',(#5674,#5675,#5676,#5677));
#5674 = ORIENTED_EDGE('',*,*,#5565,.F.);
#5675 = ORIENTED_EDGE('',*,*,#5626,.T.);
#5676 = ORIENTED_EDGE('',*,*,#5605,.T.);
#5677 = ORIENTED_EDGE('',*,*,#5648,.F.);
#5678 = PLANE('',#5679);
#5679 = AXIS2_PLACEMENT_3D('',#5680,#5681,#5682);
#5680 = CARTESIAN_POINT('',(1.35E+03,-55.,-3.));
#5681 = DIRECTION('',(0.,-1.,1.110223024625E-16));
#5682 = DIRECTION('',(1.,0.,0.));
#5683 = MANIFOLD_SOLID_BREP('',#5684);
#5684 = CLOSED_SHELL('',(#5685,#5725,#5765,#5787,#5809,#5821));
#5685 = ADVANCED_FACE('',(#5686),#5720,.F.);
#5686 = FACE_BOUND('',#5687,.F.);
#5687 = EDGE_LOOP('',(#5688,#5698,#5706,#5714));
#5688 = ORIENTED_EDGE('',*,*,#5689,.F.);
#5689 = EDGE_CURVE('',#5690,#5692,#5694,.T.);
#5690 = VERTEX_POINT('',#5691);
#5691 = CARTESIAN_POINT('',(1.35E+03,3.,-49.));
#5692 = VERTEX_POINT('',#5693);
#5693 = CARTESIAN_POINT('',(1.35E+03,3.,-55.));
#5694 = LINE('',#5695,#5696);
#5695 = CARTESIAN_POINT('',(1.35E+03,3.,-49.));
#5696 = VECTOR('',#5697,1.);
#5697 = DIRECTION('',(0.,-1.224646799147E-16,-1.));
#5698 = ORIENTED_EDGE('',*,*,#5699,.T.);
#5699 = EDGE_CURVE('',#5690,#5700,#5702,.T.);
#5700 = VERTEX_POINT('',#5701);
#5701 = CARTESIAN_POINT('',(1.35E+03,-3.,-49.));
#5702 = LINE('',#5703,#5704);
#5703 = CARTESIAN_POINT('',(1.35E+03,3.,-49.));
#5704 = VECTOR('',#5705,1.);
#5705 = DIRECTION('',(0.,-1.,1.224646799147E-16));
#5706 = ORIENTED_EDGE('',*,*,#5707,.T.);
#5707 = EDGE_CURVE('',#5700,#5708,#5710,.T.);
#5708 = VERTEX_POINT('',#5709);
#5709 = CARTESIAN_POINT('',(1.35E+03,-3.,-55.));
#5710 = LINE('',#5711,#5712);
#5711 = CARTESIAN_POINT('',(1.35E+03,-3.,-49.));
#5712 = VECTOR('',#5713,1.);
#5713 = DIRECTION('',(0.,-1.224646799147E-16,-1.));
#5714 = ORIENTED_EDGE('',*,*,#5715,.F.);
#5715 = EDGE_CURVE('',#5692,#5708,#5716,.T.);
#5716 = LINE('',#5717,#5718);
#5717 = CARTESIAN_POINT('',(1.35E+03,3.,-55.));
#5718 = VECTOR('',#5719,1.);
#5719 = DIRECTION('',(0.,-1.,1.224646799147E-16));
#5720 = PLANE('',#5721);
#5721 = AXIS2_PLACEMENT_3D('',#5722,#5723,#5724);
#5722 = CARTESIAN_POINT('',(1.35E+03,3.,-49.));
#5723 = DIRECTION('',(1.,0.,0.));
#5724 = DIRECTION('',(0.,-1.224646799147E-16,-1.));
#5725 = ADVANCED_FACE('',(#5726),#5760,.T.);
#5726 = FACE_BOUND('',#5727,.T.);
#5727 = EDGE_LOOP('',(#5728,#5738,#5746,#5754));
#5728 = ORIENTED_EDGE('',*,*,#5729,.F.);
#5729 = EDGE_CURVE('',#5730,#5732,#5734,.T.);
#5730 = VERTEX_POINT('',#5731);
#5731 = CARTESIAN_POINT('',(1.6E+03,3.,-49.));
#5732 = VERTEX_POINT('',#5733);
#5733 = CARTESIAN_POINT('',(1.6E+03,3.,-55.));
#5734 = LINE('',#5735,#5736);
#5735 = CARTESIAN_POINT('',(1.6E+03,3.,-49.));
#5736 = VECTOR('',#5737,1.);
#5737 = DIRECTION('',(0.,-1.224646799147E-16,-1.));
#5738 = ORIENTED_EDGE('',*,*,#5739,.T.);
#5739 = EDGE_CURVE('',#5730,#5740,#5742,.T.);
#5740 = VERTEX_POINT('',#5741);
#5741 = CARTESIAN_POINT('',(1.6E+03,-3.,-49.));
#5742 = LINE('',#5743,#5744);
#5743 = CARTESIAN_POINT('',(1.6E+03,3.,-49.));
#5744 = VECTOR('',#5745,1.);
#5745 = DIRECTION('',(0.,-1.,1.224646799147E-16));
#5746 = ORIENTED_EDGE('',*,*,#5747,.T.);
#5747 = EDGE_CURVE('',#5740,#5748,#5750,.T.);
#5748 = VERTEX_POINT('',#5749);
#5749 = CARTESIAN_POINT('',(1.6E+03,-3.,-55.));
#5750 = LINE('',#5751,#5752);
#5751 = CARTESIAN_POINT('',(1.6E+03,-3.,-49.));
#5752 = VECTOR('',#5753,1.);
#5753 = DIRECTION('',(0.,-1.224646799147E-16,-1.));
#5754 = ORIENTED_EDGE('',*,*,#5755,.F.);
#5755 = EDGE_CURVE('',#5732,#5748,#5756,.T.);
#5756 = LINE('',#5757,#5758);
#5757 = CARTESIAN_POINT('',(1.6E+03,3.,-55.));
#5758 = VECTOR('',#5759,1.);
#5759 = DIRECTION('',(0.,-1.,1.224646799147E-16));
#5760 = PLANE('',#5761);
#5761 = AXIS2_PLACEMENT_3D('',#5762,#5763,#5764);
#5762 = CARTESIAN_POINT('',(1.6E+03,3.,-49.));
#5763 = DIRECTION('',(1.,0.,0.));
#5764 = DIRECTION('',(0.,-1.224646799147E-16,-1.));
#5765 = ADVANCED_FACE('',(#5766),#5782,.F.);
#5766 = FACE_BOUND('',#5767,.F.);
#5767 = EDGE_LOOP('',(#5768,#5774,#5775,#5781));
#5768 = ORIENTED_EDGE('',*,*,#5769,.F.);
#5769 = EDGE_CURVE('',#5690,#5730,#5770,.T.);
#5770 = LINE('',#5771,#5772);
#5771 = CARTESIAN_POINT('',(1.35E+03,3.,-49.));
#5772 = VECTOR('',#5773,1.);
#5773 = DIRECTION('',(1.,0.,0.));
#5774 = ORIENTED_EDGE('',*,*,#5689,.T.);
#5775 = ORIENTED_EDGE('',*,*,#5776,.T.);
#5776 = EDGE_CURVE('',#5692,#5732,#5777,.T.);
#5777 = LINE('',#5778,#5779);
#5778 = CARTESIAN_POINT('',(1.35E+03,3.,-55.));
#5779 = VECTOR('',#5780,1.);
#5780 = DIRECTION('',(1.,0.,0.));
#5781 = ORIENTED_EDGE('',*,*,#5729,.F.);
#5782 = PLANE('',#5783);
#5783 = AXIS2_PLACEMENT_3D('',#5784,#5785,#5786);
#5784 = CARTESIAN_POINT('',(1.35E+03,3.,-49.));
#5785 = DIRECTION('',(0.,-1.,1.224646799147E-16));
#5786 = DIRECTION('',(0.,-1.224646799147E-16,-1.));
#5787 = ADVANCED_FACE('',(#5788),#5804,.T.);
#5788 = FACE_BOUND('',#5789,.T.);
#5789 = EDGE_LOOP('',(#5790,#5796,#5797,#5803));
#5790 = ORIENTED_EDGE('',*,*,#5791,.F.);
#5791 = EDGE_CURVE('',#5700,#5740,#5792,.T.);
#5792 = LINE('',#5793,#5794);
#5793 = CARTESIAN_POINT('',(1.35E+03,-3.,-49.));
#5794 = VECTOR('',#5795,1.);
#5795 = DIRECTION('',(1.,0.,0.));
#5796 = ORIENTED_EDGE('',*,*,#5707,.T.);
#5797 = ORIENTED_EDGE('',*,*,#5798,.T.);
#5798 = EDGE_CURVE('',#5708,#5748,#5799,.T.);
#5799 = LINE('',#5800,#5801);
#5800 = CARTESIAN_POINT('',(1.35E+03,-3.,-55.));
#5801 = VECTOR('',#5802,1.);
#5802 = DIRECTION('',(1.,0.,0.));
#5803 = ORIENTED_EDGE('',*,*,#5747,.F.);
#5804 = PLANE('',#5805);
#5805 = AXIS2_PLACEMENT_3D('',#5806,#5807,#5808);
#5806 = CARTESIAN_POINT('',(1.35E+03,-3.,-49.));
#5807 = DIRECTION('',(0.,-1.,1.224646799147E-16));
#5808 = DIRECTION('',(0.,-1.224646799147E-16,-1.));
#5809 = ADVANCED_FACE('',(#5810),#5816,.F.);
#5810 = FACE_BOUND('',#5811,.F.);
#5811 = EDGE_LOOP('',(#5812,#5813,#5814,#5815));
#5812 = ORIENTED_EDGE('',*,*,#5699,.F.);
#5813 = ORIENTED_EDGE('',*,*,#5769,.T.);
#5814 = ORIENTED_EDGE('',*,*,#5739,.T.);
#5815 = ORIENTED_EDGE('',*,*,#5791,.F.);
#5816 = PLANE('',#5817);
#5817 = AXIS2_PLACEMENT_3D('',#5818,#5819,#5820);
#5818 = CARTESIAN_POINT('',(1.35E+03,3.,-49.));
#5819 = DIRECTION('',(0.,-1.224646799147E-16,-1.));
#5820 = DIRECTION('',(1.,0.,0.));
#5821 = ADVANCED_FACE('',(#5822),#5828,.T.);
#5822 = FACE_BOUND('',#5823,.T.);
#5823 = EDGE_LOOP('',(#5824,#5825,#5826,#5827));
#5824 = ORIENTED_EDGE('',*,*,#5715,.F.);
#5825 = ORIENTED_EDGE('',*,*,#5776,.T.);
#5826 = ORIENTED_EDGE('',*,*,#5755,.T.);
#5827 = ORIENTED_EDGE('',*,*,#5798,.F.);
#5828 = PLANE('',#5829);
#5829 = AXIS2_PLACEMENT_3D('',#5830,#5831,#5832);
#5830 = CARTESIAN_POINT('',(1.35E+03,3.,-55.));
#5831 = DIRECTION('',(0.,-1.224646799147E-16,-1.));
#5832 = DIRECTION('',(1.,0.,0.));
#5833 = MANIFOLD_SOLID_BREP('',#5834);
#5834 = CLOSED_SHELL('',(#5835,#5875,#5915,#5937,#5959,#5971));
#5835 = ADVANCED_FACE('',(#5836),#5870,.F.);
#5836 = FACE_BOUND('',#5837,.F.);
#5837 = EDGE_LOOP('',(#5838,#5848,#5856,#5864));
#5838 = ORIENTED_EDGE('',*,*,#5839,.F.);
#5839 = EDGE_CURVE('',#5840,#5842,#5844,.T.);
#5840 = VERTEX_POINT('',#5841);
#5841 = CARTESIAN_POINT('',(1.35E+03,49.,3.));
#5842 = VERTEX_POINT('',#5843);
#5843 = CARTESIAN_POINT('',(1.35E+03,55.,3.));
#5844 = LINE('',#5845,#5846);
#5845 = CARTESIAN_POINT('',(1.35E+03,49.,3.));
#5846 = VECTOR('',#5847,1.);
#5847 = DIRECTION('',(0.,1.,-2.22044604925E-16));
#5848 = ORIENTED_EDGE('',*,*,#5849,.T.);
#5849 = EDGE_CURVE('',#5840,#5850,#5852,.T.);
#5850 = VERTEX_POINT('',#5851);
#5851 = CARTESIAN_POINT('',(1.35E+03,49.,-3.));
#5852 = LINE('',#5853,#5854);
#5853 = CARTESIAN_POINT('',(1.35E+03,49.,3.));
#5854 = VECTOR('',#5855,1.);
#5855 = DIRECTION('',(0.,-2.22044604925E-16,-1.));
#5856 = ORIENTED_EDGE('',*,*,#5857,.T.);
#5857 = EDGE_CURVE('',#5850,#5858,#5860,.T.);
#5858 = VERTEX_POINT('',#5859);
#5859 = CARTESIAN_POINT('',(1.35E+03,55.,-3.));
#5860 = LINE('',#5861,#5862);
#5861 = CARTESIAN_POINT('',(1.35E+03,49.,-3.));
#5862 = VECTOR('',#5863,1.);
#5863 = DIRECTION('',(0.,1.,-2.22044604925E-16));
#5864 = ORIENTED_EDGE('',*,*,#5865,.F.);
#5865 = EDGE_CURVE('',#5842,#5858,#5866,.T.);
#5866 = LINE('',#5867,#5868);
#5867 = CARTESIAN_POINT('',(1.35E+03,55.,3.));
#5868 = VECTOR('',#5869,1.);
#5869 = DIRECTION('',(0.,-2.22044604925E-16,-1.));
#5870 = PLANE('',#5871);
#5871 = AXIS2_PLACEMENT_3D('',#5872,#5873,#5874);
#5872 = CARTESIAN_POINT('',(1.35E+03,49.,3.));
#5873 = DIRECTION('',(1.,0.,0.));
#5874 = DIRECTION('',(0.,1.,-2.22044604925E-16));
#5875 = ADVANCED_FACE('',(#5876),#5910,.T.);
#5876 = FACE_BOUND('',#5877,.T.);
#5877 = EDGE_LOOP('',(#5878,#5888,#5896,#5904));
#5878 = ORIENTED_EDGE('',*,*,#5879,.F.);
#5879 = EDGE_CURVE('',#5880,#5882,#5884,.T.);
#5880 = VERTEX_POINT('',#5881);
#5881 = CARTESIAN_POINT('',(1.6E+03,49.,3.));
#5882 = VERTEX_POINT('',#5883);
#5883 = CARTESIAN_POINT('',(1.6E+03,55.,3.));
#5884 = LINE('',#5885,#5886);
#5885 = CARTESIAN_POINT('',(1.6E+03,49.,3.));
#5886 = VECTOR('',#5887,1.);
#5887 = DIRECTION('',(0.,1.,-2.22044604925E-16));
#5888 = ORIENTED_EDGE('',*,*,#5889,.T.);
#5889 = EDGE_CURVE('',#5880,#5890,#5892,.T.);
#5890 = VERTEX_POINT('',#5891);
#5891 = CARTESIAN_POINT('',(1.6E+03,49.,-3.));
#5892 = LINE('',#5893,#5894);
#5893 = CARTESIAN_POINT('',(1.6E+03,49.,3.));
#5894 = VECTOR('',#5895,1.);
#5895 = DIRECTION('',(0.,-2.22044604925E-16,-1.));
#5896 = ORIENTED_EDGE('',*,*,#5897,.T.);
#5897 = EDGE_CURVE('',#5890,#5898,#5900,.T.);
#5898 = VERTEX_POINT('',#5899);
#5899 = CARTESIAN_POINT('',(1.6E+03,55.,-3.));
#5900 = LINE('',#5901,#5902);
#5901 = CARTESIAN_POINT('',(1.6E+03,49.,-3.));
#5902 = VECTOR('',#5903,1.);
#5903 = DIRECTION('',(0.,1.,-2.22044604925E-16));
#5904 = ORIENTED_EDGE('',*,*,#5905,.F.);
#5905 = EDGE_CURVE('',#5882,#5898,#5906,.T.);
#5906 = LINE('',#5907,#5908);
#5907 = CARTESIAN_POINT('',(1.6E+03,55.,3.));
#5908 = VECTOR('',#5909,1.);
#5909 = DIRECTION('',(0.,-2.22044604925E-16,-1.));
#5910 = PLANE('',#5911);
#5911 = AXIS2_PLACEMENT_3D('',#5912,#5913,#5914);
#5912 = CARTESIAN_POINT('',(1.6E+03,49.,3.));
#5913 = DIRECTION('',(1.,0.,0.));
#5914 = DIRECTION('',(0.,1.,-2.22044604925E-16));
#5915 = ADVANCED_FACE('',(#5916),#5932,.F.);
#5916 = FACE_BOUND('',#5917,.F.);
#5917 = EDGE_LOOP('',(#5918,#5924,#5925,#5931));
#5918 = ORIENTED_EDGE('',*,*,#5919,.F.);
#5919 = EDGE_CURVE('',#5840,#5880,#5920,.T.);
#5920 = LINE('',#5921,#5922);
#5921 = CARTESIAN_POINT('',(1.35E+03,49.,3.));
#5922 = VECTOR('',#5923,1.);
#5923 = DIRECTION('',(1.,0.,0.));
#5924 = ORIENTED_EDGE('',*,*,#5839,.T.);
#5925 = ORIENTED_EDGE('',*,*,#5926,.T.);
#5926 = EDGE_CURVE('',#5842,#5882,#5927,.T.);
#5927 = LINE('',#5928,#5929);
#5928 = CARTESIAN_POINT('',(1.35E+03,55.,3.));
#5929 = VECTOR('',#5930,1.);
#5930 = DIRECTION('',(1.,0.,0.));
#5931 = ORIENTED_EDGE('',*,*,#5879,.F.);
#5932 = PLANE('',#5933);
#5933 = AXIS2_PLACEMENT_3D('',#5934,#5935,#5936);
#5934 = CARTESIAN_POINT('',(1.35E+03,49.,3.));
#5935 = DIRECTION('',(0.,-2.22044604925E-16,-1.));
#5936 = DIRECTION('',(0.,1.,-2.22044604925E-16));
#5937 = ADVANCED_FACE('',(#5938),#5954,.T.);
#5938 = FACE_BOUND('',#5939,.T.);
#5939 = EDGE_LOOP('',(#5940,#5946,#5947,#5953));
#5940 = ORIENTED_EDGE('',*,*,#5941,.F.);
#5941 = EDGE_CURVE('',#5850,#5890,#5942,.T.);
#5942 = LINE('',#5943,#5944);
#5943 = CARTESIAN_POINT('',(1.35E+03,49.,-3.));
#5944 = VECTOR('',#5945,1.);
#5945 = DIRECTION('',(1.,0.,0.));
#5946 = ORIENTED_EDGE('',*,*,#5857,.T.);
#5947 = ORIENTED_EDGE('',*,*,#5948,.T.);
#5948 = EDGE_CURVE('',#5858,#5898,#5949,.T.);
#5949 = LINE('',#5950,#5951);
#5950 = CARTESIAN_POINT('',(1.35E+03,55.,-3.));
#5951 = VECTOR('',#5952,1.);
#5952 = DIRECTION('',(1.,0.,0.));
#5953 = ORIENTED_EDGE('',*,*,#5897,.F.);
#5954 = PLANE('',#5955);
#5955 = AXIS2_PLACEMENT_3D('',#5956,#5957,#5958);
#5956 = CARTESIAN_POINT('',(1.35E+03,49.,-3.));
#5957 = DIRECTION('',(0.,-2.22044604925E-16,-1.));
#5958 = DIRECTION('',(0.,1.,-2.22044604925E-16));
#5959 = ADVANCED_FACE('',(#5960),#5966,.F.);
#5960 = FACE_BOUND('',#5961,.F.);
#5961 = EDGE_LOOP('',(#5962,#5963,#5964,#5965));
#5962 = ORIENTED_EDGE('',*,*,#5849,.F.);
#5963 = ORIENTED_EDGE('',*,*,#5919,.T.);
#5964 = ORIENTED_EDGE('',*,*,#5889,.T.);
#5965 = ORIENTED_EDGE('',*,*,#5941,.F.);
#5966 = PLANE('',#5967);
#5967 = AXIS2_PLACEMENT_3D('',#5968,#5969,#5970);
#5968 = CARTESIAN_POINT('',(1.35E+03,49.,3.));
#5969 = DIRECTION('',(0.,1.,-2.22044604925E-16));
#5970 = DIRECTION('',(1.,0.,0.));
#5971 = ADVANCED_FACE('',(#5972),#5978,.T.);
#5972 = FACE_BOUND('',#5973,.T.);
#5973 = EDGE_LOOP('',(#5974,#5975,#5976,#5977));
#5974 = ORIENTED_EDGE('',*,*,#5865,.F.);
#5975 = ORIENTED_EDGE('',*,*,#5926,.T.);
#5976 = ORIENTED_EDGE('',*,*,#5905,.T.);
#5977 = ORIENTED_EDGE('',*,*,#5948,.F.);
#5978 = PLANE('',#5979);
#5979 = AXIS2_PLACEMENT_3D('',#5980,#5981,#5982);
#5980 = CARTESIAN_POINT('',(1.35E+03,55.,3.));
#5981 = DIRECTION('',(0.,1.,-2.22044604925E-16));
#5982 = DIRECTION('',(1.,0.,0.));
#5983 = MANIFOLD_SOLID_BREP('',#5984);
#5984 = CLOSED_SHELL('',(#5985,#6018,#6027));
#5985 = ADVANCED_FACE('',(#5986),#6013,.T.);
#5986 = FACE_BOUND('',#5987,.T.);
#5987 = EDGE_LOOP('',(#5988,#5997,#6005,#6012));
#5988 = ORIENTED_EDGE('',*,*,#5989,.F.);
#5989 = EDGE_CURVE('',#5990,#5990,#5992,.T.);
#5990 = VERTEX_POINT('',#5991);
#5991 = CARTESIAN_POINT('',(650.8,1.347111479062E-14,55.));
#5992 = CIRCLE('',#5993,55.);
#5993 = AXIS2_PLACEMENT_3D('',#5994,#5995,#5996);
#5994 = CARTESIAN_POINT('',(650.8,0.,0.));
#5995 = DIRECTION('',(1.,0.,-0.));
#5996 = DIRECTION('',(0.,0.,1.));
#5997 = ORIENTED_EDGE('',*,*,#5998,.F.);
#5998 = EDGE_CURVE('',#5999,#5990,#6001,.T.);
#5999 = VERTEX_POINT('',#6000);
#6000 = CARTESIAN_POINT('',(649.2,1.347111479062E-14,55.));
#6001 = LINE('',#6002,#6003);
#6002 = CARTESIAN_POINT('',(649.2,1.347111479062E-14,55.));
#6003 = VECTOR('',#6004,1.);
#6004 = DIRECTION('',(1.,0.,0.));
#6005 = ORIENTED_EDGE('',*,*,#6006,.T.);
#6006 = EDGE_CURVE('',#5999,#5999,#6007,.T.);
#6007 = CIRCLE('',#6008,55.);
#6008 = AXIS2_PLACEMENT_3D('',#6009,#6010,#6011);
#6009 = CARTESIAN_POINT('',(649.2,0.,0.));
#6010 = DIRECTION('',(1.,0.,-0.));
#6011 = DIRECTION('',(0.,0.,1.));
#6012 = ORIENTED_EDGE('',*,*,#5998,.T.);
#6013 = CYLINDRICAL_SURFACE('',#6014,55.);
#6014 = AXIS2_PLACEMENT_3D('',#6015,#6016,#6017);
#6015 = CARTESIAN_POINT('',(649.2,0.,0.));
#6016 = DIRECTION('',(1.,0.,0.));
#6017 = DIRECTION('',(0.,0.,1.));
#6018 = ADVANCED_FACE('',(#6019),#6022,.T.);
#6019 = FACE_BOUND('',#6020,.T.);
#6020 = EDGE_LOOP('',(#6021));
#6021 = ORIENTED_EDGE('',*,*,#5989,.T.);
#6022 = PLANE('',#6023);
#6023 = AXIS2_PLACEMENT_3D('',#6024,#6025,#6026);
#6024 = CARTESIAN_POINT('',(650.8,0.,0.));
#6025 = DIRECTION('',(1.,0.,0.));
#6026 = DIRECTION('',(0.,0.,1.));
#6027 = ADVANCED_FACE('',(#6028),#6031,.F.);
#6028 = FACE_BOUND('',#6029,.T.);
#6029 = EDGE_LOOP('',(#6030));
#6030 = ORIENTED_EDGE('',*,*,#6006,.F.);
#6031 = PLANE('',#6032);
#6032 = AXIS2_PLACEMENT_3D('',#6033,#6034,#6035);
#6033 = CARTESIAN_POINT('',(649.2,0.,0.));
#6034 = DIRECTION('',(1.,0.,0.));
#6035 = DIRECTION('',(0.,0.,1.));
#6036 = MANIFOLD_SOLID_BREP('',#6037);
#6037 = CLOSED_SHELL('',(#6038,#6071,#6080));
#6038 = ADVANCED_FACE('',(#6039),#6066,.T.);
#6039 = FACE_BOUND('',#6040,.T.);
#6040 = EDGE_LOOP('',(#6041,#6050,#6058,#6065));
#6041 = ORIENTED_EDGE('',*,*,#6042,.F.);
#6042 = EDGE_CURVE('',#6043,#6043,#6045,.T.);
#6043 = VERTEX_POINT('',#6044);
#6044 = CARTESIAN_POINT('',(695.8,1.347111479062E-14,55.));
#6045 = CIRCLE('',#6046,55.);
#6046 = AXIS2_PLACEMENT_3D('',#6047,#6048,#6049);
#6047 = CARTESIAN_POINT('',(695.8,0.,0.));
#6048 = DIRECTION('',(1.,0.,-0.));
#6049 = DIRECTION('',(0.,0.,1.));
#6050 = ORIENTED_EDGE('',*,*,#6051,.F.);
#6051 = EDGE_CURVE('',#6052,#6043,#6054,.T.);
#6052 = VERTEX_POINT('',#6053);
#6053 = CARTESIAN_POINT('',(694.2,1.347111479062E-14,55.));
#6054 = LINE('',#6055,#6056);
#6055 = CARTESIAN_POINT('',(694.2,1.347111479062E-14,55.));
#6056 = VECTOR('',#6057,1.);
#6057 = DIRECTION('',(1.,0.,0.));
#6058 = ORIENTED_EDGE('',*,*,#6059,.T.);
#6059 = EDGE_CURVE('',#6052,#6052,#6060,.T.);
#6060 = CIRCLE('',#6061,55.);
#6061 = AXIS2_PLACEMENT_3D('',#6062,#6063,#6064);
#6062 = CARTESIAN_POINT('',(694.2,0.,0.));
#6063 = DIRECTION('',(1.,0.,-0.));
#6064 = DIRECTION('',(0.,0.,1.));
#6065 = ORIENTED_EDGE('',*,*,#6051,.T.);
#6066 = CYLINDRICAL_SURFACE('',#6067,55.);
#6067 = AXIS2_PLACEMENT_3D('',#6068,#6069,#6070);
#6068 = CARTESIAN_POINT('',(694.2,0.,0.));
#6069 = DIRECTION('',(1.,0.,0.));
#6070 = DIRECTION('',(0.,0.,1.));
#6071 = ADVANCED_FACE('',(#6072),#6075,.T.);
#6072 = FACE_BOUND('',#6073,.T.);
#6073 = EDGE_LOOP('',(#6074));
#6074 = ORIENTED_EDGE('',*,*,#6042,.T.);
#6075 = PLANE('',#6076);
#6076 = AXIS2_PLACEMENT_3D('',#6077,#6078,#6079);
#6077 = CARTESIAN_POINT('',(695.8,0.,0.));
#6078 = DIRECTION('',(1.,0.,0.));
#6079 = DIRECTION('',(0.,0.,1.));
#6080 = ADVANCED_FACE('',(#6081),#6084,.F.);
#6081 = FACE_BOUND('',#6082,.T.);
#6082 = EDGE_LOOP('',(#6083));
#6083 = ORIENTED_EDGE('',*,*,#6059,.F.);
#6084 = PLANE('',#6085);
#6085 = AXIS2_PLACEMENT_3D('',#6086,#6087,#6088);
#6086 = CARTESIAN_POINT('',(694.2,0.,0.));
#6087 = DIRECTION('',(1.,0.,0.));
#6088 = DIRECTION('',(0.,0.,1.));
#6089 = MANIFOLD_SOLID_BREP('',#6090);
#6090 = CLOSED_SHELL('',(#6091,#6124,#6133));
#6091 = ADVANCED_FACE('',(#6092),#6119,.T.);
#6092 = FACE_BOUND('',#6093,.T.);
#6093 = EDGE_LOOP('',(#6094,#6103,#6111,#6118));
#6094 = ORIENTED_EDGE('',*,*,#6095,.F.);
#6095 = EDGE_CURVE('',#6096,#6096,#6098,.T.);
#6096 = VERTEX_POINT('',#6097);
#6097 = CARTESIAN_POINT('',(940.8,1.347111479062E-14,55.));
#6098 = CIRCLE('',#6099,55.);
#6099 = AXIS2_PLACEMENT_3D('',#6100,#6101,#6102);
#6100 = CARTESIAN_POINT('',(940.8,0.,0.));
#6101 = DIRECTION('',(1.,0.,-0.));
#6102 = DIRECTION('',(0.,0.,1.));
#6103 = ORIENTED_EDGE('',*,*,#6104,.F.);
#6104 = EDGE_CURVE('',#6105,#6096,#6107,.T.);
#6105 = VERTEX_POINT('',#6106);
#6106 = CARTESIAN_POINT('',(939.2,1.347111479062E-14,55.));
#6107 = LINE('',#6108,#6109);
#6108 = CARTESIAN_POINT('',(939.2,1.347111479062E-14,55.));
#6109 = VECTOR('',#6110,1.);
#6110 = DIRECTION('',(1.,0.,0.));
#6111 = ORIENTED_EDGE('',*,*,#6112,.T.);
#6112 = EDGE_CURVE('',#6105,#6105,#6113,.T.);
#6113 = CIRCLE('',#6114,55.);
#6114 = AXIS2_PLACEMENT_3D('',#6115,#6116,#6117);
#6115 = CARTESIAN_POINT('',(939.2,0.,0.));
#6116 = DIRECTION('',(1.,0.,-0.));
#6117 = DIRECTION('',(0.,0.,1.));
#6118 = ORIENTED_EDGE('',*,*,#6104,.T.);
#6119 = CYLINDRICAL_SURFACE('',#6120,55.);
#6120 = AXIS2_PLACEMENT_3D('',#6121,#6122,#6123);
#6121 = CARTESIAN_POINT('',(939.2,0.,0.));
#6122 = DIRECTION('',(1.,0.,0.));
#6123 = DIRECTION('',(0.,0.,1.));
#6124 = ADVANCED_FACE('',(#6125),#6128,.T.);
#6125 = FACE_BOUND('',#6126,.T.);
#6126 = EDGE_LOOP('',(#6127));
#6127 = ORIENTED_EDGE('',*,*,#6095,.T.);
#6128 = PLANE('',#6129);
#6129 = AXIS2_PLACEMENT_3D('',#6130,#6131,#6132);
#6130 = CARTESIAN_POINT('',(940.8,0.,0.));
#6131 = DIRECTION('',(1.,0.,0.));
#6132 = DIRECTION('',(0.,0.,1.));
#6133 = ADVANCED_FACE('',(#6134),#6137,.F.);
#6134 = FACE_BOUND('',#6135,.T.);
#6135 = EDGE_LOOP('',(#6136));
#6136 = ORIENTED_EDGE('',*,*,#6112,.F.);
#6137 = PLANE('',#6138);
#6138 = AXIS2_PLACEMENT_3D('',#6139,#6140,#6141);
#6139 = CARTESIAN_POINT('',(939.2,0.,0.));
#6140 = DIRECTION('',(1.,0.,0.));
#6141 = DIRECTION('',(0.,0.,1.));
#6142 = MANIFOLD_SOLID_BREP('',#6143);
#6143 = CLOSED_SHELL('',(#6144,#6177,#6186));
#6144 = ADVANCED_FACE('',(#6145),#6172,.T.);
#6145 = FACE_BOUND('',#6146,.T.);
#6146 = EDGE_LOOP('',(#6147,#6156,#6164,#6171));
#6147 = ORIENTED_EDGE('',*,*,#6148,.F.);
#6148 = EDGE_CURVE('',#6149,#6149,#6151,.T.);
#6149 = VERTEX_POINT('',#6150);
#6150 = CARTESIAN_POINT('',(985.8,1.347111479062E-14,55.));
#6151 = CIRCLE('',#6152,55.);
#6152 = AXIS2_PLACEMENT_3D('',#6153,#6154,#6155);
#6153 = CARTESIAN_POINT('',(985.8,0.,0.));
#6154 = DIRECTION('',(1.,0.,-0.));
#6155 = DIRECTION('',(0.,0.,1.));
#6156 = ORIENTED_EDGE('',*,*,#6157,.F.);
#6157 = EDGE_CURVE('',#6158,#6149,#6160,.T.);
#6158 = VERTEX_POINT('',#6159);
#6159 = CARTESIAN_POINT('',(984.2,1.347111479062E-14,55.));
#6160 = LINE('',#6161,#6162);
#6161 = CARTESIAN_POINT('',(984.2,1.347111479062E-14,55.));
#6162 = VECTOR('',#6163,1.);
#6163 = DIRECTION('',(1.,0.,0.));
#6164 = ORIENTED_EDGE('',*,*,#6165,.T.);
#6165 = EDGE_CURVE('',#6158,#6158,#6166,.T.);
#6166 = CIRCLE('',#6167,55.);
#6167 = AXIS2_PLACEMENT_3D('',#6168,#6169,#6170);
#6168 = CARTESIAN_POINT('',(984.2,0.,0.));
#6169 = DIRECTION('',(1.,0.,-0.));
#6170 = DIRECTION('',(0.,0.,1.));
#6171 = ORIENTED_EDGE('',*,*,#6157,.T.);
#6172 = CYLINDRICAL_SURFACE('',#6173,55.);
#6173 = AXIS2_PLACEMENT_3D('',#6174,#6175,#6176);
#6174 = CARTESIAN_POINT('',(984.2,0.,0.));
#6175 = DIRECTION('',(1.,0.,0.));
#6176 = DIRECTION('',(0.,0.,1.));
#6177 = ADVANCED_FACE('',(#6178),#6181,.T.);
#6178 = FACE_BOUND('',#6179,.T.);
#6179 = EDGE_LOOP('',(#6180));
#6180 = ORIENTED_EDGE('',*,*,#6148,.T.);
#6181 = PLANE('',#6182);
#6182 = AXIS2_PLACEMENT_3D('',#6183,#6184,#6185);
#6183 = CARTESIAN_POINT('',(985.8,0.,0.));
#6184 = DIRECTION('',(1.,0.,0.));
#6185 = DIRECTION('',(0.,0.,1.));
#6186 = ADVANCED_FACE('',(#6187),#6190,.F.);
#6187 = FACE_BOUND('',#6188,.T.);
#6188 = EDGE_LOOP('',(#6189));
#6189 = ORIENTED_EDGE('',*,*,#6165,.F.);
#6190 = PLANE('',#6191);
#6191 = AXIS2_PLACEMENT_3D('',#6192,#6193,#6194);
#6192 = CARTESIAN_POINT('',(984.2,0.,0.));
#6193 = DIRECTION('',(1.,0.,0.));
#6194 = DIRECTION('',(0.,0.,1.));
#6195 = MANIFOLD_SOLID_BREP('',#6196);
#6196 = CLOSED_SHELL('',(#6197,#6230,#6239));
#6197 = ADVANCED_FACE('',(#6198),#6225,.T.);
#6198 = FACE_BOUND('',#6199,.T.);
#6199 = EDGE_LOOP('',(#6200,#6209,#6217,#6224));
#6200 = ORIENTED_EDGE('',*,*,#6201,.F.);
#6201 = EDGE_CURVE('',#6202,#6202,#6204,.T.);
#6202 = VERTEX_POINT('',#6203);
#6203 = CARTESIAN_POINT('',(1.0308E+03,1.347111479062E-14,55.));
#6204 = CIRCLE('',#6205,55.);
#6205 = AXIS2_PLACEMENT_3D('',#6206,#6207,#6208);
#6206 = CARTESIAN_POINT('',(1.0308E+03,0.,0.));
#6207 = DIRECTION('',(1.,0.,-0.));
#6208 = DIRECTION('',(0.,0.,1.));
#6209 = ORIENTED_EDGE('',*,*,#6210,.F.);
#6210 = EDGE_CURVE('',#6211,#6202,#6213,.T.);
#6211 = VERTEX_POINT('',#6212);
#6212 = CARTESIAN_POINT('',(1.0292E+03,1.347111479062E-14,55.));
#6213 = LINE('',#6214,#6215);
#6214 = CARTESIAN_POINT('',(1.0292E+03,1.347111479062E-14,55.));
#6215 = VECTOR('',#6216,1.);
#6216 = DIRECTION('',(1.,0.,0.));
#6217 = ORIENTED_EDGE('',*,*,#6218,.T.);
#6218 = EDGE_CURVE('',#6211,#6211,#6219,.T.);
#6219 = CIRCLE('',#6220,55.);
#6220 = AXIS2_PLACEMENT_3D('',#6221,#6222,#6223);
#6221 = CARTESIAN_POINT('',(1.0292E+03,0.,0.));
#6222 = DIRECTION('',(1.,0.,-0.));
#6223 = DIRECTION('',(0.,0.,1.));
#6224 = ORIENTED_EDGE('',*,*,#6210,.T.);
#6225 = CYLINDRICAL_SURFACE('',#6226,55.);
#6226 = AXIS2_PLACEMENT_3D('',#6227,#6228,#6229);
#6227 = CARTESIAN_POINT('',(1.0292E+03,0.,0.));
#6228 = DIRECTION('',(1.,0.,0.));
#6229 = DIRECTION('',(0.,0.,1.));
#6230 = ADVANCED_FACE('',(#6231),#6234,.T.);
#6231 = FACE_BOUND('',#6232,.T.);
#6232 = EDGE_LOOP('',(#6233));
#6233 = ORIENTED_EDGE('',*,*,#6201,.T.);
#6234 = PLANE('',#6235);
#6235 = AXIS2_PLACEMENT_3D('',#6236,#6237,#6238);
#6236 = CARTESIAN_POINT('',(1.0308E+03,0.,0.));
#6237 = DIRECTION('',(1.,0.,0.));
#6238 = DIRECTION('',(0.,0.,1.));
#6239 = ADVANCED_FACE('',(#6240),#6243,.F.);
#6240 = FACE_BOUND('',#6241,.T.);
#6241 = EDGE_LOOP('',(#6242));
#6242 = ORIENTED_EDGE('',*,*,#6218,.F.);
#6243 = PLANE('',#6244);
#6244 = AXIS2_PLACEMENT_3D('',#6245,#6246,#6247);
#6245 = CARTESIAN_POINT('',(1.0292E+03,0.,0.));
#6246 = DIRECTION('',(1.,0.,0.));
#6247 = DIRECTION('',(0.,0.,1.));
#6248 = MANIFOLD_SOLID_BREP('',#6249);
#6249 = CLOSED_SHELL('',(#6250,#6283,#6292));
#6250 = ADVANCED_FACE('',(#6251),#6278,.T.);
#6251 = FACE_BOUND('',#6252,.T.);
#6252 = EDGE_LOOP('',(#6253,#6262,#6270,#6277));
#6253 = ORIENTED_EDGE('',*,*,#6254,.F.);
#6254 = EDGE_CURVE('',#6255,#6255,#6257,.T.);
#6255 = VERTEX_POINT('',#6256);
#6256 = CARTESIAN_POINT('',(1.0808E+03,1.347111479062E-14,55.));
#6257 = CIRCLE('',#6258,55.);
#6258 = AXIS2_PLACEMENT_3D('',#6259,#6260,#6261);
#6259 = CARTESIAN_POINT('',(1.0808E+03,0.,0.));
#6260 = DIRECTION('',(1.,0.,-0.));
#6261 = DIRECTION('',(0.,0.,1.));
#6262 = ORIENTED_EDGE('',*,*,#6263,.F.);
#6263 = EDGE_CURVE('',#6264,#6255,#6266,.T.);
#6264 = VERTEX_POINT('',#6265);
#6265 = CARTESIAN_POINT('',(1.0792E+03,1.347111479062E-14,55.));
#6266 = LINE('',#6267,#6268);
#6267 = CARTESIAN_POINT('',(1.0792E+03,1.347111479062E-14,55.));
#6268 = VECTOR('',#6269,1.);
#6269 = DIRECTION('',(1.,0.,0.));
#6270 = ORIENTED_EDGE('',*,*,#6271,.T.);
#6271 = EDGE_CURVE('',#6264,#6264,#6272,.T.);
#6272 = CIRCLE('',#6273,55.);
#6273 = AXIS2_PLACEMENT_3D('',#6274,#6275,#6276);
#6274 = CARTESIAN_POINT('',(1.0792E+03,0.,0.));
#6275 = DIRECTION('',(1.,0.,-0.));
#6276 = DIRECTION('',(0.,0.,1.));
#6277 = ORIENTED_EDGE('',*,*,#6263,.T.);
#6278 = CYLINDRICAL_SURFACE('',#6279,55.);
#6279 = AXIS2_PLACEMENT_3D('',#6280,#6281,#6282);
#6280 = CARTESIAN_POINT('',(1.0792E+03,0.,0.));
#6281 = DIRECTION('',(1.,0.,0.));
#6282 = DIRECTION('',(0.,0.,1.));
#6283 = ADVANCED_FACE('',(#6284),#6287,.T.);
#6284 = FACE_BOUND('',#6285,.T.);
#6285 = EDGE_LOOP('',(#6286));
#6286 = ORIENTED_EDGE('',*,*,#6254,.T.);
#6287 = PLANE('',#6288);
#6288 = AXIS2_PLACEMENT_3D('',#6289,#6290,#6291);
#6289 = CARTESIAN_POINT('',(1.0808E+03,0.,0.));
#6290 = DIRECTION('',(1.,0.,0.));
#6291 = DIRECTION('',(0.,0.,1.));
#6292 = ADVANCED_FACE('',(#6293),#6296,.F.);
#6293 = FACE_BOUND('',#6294,.T.);
#6294 = EDGE_LOOP('',(#6295));
#6295 = ORIENTED_EDGE('',*,*,#6271,.F.);
#6296 = PLANE('',#6297);
#6297 = AXIS2_PLACEMENT_3D('',#6298,#6299,#6300);
#6298 = CARTESIAN_POINT('',(1.0792E+03,0.,0.));
#6299 = DIRECTION('',(1.,0.,0.));
#6300 = DIRECTION('',(0.,0.,1.));
#6301 = MANIFOLD_SOLID_BREP('',#6302);
#6302 = CLOSED_SHELL('',(#6303,#6336,#6345));
#6303 = ADVANCED_FACE('',(#6304),#6331,.T.);
#6304 = FACE_BOUND('',#6305,.T.);
#6305 = EDGE_LOOP('',(#6306,#6315,#6323,#6330));
#6306 = ORIENTED_EDGE('',*,*,#6307,.F.);
#6307 = EDGE_CURVE('',#6308,#6308,#6310,.T.);
#6308 = VERTEX_POINT('',#6309);
#6309 = CARTESIAN_POINT('',(1.1308E+03,1.347111479062E-14,55.));
#6310 = CIRCLE('',#6311,55.);
#6311 = AXIS2_PLACEMENT_3D('',#6312,#6313,#6314);
#6312 = CARTESIAN_POINT('',(1.1308E+03,0.,0.));
#6313 = DIRECTION('',(1.,0.,-0.));
#6314 = DIRECTION('',(0.,0.,1.));
#6315 = ORIENTED_EDGE('',*,*,#6316,.F.);
#6316 = EDGE_CURVE('',#6317,#6308,#6319,.T.);
#6317 = VERTEX_POINT('',#6318);
#6318 = CARTESIAN_POINT('',(1.1292E+03,1.347111479062E-14,55.));
#6319 = LINE('',#6320,#6321);
#6320 = CARTESIAN_POINT('',(1.1292E+03,1.347111479062E-14,55.));
#6321 = VECTOR('',#6322,1.);
#6322 = DIRECTION('',(1.,0.,0.));
#6323 = ORIENTED_EDGE('',*,*,#6324,.T.);
#6324 = EDGE_CURVE('',#6317,#6317,#6325,.T.);
#6325 = CIRCLE('',#6326,55.);
#6326 = AXIS2_PLACEMENT_3D('',#6327,#6328,#6329);
#6327 = CARTESIAN_POINT('',(1.1292E+03,0.,0.));
#6328 = DIRECTION('',(1.,0.,-0.));
#6329 = DIRECTION('',(0.,0.,1.));
#6330 = ORIENTED_EDGE('',*,*,#6316,.T.);
#6331 = CYLINDRICAL_SURFACE('',#6332,55.);
#6332 = AXIS2_PLACEMENT_3D('',#6333,#6334,#6335);
#6333 = CARTESIAN_POINT('',(1.1292E+03,0.,0.));
#6334 = DIRECTION('',(1.,0.,0.));
#6335 = DIRECTION('',(0.,0.,1.));
#6336 = ADVANCED_FACE('',(#6337),#6340,.T.);
#6337 = FACE_BOUND('',#6338,.T.);
#6338 = EDGE_LOOP('',(#6339));
#6339 = ORIENTED_EDGE('',*,*,#6307,.T.);
#6340 = PLANE('',#6341);
#6341 = AXIS2_PLACEMENT_3D('',#6342,#6343,#6344);
#6342 = CARTESIAN_POINT('',(1.1308E+03,0.,0.));
#6343 = DIRECTION('',(1.,0.,0.));
#6344 = DIRECTION('',(0.,0.,1.));
#6345 = ADVANCED_FACE('',(#6346),#6349,.F.);
#6346 = FACE_BOUND('',#6347,.T.);
#6347 = EDGE_LOOP('',(#6348));
#6348 = ORIENTED_EDGE('',*,*,#6324,.F.);
#6349 = PLANE('',#6350);
#6350 = AXIS2_PLACEMENT_3D('',#6351,#6352,#6353);
#6351 = CARTESIAN_POINT('',(1.1292E+03,0.,0.));
#6352 = DIRECTION('',(1.,0.,0.));
#6353 = DIRECTION('',(0.,0.,1.));
#6354 = MANIFOLD_SOLID_BREP('',#6355);
#6355 = CLOSED_SHELL('',(#6356,#6389,#6398));
#6356 = ADVANCED_FACE('',(#6357),#6384,.T.);
#6357 = FACE_BOUND('',#6358,.T.);
#6358 = EDGE_LOOP('',(#6359,#6368,#6376,#6383));
#6359 = ORIENTED_EDGE('',*,*,#6360,.F.);
#6360 = EDGE_CURVE('',#6361,#6361,#6363,.T.);
#6361 = VERTEX_POINT('',#6362);
#6362 = CARTESIAN_POINT('',(910.,1.224646799147E-14,50.));
#6363 = CIRCLE('',#6364,50.);
#6364 = AXIS2_PLACEMENT_3D('',#6365,#6366,#6367);
#6365 = CARTESIAN_POINT('',(910.,0.,0.));
#6366 = DIRECTION('',(1.,0.,-0.));
#6367 = DIRECTION('',(0.,0.,1.));
#6368 = ORIENTED_EDGE('',*,*,#6369,.F.);
#6369 = EDGE_CURVE('',#6370,#6361,#6372,.T.);
#6370 = VERTEX_POINT('',#6371);
#6371 = CARTESIAN_POINT('',(730.,1.224646799147E-14,50.));
#6372 = LINE('',#6373,#6374);
#6373 = CARTESIAN_POINT('',(730.,1.224646799147E-14,50.));
#6374 = VECTOR('',#6375,1.);
#6375 = DIRECTION('',(1.,0.,0.));
#6376 = ORIENTED_EDGE('',*,*,#6377,.T.);
#6377 = EDGE_CURVE('',#6370,#6370,#6378,.T.);
#6378 = CIRCLE('',#6379,50.);
#6379 = AXIS2_PLACEMENT_3D('',#6380,#6381,#6382);
#6380 = CARTESIAN_POINT('',(730.,0.,0.));
#6381 = DIRECTION('',(1.,0.,-0.));
#6382 = DIRECTION('',(0.,0.,1.));
#6383 = ORIENTED_EDGE('',*,*,#6369,.T.);
#6384 = CYLINDRICAL_SURFACE('',#6385,50.);
#6385 = AXIS2_PLACEMENT_3D('',#6386,#6387,#6388);
#6386 = CARTESIAN_POINT('',(730.,0.,0.));
#6387 = DIRECTION('',(1.,0.,0.));
#6388 = DIRECTION('',(0.,0.,1.));
#6389 = ADVANCED_FACE('',(#6390),#6393,.T.);
#6390 = FACE_BOUND('',#6391,.T.);
#6391 = EDGE_LOOP('',(#6392));
#6392 = ORIENTED_EDGE('',*,*,#6360,.T.);
#6393 = PLANE('',#6394);
#6394 = AXIS2_PLACEMENT_3D('',#6395,#6396,#6397);
#6395 = CARTESIAN_POINT('',(910.,0.,0.));
#6396 = DIRECTION('',(1.,0.,0.));
#6397 = DIRECTION('',(0.,0.,1.));
#6398 = ADVANCED_FACE('',(#6399),#6402,.F.);
#6399 = FACE_BOUND('',#6400,.T.);
#6400 = EDGE_LOOP('',(#6401));
#6401 = ORIENTED_EDGE('',*,*,#6377,.F.);
#6402 = PLANE('',#6403);
#6403 = AXIS2_PLACEMENT_3D('',#6404,#6405,#6406);
#6404 = CARTESIAN_POINT('',(730.,0.,0.));
#6405 = DIRECTION('',(1.,0.,0.));
#6406 = DIRECTION('',(0.,0.,1.));
#6407 = MANIFOLD_SOLID_BREP('',#6408);
#6408 = CLOSED_SHELL('',(#6409,#6449,#6489,#6511,#6533,#6545));
#6409 = ADVANCED_FACE('',(#6410),#6444,.F.);
#6410 = FACE_BOUND('',#6411,.F.);
#6411 = EDGE_LOOP('',(#6412,#6422,#6430,#6438));
#6412 = ORIENTED_EDGE('',*,*,#6413,.F.);
#6413 = EDGE_CURVE('',#6414,#6416,#6418,.T.);
#6414 = VERTEX_POINT('',#6415);
#6415 = CARTESIAN_POINT('',(1.02455E+03,-38.5,-30.));
#6416 = VERTEX_POINT('',#6417);
#6417 = CARTESIAN_POINT('',(1.02455E+03,-38.5,30.));
#6418 = LINE('',#6419,#6420);
#6419 = CARTESIAN_POINT('',(1.02455E+03,-38.5,-30.));
#6420 = VECTOR('',#6421,1.);
#6421 = DIRECTION('',(0.,0.,1.));
#6422 = ORIENTED_EDGE('',*,*,#6423,.T.);
#6423 = EDGE_CURVE('',#6414,#6424,#6426,.T.);
#6424 = VERTEX_POINT('',#6425);
#6425 = CARTESIAN_POINT('',(1.02455E+03,38.5,-30.));
#6426 = LINE('',#6427,#6428);
#6427 = CARTESIAN_POINT('',(1.02455E+03,-38.5,-30.));
#6428 = VECTOR('',#6429,1.);
#6429 = DIRECTION('',(0.,1.,0.));
#6430 = ORIENTED_EDGE('',*,*,#6431,.T.);
#6431 = EDGE_CURVE('',#6424,#6432,#6434,.T.);
#6432 = VERTEX_POINT('',#6433);
#6433 = CARTESIAN_POINT('',(1.02455E+03,38.5,30.));
#6434 = LINE('',#6435,#6436);
#6435 = CARTESIAN_POINT('',(1.02455E+03,38.5,-30.));
#6436 = VECTOR('',#6437,1.);
#6437 = DIRECTION('',(0.,0.,1.));
#6438 = ORIENTED_EDGE('',*,*,#6439,.F.);
#6439 = EDGE_CURVE('',#6416,#6432,#6440,.T.);
#6440 = LINE('',#6441,#6442);
#6441 = CARTESIAN_POINT('',(1.02455E+03,-38.5,30.));
#6442 = VECTOR('',#6443,1.);
#6443 = DIRECTION('',(0.,1.,0.));
#6444 = PLANE('',#6445);
#6445 = AXIS2_PLACEMENT_3D('',#6446,#6447,#6448);
#6446 = CARTESIAN_POINT('',(1.02455E+03,-38.5,-30.));
#6447 = DIRECTION('',(1.,0.,0.));
#6448 = DIRECTION('',(0.,0.,1.));
#6449 = ADVANCED_FACE('',(#6450),#6484,.T.);
#6450 = FACE_BOUND('',#6451,.T.);
#6451 = EDGE_LOOP('',(#6452,#6462,#6470,#6478));
#6452 = ORIENTED_EDGE('',*,*,#6453,.F.);
#6453 = EDGE_CURVE('',#6454,#6456,#6458,.T.);
#6454 = VERTEX_POINT('',#6455);
#6455 = CARTESIAN_POINT('',(1.03545E+03,-38.5,-30.));
#6456 = VERTEX_POINT('',#6457);
#6457 = CARTESIAN_POINT('',(1.03545E+03,-38.5,30.));
#6458 = LINE('',#6459,#6460);
#6459 = CARTESIAN_POINT('',(1.03545E+03,-38.5,-30.));
#6460 = VECTOR('',#6461,1.);
#6461 = DIRECTION('',(0.,0.,1.));
#6462 = ORIENTED_EDGE('',*,*,#6463,.T.);
#6463 = EDGE_CURVE('',#6454,#6464,#6466,.T.);
#6464 = VERTEX_POINT('',#6465);
#6465 = CARTESIAN_POINT('',(1.03545E+03,38.5,-30.));
#6466 = LINE('',#6467,#6468);
#6467 = CARTESIAN_POINT('',(1.03545E+03,-38.5,-30.));
#6468 = VECTOR('',#6469,1.);
#6469 = DIRECTION('',(0.,1.,0.));
#6470 = ORIENTED_EDGE('',*,*,#6471,.T.);
#6471 = EDGE_CURVE('',#6464,#6472,#6474,.T.);
#6472 = VERTEX_POINT('',#6473);
#6473 = CARTESIAN_POINT('',(1.03545E+03,38.5,30.));
#6474 = LINE('',#6475,#6476);
#6475 = CARTESIAN_POINT('',(1.03545E+03,38.5,-30.));
#6476 = VECTOR('',#6477,1.);
#6477 = DIRECTION('',(0.,0.,1.));
#6478 = ORIENTED_EDGE('',*,*,#6479,.F.);
#6479 = EDGE_CURVE('',#6456,#6472,#6480,.T.);
#6480 = LINE('',#6481,#6482);
#6481 = CARTESIAN_POINT('',(1.03545E+03,-38.5,30.));
#6482 = VECTOR('',#6483,1.);
#6483 = DIRECTION('',(0.,1.,0.));
#6484 = PLANE('',#6485);
#6485 = AXIS2_PLACEMENT_3D('',#6486,#6487,#6488);
#6486 = CARTESIAN_POINT('',(1.03545E+03,-38.5,-30.));
#6487 = DIRECTION('',(1.,0.,0.));
#6488 = DIRECTION('',(0.,0.,1.));
#6489 = ADVANCED_FACE('',(#6490),#6506,.F.);
#6490 = FACE_BOUND('',#6491,.F.);
#6491 = EDGE_LOOP('',(#6492,#6498,#6499,#6505));
#6492 = ORIENTED_EDGE('',*,*,#6493,.F.);
#6493 = EDGE_CURVE('',#6414,#6454,#6494,.T.);
#6494 = LINE('',#6495,#6496);
#6495 = CARTESIAN_POINT('',(1.02455E+03,-38.5,-30.));
#6496 = VECTOR('',#6497,1.);
#6497 = DIRECTION('',(1.,0.,0.));
#6498 = ORIENTED_EDGE('',*,*,#6413,.T.);
#6499 = ORIENTED_EDGE('',*,*,#6500,.T.);
#6500 = EDGE_CURVE('',#6416,#6456,#6501,.T.);
#6501 = LINE('',#6502,#6503);
#6502 = CARTESIAN_POINT('',(1.02455E+03,-38.5,30.));
#6503 = VECTOR('',#6504,1.);
#6504 = DIRECTION('',(1.,0.,0.));
#6505 = ORIENTED_EDGE('',*,*,#6453,.F.);
#6506 = PLANE('',#6507);
#6507 = AXIS2_PLACEMENT_3D('',#6508,#6509,#6510);
#6508 = CARTESIAN_POINT('',(1.02455E+03,-38.5,-30.));
#6509 = DIRECTION('',(0.,1.,0.));
#6510 = DIRECTION('',(0.,0.,1.));
#6511 = ADVANCED_FACE('',(#6512),#6528,.T.);
#6512 = FACE_BOUND('',#6513,.T.);
#6513 = EDGE_LOOP('',(#6514,#6520,#6521,#6527));
#6514 = ORIENTED_EDGE('',*,*,#6515,.F.);
#6515 = EDGE_CURVE('',#6424,#6464,#6516,.T.);
#6516 = LINE('',#6517,#6518);
#6517 = CARTESIAN_POINT('',(1.02455E+03,38.5,-30.));
#6518 = VECTOR('',#6519,1.);
#6519 = DIRECTION('',(1.,0.,0.));
#6520 = ORIENTED_EDGE('',*,*,#6431,.T.);
#6521 = ORIENTED_EDGE('',*,*,#6522,.T.);
#6522 = EDGE_CURVE('',#6432,#6472,#6523,.T.);
#6523 = LINE('',#6524,#6525);
#6524 = CARTESIAN_POINT('',(1.02455E+03,38.5,30.));
#6525 = VECTOR('',#6526,1.);
#6526 = DIRECTION('',(1.,0.,0.));
#6527 = ORIENTED_EDGE('',*,*,#6471,.F.);
#6528 = PLANE('',#6529);
#6529 = AXIS2_PLACEMENT_3D('',#6530,#6531,#6532);
#6530 = CARTESIAN_POINT('',(1.02455E+03,38.5,-30.));
#6531 = DIRECTION('',(0.,1.,0.));
#6532 = DIRECTION('',(0.,0.,1.));
#6533 = ADVANCED_FACE('',(#6534),#6540,.F.);
#6534 = FACE_BOUND('',#6535,.F.);
#6535 = EDGE_LOOP('',(#6536,#6537,#6538,#6539));
#6536 = ORIENTED_EDGE('',*,*,#6423,.F.);
#6537 = ORIENTED_EDGE('',*,*,#6493,.T.);
#6538 = ORIENTED_EDGE('',*,*,#6463,.T.);
#6539 = ORIENTED_EDGE('',*,*,#6515,.F.);
#6540 = PLANE('',#6541);
#6541 = AXIS2_PLACEMENT_3D('',#6542,#6543,#6544);
#6542 = CARTESIAN_POINT('',(1.02455E+03,-38.5,-30.));
#6543 = DIRECTION('',(0.,0.,1.));
#6544 = DIRECTION('',(1.,0.,0.));
#6545 = ADVANCED_FACE('',(#6546),#6552,.T.);
#6546 = FACE_BOUND('',#6547,.T.);
#6547 = EDGE_LOOP('',(#6548,#6549,#6550,#6551));
#6548 = ORIENTED_EDGE('',*,*,#6439,.F.);
#6549 = ORIENTED_EDGE('',*,*,#6500,.T.);
#6550 = ORIENTED_EDGE('',*,*,#6479,.T.);
#6551 = ORIENTED_EDGE('',*,*,#6522,.F.);
#6552 = PLANE('',#6553);
#6553 = AXIS2_PLACEMENT_3D('',#6554,#6555,#6556);
#6554 = CARTESIAN_POINT('',(1.02455E+03,-38.5,30.));
#6555 = DIRECTION('',(0.,0.,1.));
#6556 = DIRECTION('',(1.,0.,0.));
#6557 = MANIFOLD_SOLID_BREP('',#6558);
#6558 = CLOSED_SHELL('',(#6559,#6599,#6639,#6661,#6683,#6695));
#6559 = ADVANCED_FACE('',(#6560),#6594,.F.);
#6560 = FACE_BOUND('',#6561,.F.);
#6561 = EDGE_LOOP('',(#6562,#6572,#6580,#6588));
#6562 = ORIENTED_EDGE('',*,*,#6563,.F.);
#6563 = EDGE_CURVE('',#6564,#6566,#6568,.T.);
#6564 = VERTEX_POINT('',#6565);
#6565 = CARTESIAN_POINT('',(1.18E+03,-39.5,-12.));
#6566 = VERTEX_POINT('',#6567);
#6567 = CARTESIAN_POINT('',(1.18E+03,-39.5,12.));
#6568 = LINE('',#6569,#6570);
#6569 = CARTESIAN_POINT('',(1.18E+03,-39.5,-12.));
#6570 = VECTOR('',#6571,1.);
#6571 = DIRECTION('',(0.,0.,1.));
#6572 = ORIENTED_EDGE('',*,*,#6573,.T.);
#6573 = EDGE_CURVE('',#6564,#6574,#6576,.T.);
#6574 = VERTEX_POINT('',#6575);
#6575 = CARTESIAN_POINT('',(1.18E+03,39.5,-12.));
#6576 = LINE('',#6577,#6578);
#6577 = CARTESIAN_POINT('',(1.18E+03,-39.5,-12.));
#6578 = VECTOR('',#6579,1.);
#6579 = DIRECTION('',(0.,1.,0.));
#6580 = ORIENTED_EDGE('',*,*,#6581,.T.);
#6581 = EDGE_CURVE('',#6574,#6582,#6584,.T.);
#6582 = VERTEX_POINT('',#6583);
#6583 = CARTESIAN_POINT('',(1.18E+03,39.5,12.));
#6584 = LINE('',#6585,#6586);
#6585 = CARTESIAN_POINT('',(1.18E+03,39.5,-12.));
#6586 = VECTOR('',#6587,1.);
#6587 = DIRECTION('',(0.,0.,1.));
#6588 = ORIENTED_EDGE('',*,*,#6589,.F.);
#6589 = EDGE_CURVE('',#6566,#6582,#6590,.T.);
#6590 = LINE('',#6591,#6592);
#6591 = CARTESIAN_POINT('',(1.18E+03,-39.5,12.));
#6592 = VECTOR('',#6593,1.);
#6593 = DIRECTION('',(0.,1.,0.));
#6594 = PLANE('',#6595);
#6595 = AXIS2_PLACEMENT_3D('',#6596,#6597,#6598);
#6596 = CARTESIAN_POINT('',(1.18E+03,-39.5,-12.));
#6597 = DIRECTION('',(1.,0.,0.));
#6598 = DIRECTION('',(0.,0.,1.));
#6599 = ADVANCED_FACE('',(#6600),#6634,.T.);
#6600 = FACE_BOUND('',#6601,.T.);
#6601 = EDGE_LOOP('',(#6602,#6612,#6620,#6628));
#6602 = ORIENTED_EDGE('',*,*,#6603,.F.);
#6603 = EDGE_CURVE('',#6604,#6606,#6608,.T.);
#6604 = VERTEX_POINT('',#6605);
#6605 = CARTESIAN_POINT('',(1.297E+03,-39.5,-12.));
#6606 = VERTEX_POINT('',#6607);
#6607 = CARTESIAN_POINT('',(1.297E+03,-39.5,12.));
#6608 = LINE('',#6609,#6610);
#6609 = CARTESIAN_POINT('',(1.297E+03,-39.5,-12.));
#6610 = VECTOR('',#6611,1.);
#6611 = DIRECTION('',(0.,0.,1.));
#6612 = ORIENTED_EDGE('',*,*,#6613,.T.);
#6613 = EDGE_CURVE('',#6604,#6614,#6616,.T.);
#6614 = VERTEX_POINT('',#6615);
#6615 = CARTESIAN_POINT('',(1.297E+03,39.5,-12.));
#6616 = LINE('',#6617,#6618);
#6617 = CARTESIAN_POINT('',(1.297E+03,-39.5,-12.));
#6618 = VECTOR('',#6619,1.);
#6619 = DIRECTION('',(0.,1.,0.));
#6620 = ORIENTED_EDGE('',*,*,#6621,.T.);
#6621 = EDGE_CURVE('',#6614,#6622,#6624,.T.);
#6622 = VERTEX_POINT('',#6623);
#6623 = CARTESIAN_POINT('',(1.297E+03,39.5,12.));
#6624 = LINE('',#6625,#6626);
#6625 = CARTESIAN_POINT('',(1.297E+03,39.5,-12.));
#6626 = VECTOR('',#6627,1.);
#6627 = DIRECTION('',(0.,0.,1.));
#6628 = ORIENTED_EDGE('',*,*,#6629,.F.);
#6629 = EDGE_CURVE('',#6606,#6622,#6630,.T.);
#6630 = LINE('',#6631,#6632);
#6631 = CARTESIAN_POINT('',(1.297E+03,-39.5,12.));
#6632 = VECTOR('',#6633,1.);
#6633 = DIRECTION('',(0.,1.,0.));
#6634 = PLANE('',#6635);
#6635 = AXIS2_PLACEMENT_3D('',#6636,#6637,#6638);
#6636 = CARTESIAN_POINT('',(1.297E+03,-39.5,-12.));
#6637 = DIRECTION('',(1.,0.,0.));
#6638 = DIRECTION('',(0.,0.,1.));
#6639 = ADVANCED_FACE('',(#6640),#6656,.F.);
#6640 = FACE_BOUND('',#6641,.F.);
#6641 = EDGE_LOOP('',(#6642,#6648,#6649,#6655));
#6642 = ORIENTED_EDGE('',*,*,#6643,.F.);
#6643 = EDGE_CURVE('',#6564,#6604,#6644,.T.);
#6644 = LINE('',#6645,#6646);
#6645 = CARTESIAN_POINT('',(1.18E+03,-39.5,-12.));
#6646 = VECTOR('',#6647,1.);
#6647 = DIRECTION('',(1.,0.,0.));
#6648 = ORIENTED_EDGE('',*,*,#6563,.T.);
#6649 = ORIENTED_EDGE('',*,*,#6650,.T.);
#6650 = EDGE_CURVE('',#6566,#6606,#6651,.T.);
#6651 = LINE('',#6652,#6653);
#6652 = CARTESIAN_POINT('',(1.18E+03,-39.5,12.));
#6653 = VECTOR('',#6654,1.);
#6654 = DIRECTION('',(1.,0.,0.));
#6655 = ORIENTED_EDGE('',*,*,#6603,.F.);
#6656 = PLANE('',#6657);
#6657 = AXIS2_PLACEMENT_3D('',#6658,#6659,#6660);
#6658 = CARTESIAN_POINT('',(1.18E+03,-39.5,-12.));
#6659 = DIRECTION('',(0.,1.,0.));
#6660 = DIRECTION('',(0.,0.,1.));
#6661 = ADVANCED_FACE('',(#6662),#6678,.T.);
#6662 = FACE_BOUND('',#6663,.T.);
#6663 = EDGE_LOOP('',(#6664,#6670,#6671,#6677));
#6664 = ORIENTED_EDGE('',*,*,#6665,.F.);
#6665 = EDGE_CURVE('',#6574,#6614,#6666,.T.);
#6666 = LINE('',#6667,#6668);
#6667 = CARTESIAN_POINT('',(1.18E+03,39.5,-12.));
#6668 = VECTOR('',#6669,1.);
#6669 = DIRECTION('',(1.,0.,0.));
#6670 = ORIENTED_EDGE('',*,*,#6581,.T.);
#6671 = ORIENTED_EDGE('',*,*,#6672,.T.);
#6672 = EDGE_CURVE('',#6582,#6622,#6673,.T.);
#6673 = LINE('',#6674,#6675);
#6674 = CARTESIAN_POINT('',(1.18E+03,39.5,12.));
#6675 = VECTOR('',#6676,1.);
#6676 = DIRECTION('',(1.,0.,0.));
#6677 = ORIENTED_EDGE('',*,*,#6621,.F.);
#6678 = PLANE('',#6679);
#6679 = AXIS2_PLACEMENT_3D('',#6680,#6681,#6682);
#6680 = CARTESIAN_POINT('',(1.18E+03,39.5,-12.));
#6681 = DIRECTION('',(0.,1.,0.));
#6682 = DIRECTION('',(0.,0.,1.));
#6683 = ADVANCED_FACE('',(#6684),#6690,.F.);
#6684 = FACE_BOUND('',#6685,.F.);
#6685 = EDGE_LOOP('',(#6686,#6687,#6688,#6689));
#6686 = ORIENTED_EDGE('',*,*,#6573,.F.);
#6687 = ORIENTED_EDGE('',*,*,#6643,.T.);
#6688 = ORIENTED_EDGE('',*,*,#6613,.T.);
#6689 = ORIENTED_EDGE('',*,*,#6665,.F.);
#6690 = PLANE('',#6691);
#6691 = AXIS2_PLACEMENT_3D('',#6692,#6693,#6694);
#6692 = CARTESIAN_POINT('',(1.18E+03,-39.5,-12.));
#6693 = DIRECTION('',(0.,0.,1.));
#6694 = DIRECTION('',(1.,0.,0.));
#6695 = ADVANCED_FACE('',(#6696),#6702,.T.);
#6696 = FACE_BOUND('',#6697,.T.);
#6697 = EDGE_LOOP('',(#6698,#6699,#6700,#6701));
#6698 = ORIENTED_EDGE('',*,*,#6589,.F.);
#6699 = ORIENTED_EDGE('',*,*,#6650,.T.);
#6700 = ORIENTED_EDGE('',*,*,#6629,.T.);
#6701 = ORIENTED_EDGE('',*,*,#6672,.F.);
#6702 = PLANE('',#6703);
#6703 = AXIS2_PLACEMENT_3D('',#6704,#6705,#6706);
#6704 = CARTESIAN_POINT('',(1.18E+03,-39.5,12.));
#6705 = DIRECTION('',(0.,0.,1.));
#6706 = DIRECTION('',(1.,0.,0.));
#6707 = MANIFOLD_SOLID_BREP('',#6708);
#6708 = CLOSED_SHELL('',(#6709,#6742,#6751));
#6709 = ADVANCED_FACE('',(#6710),#6737,.T.);
#6710 = FACE_BOUND('',#6711,.T.);
#6711 = EDGE_LOOP('',(#6712,#6721,#6729,#6736));
#6712 = ORIENTED_EDGE('',*,*,#6713,.F.);
#6713 = EDGE_CURVE('',#6714,#6714,#6716,.T.);
#6714 = VERTEX_POINT('',#6715);
#6715 = CARTESIAN_POINT('',(550.,1.273632671113E-14,52.));
#6716 = CIRCLE('',#6717,52.);
#6717 = AXIS2_PLACEMENT_3D('',#6718,#6719,#6720);
#6718 = CARTESIAN_POINT('',(550.,0.,0.));
#6719 = DIRECTION('',(1.,0.,-0.));
#6720 = DIRECTION('',(0.,0.,1.));
#6721 = ORIENTED_EDGE('',*,*,#6722,.F.);
#6722 = EDGE_CURVE('',#6723,#6714,#6725,.T.);
#6723 = VERTEX_POINT('',#6724);
#6724 = CARTESIAN_POINT('',(370.,1.273632671113E-14,52.));
#6725 = LINE('',#6726,#6727);
#6726 = CARTESIAN_POINT('',(370.,1.273632671113E-14,52.));
#6727 = VECTOR('',#6728,1.);
#6728 = DIRECTION('',(1.,0.,0.));
#6729 = ORIENTED_EDGE('',*,*,#6730,.T.);
#6730 = EDGE_CURVE('',#6723,#6723,#6731,.T.);
#6731 = CIRCLE('',#6732,52.);
#6732 = AXIS2_PLACEMENT_3D('',#6733,#6734,#6735);
#6733 = CARTESIAN_POINT('',(370.,0.,0.));
#6734 = DIRECTION('',(1.,0.,-0.));
#6735 = DIRECTION('',(0.,0.,1.));
#6736 = ORIENTED_EDGE('',*,*,#6722,.T.);
#6737 = CYLINDRICAL_SURFACE('',#6738,52.);
#6738 = AXIS2_PLACEMENT_3D('',#6739,#6740,#6741);
#6739 = CARTESIAN_POINT('',(370.,0.,0.));
#6740 = DIRECTION('',(1.,0.,0.));
#6741 = DIRECTION('',(0.,0.,1.));
#6742 = ADVANCED_FACE('',(#6743),#6746,.T.);
#6743 = FACE_BOUND('',#6744,.T.);
#6744 = EDGE_LOOP('',(#6745));
#6745 = ORIENTED_EDGE('',*,*,#6713,.T.);
#6746 = PLANE('',#6747);
#6747 = AXIS2_PLACEMENT_3D('',#6748,#6749,#6750);
#6748 = CARTESIAN_POINT('',(550.,0.,0.));
#6749 = DIRECTION('',(1.,0.,0.));
#6750 = DIRECTION('',(0.,0.,1.));
#6751 = ADVANCED_FACE('',(#6752),#6755,.F.);
#6752 = FACE_BOUND('',#6753,.T.);
#6753 = EDGE_LOOP('',(#6754));
#6754 = ORIENTED_EDGE('',*,*,#6730,.F.);
#6755 = PLANE('',#6756);
#6756 = AXIS2_PLACEMENT_3D('',#6757,#6758,#6759);
#6757 = CARTESIAN_POINT('',(370.,0.,0.));
#6758 = DIRECTION('',(1.,0.,0.));
#6759 = DIRECTION('',(0.,0.,1.));
#6760 = MANIFOLD_SOLID_BREP('',#6761);
#6761 = CLOSED_SHELL('',(#6762,#6795,#6815,#6835));
#6762 = ADVANCED_FACE('',(#6763),#6790,.T.);
#6763 = FACE_BOUND('',#6764,.T.);
#6764 = EDGE_LOOP('',(#6765,#6774,#6782,#6789));
#6765 = ORIENTED_EDGE('',*,*,#6766,.F.);
#6766 = EDGE_CURVE('',#6767,#6767,#6769,.T.);
#6767 = VERTEX_POINT('',#6768);
#6768 = CARTESIAN_POINT('',(2.15E+03,6.858022075225E-15,28.));
#6769 = CIRCLE('',#6770,28.);
#6770 = AXIS2_PLACEMENT_3D('',#6771,#6772,#6773);
#6771 = CARTESIAN_POINT('',(2.15E+03,0.,0.));
#6772 = DIRECTION('',(1.,0.,-0.));
#6773 = DIRECTION('',(0.,0.,1.));
#6774 = ORIENTED_EDGE('',*,*,#6775,.F.);
#6775 = EDGE_CURVE('',#6776,#6767,#6778,.T.);
#6776 = VERTEX_POINT('',#6777);
#6777 = CARTESIAN_POINT('',(1.65E+03,6.858022075225E-15,28.));
#6778 = LINE('',#6779,#6780);
#6779 = CARTESIAN_POINT('',(1.65E+03,6.858022075225E-15,28.));
#6780 = VECTOR('',#6781,1.);
#6781 = DIRECTION('',(1.,0.,0.));
#6782 = ORIENTED_EDGE('',*,*,#6783,.T.);
#6783 = EDGE_CURVE('',#6776,#6776,#6784,.T.);
#6784 = CIRCLE('',#6785,28.);
#6785 = AXIS2_PLACEMENT_3D('',#6786,#6787,#6788);
#6786 = CARTESIAN_POINT('',(1.65E+03,0.,0.));
#6787 = DIRECTION('',(1.,0.,-0.));
#6788 = DIRECTION('',(0.,0.,1.));
#6789 = ORIENTED_EDGE('',*,*,#6775,.T.);
#6790 = CYLINDRICAL_SURFACE('',#6791,28.);
#6791 = AXIS2_PLACEMENT_3D('',#6792,#6793,#6794);
#6792 = CARTESIAN_POINT('',(1.65E+03,0.,0.));
#6793 = DIRECTION('',(1.,0.,0.));
#6794 = DIRECTION('',(0.,0.,1.));
#6795 = ADVANCED_FACE('',(#6796,#6799),#6810,.T.);
#6796 = FACE_BOUND('',#6797,.T.);
#6797 = EDGE_LOOP('',(#6798));
#6798 = ORIENTED_EDGE('',*,*,#6766,.T.);
#6799 = FACE_BOUND('',#6800,.T.);
#6800 = EDGE_LOOP('',(#6801));
#6801 = ORIENTED_EDGE('',*,*,#6802,.F.);
#6802 = EDGE_CURVE('',#6803,#6803,#6805,.T.);
#6803 = VERTEX_POINT('',#6804);
#6804 = CARTESIAN_POINT('',(2.15E+03,6.613092715396E-15,27.));
#6805 = CIRCLE('',#6806,27.);
#6806 = AXIS2_PLACEMENT_3D('',#6807,#6808,#6809);
#6807 = CARTESIAN_POINT('',(2.15E+03,0.,0.));
#6808 = DIRECTION('',(1.,0.,-0.));
#6809 = DIRECTION('',(0.,0.,1.));
#6810 = PLANE('',#6811);
#6811 = AXIS2_PLACEMENT_3D('',#6812,#6813,#6814);
#6812 = CARTESIAN_POINT('',(2.15E+03,0.,0.));
#6813 = DIRECTION('',(1.,0.,0.));
#6814 = DIRECTION('',(0.,0.,1.));
#6815 = ADVANCED_FACE('',(#6816,#6819),#6830,.F.);
#6816 = FACE_BOUND('',#6817,.F.);
#6817 = EDGE_LOOP('',(#6818));
#6818 = ORIENTED_EDGE('',*,*,#6783,.T.);
#6819 = FACE_BOUND('',#6820,.F.);
#6820 = EDGE_LOOP('',(#6821));
#6821 = ORIENTED_EDGE('',*,*,#6822,.F.);
#6822 = EDGE_CURVE('',#6823,#6823,#6825,.T.);
#6823 = VERTEX_POINT('',#6824);
#6824 = CARTESIAN_POINT('',(1.65E+03,6.613092715396E-15,27.));
#6825 = CIRCLE('',#6826,27.);
#6826 = AXIS2_PLACEMENT_3D('',#6827,#6828,#6829);
#6827 = CARTESIAN_POINT('',(1.65E+03,0.,0.));
#6828 = DIRECTION('',(1.,0.,-0.));
#6829 = DIRECTION('',(0.,0.,1.));
#6830 = PLANE('',#6831);
#6831 = AXIS2_PLACEMENT_3D('',#6832,#6833,#6834);
#6832 = CARTESIAN_POINT('',(1.65E+03,0.,0.));
#6833 = DIRECTION('',(1.,0.,0.));
#6834 = DIRECTION('',(0.,0.,1.));
#6835 = ADVANCED_FACE('',(#6836),#6847,.F.);
#6836 = FACE_BOUND('',#6837,.F.);
#6837 = EDGE_LOOP('',(#6838,#6839,#6845,#6846));
#6838 = ORIENTED_EDGE('',*,*,#6802,.F.);
#6839 = ORIENTED_EDGE('',*,*,#6840,.F.);
#6840 = EDGE_CURVE('',#6823,#6803,#6841,.T.);
#6841 = LINE('',#6842,#6843);
#6842 = CARTESIAN_POINT('',(1.65E+03,6.613092715396E-15,27.));
#6843 = VECTOR('',#6844,1.);
#6844 = DIRECTION('',(1.,0.,0.));
#6845 = ORIENTED_EDGE('',*,*,#6822,.T.);
#6846 = ORIENTED_EDGE('',*,*,#6840,.T.);
#6847 = CYLINDRICAL_SURFACE('',#6848,27.);
#6848 = AXIS2_PLACEMENT_3D('',#6849,#6850,#6851);
#6849 = CARTESIAN_POINT('',(1.65E+03,0.,0.));
#6850 = DIRECTION('',(1.,0.,0.));
#6851 = DIRECTION('',(0.,0.,1.));
#6852 = MANIFOLD_SOLID_BREP('',#6853);
#6853 = CLOSED_SHELL('',(#6854,#6887,#6896));
#6854 = ADVANCED_FACE('',(#6855),#6882,.T.);
#6855 = FACE_BOUND('',#6856,.T.);
#6856 = EDGE_LOOP('',(#6857,#6866,#6874,#6881));
#6857 = ORIENTED_EDGE('',*,*,#6858,.F.);
#6858 = EDGE_CURVE('',#6859,#6859,#6861,.T.);
#6859 = VERTEX_POINT('',#6860);
#6860 = CARTESIAN_POINT('',(2.16E+03,6.613092715396E-15,27.));
#6861 = CIRCLE('',#6862,27.);
#6862 = AXIS2_PLACEMENT_3D('',#6863,#6864,#6865);
#6863 = CARTESIAN_POINT('',(2.16E+03,0.,0.));
#6864 = DIRECTION('',(1.,0.,-0.));
#6865 = DIRECTION('',(0.,0.,1.));
#6866 = ORIENTED_EDGE('',*,*,#6867,.F.);
#6867 = EDGE_CURVE('',#6868,#6859,#6870,.T.);
#6868 = VERTEX_POINT('',#6869);
#6869 = CARTESIAN_POINT('',(1.672E+03,6.613092715396E-15,27.));
#6870 = LINE('',#6871,#6872);
#6871 = CARTESIAN_POINT('',(1.672E+03,6.613092715396E-15,27.));
#6872 = VECTOR('',#6873,1.);
#6873 = DIRECTION('',(1.,0.,0.));
#6874 = ORIENTED_EDGE('',*,*,#6875,.T.);
#6875 = EDGE_CURVE('',#6868,#6868,#6876,.T.);
#6876 = CIRCLE('',#6877,27.);
#6877 = AXIS2_PLACEMENT_3D('',#6878,#6879,#6880);
#6878 = CARTESIAN_POINT('',(1.672E+03,0.,0.));
#6879 = DIRECTION('',(1.,0.,-0.));
#6880 = DIRECTION('',(0.,0.,1.));
#6881 = ORIENTED_EDGE('',*,*,#6867,.T.);
#6882 = CYLINDRICAL_SURFACE('',#6883,27.);
#6883 = AXIS2_PLACEMENT_3D('',#6884,#6885,#6886);
#6884 = CARTESIAN_POINT('',(1.672E+03,0.,0.));
#6885 = DIRECTION('',(1.,0.,0.));
#6886 = DIRECTION('',(0.,0.,1.));
#6887 = ADVANCED_FACE('',(#6888),#6891,.T.);
#6888 = FACE_BOUND('',#6889,.T.);
#6889 = EDGE_LOOP('',(#6890));
#6890 = ORIENTED_EDGE('',*,*,#6858,.T.);
#6891 = PLANE('',#6892);
#6892 = AXIS2_PLACEMENT_3D('',#6893,#6894,#6895);
#6893 = CARTESIAN_POINT('',(2.16E+03,0.,0.));
#6894 = DIRECTION('',(1.,0.,0.));
#6895 = DIRECTION('',(0.,0.,1.));
#6896 = ADVANCED_FACE('',(#6897),#6900,.F.);
#6897 = FACE_BOUND('',#6898,.T.);
#6898 = EDGE_LOOP('',(#6899));
#6899 = ORIENTED_EDGE('',*,*,#6875,.F.);
#6900 = PLANE('',#6901);
#6901 = AXIS2_PLACEMENT_3D('',#6902,#6903,#6904);
#6902 = CARTESIAN_POINT('',(1.672E+03,0.,0.));
#6903 = DIRECTION('',(1.,0.,0.));
#6904 = DIRECTION('',(0.,0.,1.));
#6905 = MANIFOLD_SOLID_BREP('',#6906);
#6906 = CLOSED_SHELL('',(#6907,#6947,#6978,#7009,#7031,#7043));
#6907 = ADVANCED_FACE('',(#6908),#6942,.T.);
#6908 = FACE_BOUND('',#6909,.T.);
#6909 = EDGE_LOOP('',(#6910,#6920,#6928,#6936));
#6910 = ORIENTED_EDGE('',*,*,#6911,.T.);
#6911 = EDGE_CURVE('',#6912,#6914,#6916,.T.);
#6912 = VERTEX_POINT('',#6913);
#6913 = CARTESIAN_POINT('',(1.83E+03,60.,-2.5));
#6914 = VERTEX_POINT('',#6915);
#6915 = CARTESIAN_POINT('',(1.83E+03,60.,2.5));
#6916 = LINE('',#6917,#6918);
#6917 = CARTESIAN_POINT('',(1.83E+03,60.,-2.5));
#6918 = VECTOR('',#6919,1.);
#6919 = DIRECTION('',(0.,0.,1.));
#6920 = ORIENTED_EDGE('',*,*,#6921,.T.);
#6921 = EDGE_CURVE('',#6914,#6922,#6924,.T.);
#6922 = VERTEX_POINT('',#6923);
#6923 = CARTESIAN_POINT('',(1.97E+03,200.,2.5));
#6924 = LINE('',#6925,#6926);
#6925 = CARTESIAN_POINT('',(1.83E+03,60.,2.5));
#6926 = VECTOR('',#6927,1.);
#6927 = DIRECTION('',(0.707106781187,0.707106781187,0.));
#6928 = ORIENTED_EDGE('',*,*,#6929,.F.);
#6929 = EDGE_CURVE('',#6930,#6922,#6932,.T.);
#6930 = VERTEX_POINT('',#6931);
#6931 = CARTESIAN_POINT('',(1.97E+03,200.,-2.5));
#6932 = LINE('',#6933,#6934);
#6933 = CARTESIAN_POINT('',(1.97E+03,200.,-2.5));
#6934 = VECTOR('',#6935,1.);
#6935 = DIRECTION('',(0.,0.,1.));
#6936 = ORIENTED_EDGE('',*,*,#6937,.F.);
#6937 = EDGE_CURVE('',#6912,#6930,#6938,.T.);
#6938 = LINE('',#6939,#6940);
#6939 = CARTESIAN_POINT('',(1.83E+03,60.,-2.5));
#6940 = VECTOR('',#6941,1.);
#6941 = DIRECTION('',(0.707106781187,0.707106781187,0.));
#6942 = PLANE('',#6943);
#6943 = AXIS2_PLACEMENT_3D('',#6944,#6945,#6946);
#6944 = CARTESIAN_POINT('',(1.83E+03,60.,-2.5));
#6945 = DIRECTION('',(-0.707106781187,0.707106781187,0.));
#6946 = DIRECTION('',(0.707106781187,0.707106781187,0.));
#6947 = ADVANCED_FACE('',(#6948),#6973,.T.);
#6948 = FACE_BOUND('',#6949,.T.);
#6949 = EDGE_LOOP('',(#6950,#6951,#6959,#6967));
#6950 = ORIENTED_EDGE('',*,*,#6929,.T.);
#6951 = ORIENTED_EDGE('',*,*,#6952,.T.);
#6952 = EDGE_CURVE('',#6922,#6953,#6955,.T.);
#6953 = VERTEX_POINT('',#6954);
#6954 = CARTESIAN_POINT('',(2.09E+03,200.,2.5));
#6955 = LINE('',#6956,#6957);
#6956 = CARTESIAN_POINT('',(1.97E+03,200.,2.5));
#6957 = VECTOR('',#6958,1.);
#6958 = DIRECTION('',(1.,0.,0.));
#6959 = ORIENTED_EDGE('',*,*,#6960,.F.);
#6960 = EDGE_CURVE('',#6961,#6953,#6963,.T.);
#6961 = VERTEX_POINT('',#6962);
#6962 = CARTESIAN_POINT('',(2.09E+03,200.,-2.5));
#6963 = LINE('',#6964,#6965);
#6964 = CARTESIAN_POINT('',(2.09E+03,200.,-2.5));
#6965 = VECTOR('',#6966,1.);
#6966 = DIRECTION('',(0.,0.,1.));
#6967 = ORIENTED_EDGE('',*,*,#6968,.F.);
#6968 = EDGE_CURVE('',#6930,#6961,#6969,.T.);
#6969 = LINE('',#6970,#6971);
#6970 = CARTESIAN_POINT('',(1.97E+03,200.,-2.5));
#6971 = VECTOR('',#6972,1.);
#6972 = DIRECTION('',(1.,0.,0.));
#6973 = PLANE('',#6974);
#6974 = AXIS2_PLACEMENT_3D('',#6975,#6976,#6977);
#6975 = CARTESIAN_POINT('',(1.97E+03,200.,-2.5));
#6976 = DIRECTION('',(0.,1.,0.));
#6977 = DIRECTION('',(1.,0.,0.));
#6978 = ADVANCED_FACE('',(#6979),#7004,.T.);
#6979 = FACE_BOUND('',#6980,.T.);
#6980 = EDGE_LOOP('',(#6981,#6982,#6990,#6998));
#6981 = ORIENTED_EDGE('',*,*,#6960,.T.);
#6982 = ORIENTED_EDGE('',*,*,#6983,.T.);
#6983 = EDGE_CURVE('',#6953,#6984,#6986,.T.);
#6984 = VERTEX_POINT('',#6985);
#6985 = CARTESIAN_POINT('',(2.13E+03,60.,2.5));
#6986 = LINE('',#6987,#6988);
#6987 = CARTESIAN_POINT('',(2.09E+03,200.,2.5));
#6988 = VECTOR('',#6989,1.);
#6989 = DIRECTION('',(0.274721127897,-0.961523947641,0.));
#6990 = ORIENTED_EDGE('',*,*,#6991,.F.);
#6991 = EDGE_CURVE('',#6992,#6984,#6994,.T.);
#6992 = VERTEX_POINT('',#6993);
#6993 = CARTESIAN_POINT('',(2.13E+03,60.,-2.5));
#6994 = LINE('',#6995,#6996);
#6995 = CARTESIAN_POINT('',(2.13E+03,60.,-2.5));
#6996 = VECTOR('',#6997,1.);
#6997 = DIRECTION('',(0.,0.,1.));
#6998 = ORIENTED_EDGE('',*,*,#6999,.F.);
#6999 = EDGE_CURVE('',#6961,#6992,#7000,.T.);
#7000 = LINE('',#7001,#7002);
#7001 = CARTESIAN_POINT('',(2.09E+03,200.,-2.5));
#7002 = VECTOR('',#7003,1.);
#7003 = DIRECTION('',(0.274721127897,-0.961523947641,0.));
#7004 = PLANE('',#7005);
#7005 = AXIS2_PLACEMENT_3D('',#7006,#7007,#7008);
#7006 = CARTESIAN_POINT('',(2.09E+03,200.,-2.5));
#7007 = DIRECTION('',(0.961523947641,0.274721127897,0.));
#7008 = DIRECTION('',(0.274721127897,-0.961523947641,0.));
#7009 = ADVANCED_FACE('',(#7010),#7026,.T.);
#7010 = FACE_BOUND('',#7011,.T.);
#7011 = EDGE_LOOP('',(#7012,#7013,#7019,#7020));
#7012 = ORIENTED_EDGE('',*,*,#6991,.T.);
#7013 = ORIENTED_EDGE('',*,*,#7014,.T.);
#7014 = EDGE_CURVE('',#6984,#6914,#7015,.T.);
#7015 = LINE('',#7016,#7017);
#7016 = CARTESIAN_POINT('',(2.13E+03,60.,2.5));
#7017 = VECTOR('',#7018,1.);
#7018 = DIRECTION('',(-1.,0.,0.));
#7019 = ORIENTED_EDGE('',*,*,#6911,.F.);
#7020 = ORIENTED_EDGE('',*,*,#7021,.F.);
#7021 = EDGE_CURVE('',#6992,#6912,#7022,.T.);
#7022 = LINE('',#7023,#7024);
#7023 = CARTESIAN_POINT('',(2.13E+03,60.,-2.5));
#7024 = VECTOR('',#7025,1.);
#7025 = DIRECTION('',(-1.,0.,0.));
#7026 = PLANE('',#7027);
#7027 = AXIS2_PLACEMENT_3D('',#7028,#7029,#7030);
#7028 = CARTESIAN_POINT('',(2.13E+03,60.,-2.5));
#7029 = DIRECTION('',(0.,-1.,0.));
#7030 = DIRECTION('',(-1.,0.,0.));
#7031 = ADVANCED_FACE('',(#7032),#7038,.T.);
#7032 = FACE_BOUND('',#7033,.T.);
#7033 = EDGE_LOOP('',(#7034,#7035,#7036,#7037));
#7034 = ORIENTED_EDGE('',*,*,#6937,.T.);
#7035 = ORIENTED_EDGE('',*,*,#6968,.T.);
#7036 = ORIENTED_EDGE('',*,*,#6999,.T.);
#7037 = ORIENTED_EDGE('',*,*,#7021,.T.);
#7038 = PLANE('',#7039);
#7039 = AXIS2_PLACEMENT_3D('',#7040,#7041,#7042);
#7040 = CARTESIAN_POINT('',(1.991903074763E+03,113.49904345859,-2.5));
#7041 = DIRECTION('',(-0.,-0.,-1.));
#7042 = DIRECTION('',(-1.,0.,0.));
#7043 = ADVANCED_FACE('',(#7044),#7050,.F.);
#7044 = FACE_BOUND('',#7045,.F.);
#7045 = EDGE_LOOP('',(#7046,#7047,#7048,#7049));
#7046 = ORIENTED_EDGE('',*,*,#6921,.T.);
#7047 = ORIENTED_EDGE('',*,*,#6952,.T.);
#7048 = ORIENTED_EDGE('',*,*,#6983,.T.);
#7049 = ORIENTED_EDGE('',*,*,#7014,.T.);
#7050 = PLANE('',#7051);
#7051 = AXIS2_PLACEMENT_3D('',#7052,#7053,#7054);
#7052 = CARTESIAN_POINT('',(1.991903074763E+03,113.49904345859,2.5));
#7053 = DIRECTION('',(-0.,-0.,-1.));
#7054 = DIRECTION('',(-1.,0.,0.));
#7055 = MANIFOLD_SOLID_BREP('',#7056);
#7056 = CLOSED_SHELL('',(#7057,#7097,#7128,#7159,#7181,#7193));
#7057 = ADVANCED_FACE('',(#7058),#7092,.T.);
#7058 = FACE_BOUND('',#7059,.T.);
#7059 = EDGE_LOOP('',(#7060,#7070,#7078,#7086));
#7060 = ORIENTED_EDGE('',*,*,#7061,.T.);
#7061 = EDGE_CURVE('',#7062,#7064,#7066,.T.);
#7062 = VERTEX_POINT('',#7063);
#7063 = CARTESIAN_POINT('',(1.83E+03,2.5,60.));
#7064 = VERTEX_POINT('',#7065);
#7065 = CARTESIAN_POINT('',(1.83E+03,-2.5,60.));
#7066 = LINE('',#7067,#7068);
#7067 = CARTESIAN_POINT('',(1.83E+03,2.5,60.));
#7068 = VECTOR('',#7069,1.);
#7069 = DIRECTION('',(0.,-1.,1.110223024625E-16));
#7070 = ORIENTED_EDGE('',*,*,#7071,.T.);
#7071 = EDGE_CURVE('',#7064,#7072,#7074,.T.);
#7072 = VERTEX_POINT('',#7073);
#7073 = CARTESIAN_POINT('',(1.97E+03,-2.5,200.));
#7074 = LINE('',#7075,#7076);
#7075 = CARTESIAN_POINT('',(1.83E+03,-2.5,60.));
#7076 = VECTOR('',#7077,1.);
#7077 = DIRECTION('',(0.707106781187,7.850462293419E-17,0.707106781187)
  );
#7078 = ORIENTED_EDGE('',*,*,#7079,.F.);
#7079 = EDGE_CURVE('',#7080,#7072,#7082,.T.);
#7080 = VERTEX_POINT('',#7081);
#7081 = CARTESIAN_POINT('',(1.97E+03,2.5,200.));
#7082 = LINE('',#7083,#7084);
#7083 = CARTESIAN_POINT('',(1.97E+03,2.5,200.));
#7084 = VECTOR('',#7085,1.);
#7085 = DIRECTION('',(0.,-1.,1.110223024625E-16));
#7086 = ORIENTED_EDGE('',*,*,#7087,.F.);
#7087 = EDGE_CURVE('',#7062,#7080,#7088,.T.);
#7088 = LINE('',#7089,#7090);
#7089 = CARTESIAN_POINT('',(1.83E+03,2.5,60.));
#7090 = VECTOR('',#7091,1.);
#7091 = DIRECTION('',(0.707106781187,7.850462293419E-17,0.707106781187)
  );
#7092 = PLANE('',#7093);
#7093 = AXIS2_PLACEMENT_3D('',#7094,#7095,#7096);
#7094 = CARTESIAN_POINT('',(1.83E+03,2.5,60.));
#7095 = DIRECTION('',(-0.707106781187,7.850462293419E-17,0.707106781187)
  );
#7096 = DIRECTION('',(0.707106781187,7.850462293419E-17,0.707106781187)
  );
#7097 = ADVANCED_FACE('',(#7098),#7123,.T.);
#7098 = FACE_BOUND('',#7099,.T.);
#7099 = EDGE_LOOP('',(#7100,#7101,#7109,#7117));
#7100 = ORIENTED_EDGE('',*,*,#7079,.T.);
#7101 = ORIENTED_EDGE('',*,*,#7102,.T.);
#7102 = EDGE_CURVE('',#7072,#7103,#7105,.T.);
#7103 = VERTEX_POINT('',#7104);
#7104 = CARTESIAN_POINT('',(2.09E+03,-2.5,200.));
#7105 = LINE('',#7106,#7107);
#7106 = CARTESIAN_POINT('',(1.97E+03,-2.5,200.));
#7107 = VECTOR('',#7108,1.);
#7108 = DIRECTION('',(1.,0.,0.));
#7109 = ORIENTED_EDGE('',*,*,#7110,.F.);
#7110 = EDGE_CURVE('',#7111,#7103,#7113,.T.);
#7111 = VERTEX_POINT('',#7112);
#7112 = CARTESIAN_POINT('',(2.09E+03,2.5,200.));
#7113 = LINE('',#7114,#7115);
#7114 = CARTESIAN_POINT('',(2.09E+03,2.5,200.));
#7115 = VECTOR('',#7116,1.);
#7116 = DIRECTION('',(0.,-1.,1.110223024625E-16));
#7117 = ORIENTED_EDGE('',*,*,#7118,.F.);
#7118 = EDGE_CURVE('',#7080,#7111,#7119,.T.);
#7119 = LINE('',#7120,#7121);
#7120 = CARTESIAN_POINT('',(1.97E+03,2.5,200.));
#7121 = VECTOR('',#7122,1.);
#7122 = DIRECTION('',(1.,0.,0.));
#7123 = PLANE('',#7124);
#7124 = AXIS2_PLACEMENT_3D('',#7125,#7126,#7127);
#7125 = CARTESIAN_POINT('',(1.97E+03,2.5,200.));
#7126 = DIRECTION('',(0.,1.110223024625E-16,1.));
#7127 = DIRECTION('',(1.,0.,0.));
#7128 = ADVANCED_FACE('',(#7129),#7154,.T.);
#7129 = FACE_BOUND('',#7130,.T.);
#7130 = EDGE_LOOP('',(#7131,#7132,#7140,#7148));
#7131 = ORIENTED_EDGE('',*,*,#7110,.T.);
#7132 = ORIENTED_EDGE('',*,*,#7133,.T.);
#7133 = EDGE_CURVE('',#7103,#7134,#7136,.T.);
#7134 = VERTEX_POINT('',#7135);
#7135 = CARTESIAN_POINT('',(2.13E+03,-2.5,60.));
#7136 = LINE('',#7137,#7138);
#7137 = CARTESIAN_POINT('',(2.09E+03,-2.5,200.));
#7138 = VECTOR('',#7139,1.);
#7139 = DIRECTION('',(0.274721127897,-1.067506025399E-16,-0.961523947641
    ));
#7140 = ORIENTED_EDGE('',*,*,#7141,.F.);
#7141 = EDGE_CURVE('',#7142,#7134,#7144,.T.);
#7142 = VERTEX_POINT('',#7143);
#7143 = CARTESIAN_POINT('',(2.13E+03,2.5,60.));
#7144 = LINE('',#7145,#7146);
#7145 = CARTESIAN_POINT('',(2.13E+03,2.5,60.));
#7146 = VECTOR('',#7147,1.);
#7147 = DIRECTION('',(0.,-1.,1.110223024625E-16));
#7148 = ORIENTED_EDGE('',*,*,#7149,.F.);
#7149 = EDGE_CURVE('',#7111,#7142,#7150,.T.);
#7150 = LINE('',#7151,#7152);
#7151 = CARTESIAN_POINT('',(2.09E+03,2.5,200.));
#7152 = VECTOR('',#7153,1.);
#7153 = DIRECTION('',(0.274721127897,-1.067506025399E-16,-0.961523947641
    ));
#7154 = PLANE('',#7155);
#7155 = AXIS2_PLACEMENT_3D('',#7156,#7157,#7158);
#7156 = CARTESIAN_POINT('',(2.09E+03,2.5,200.));
#7157 = DIRECTION('',(0.961523947641,3.050017215427E-17,0.274721127897)
  );
#7158 = DIRECTION('',(0.274721127897,-1.067506025399E-16,-0.961523947641
    ));
#7159 = ADVANCED_FACE('',(#7160),#7176,.T.);
#7160 = FACE_BOUND('',#7161,.T.);
#7161 = EDGE_LOOP('',(#7162,#7163,#7169,#7170));
#7162 = ORIENTED_EDGE('',*,*,#7141,.T.);
#7163 = ORIENTED_EDGE('',*,*,#7164,.T.);
#7164 = EDGE_CURVE('',#7134,#7064,#7165,.T.);
#7165 = LINE('',#7166,#7167);
#7166 = CARTESIAN_POINT('',(2.13E+03,-2.5,60.));
#7167 = VECTOR('',#7168,1.);
#7168 = DIRECTION('',(-1.,0.,0.));
#7169 = ORIENTED_EDGE('',*,*,#7061,.F.);
#7170 = ORIENTED_EDGE('',*,*,#7171,.F.);
#7171 = EDGE_CURVE('',#7142,#7062,#7172,.T.);
#7172 = LINE('',#7173,#7174);
#7173 = CARTESIAN_POINT('',(2.13E+03,2.5,60.));
#7174 = VECTOR('',#7175,1.);
#7175 = DIRECTION('',(-1.,0.,0.));
#7176 = PLANE('',#7177);
#7177 = AXIS2_PLACEMENT_3D('',#7178,#7179,#7180);
#7178 = CARTESIAN_POINT('',(2.13E+03,2.5,60.));
#7179 = DIRECTION('',(0.,-1.110223024625E-16,-1.));
#7180 = DIRECTION('',(-1.,0.,0.));
#7181 = ADVANCED_FACE('',(#7182),#7188,.T.);
#7182 = FACE_BOUND('',#7183,.T.);
#7183 = EDGE_LOOP('',(#7184,#7185,#7186,#7187));
#7184 = ORIENTED_EDGE('',*,*,#7087,.T.);
#7185 = ORIENTED_EDGE('',*,*,#7118,.T.);
#7186 = ORIENTED_EDGE('',*,*,#7149,.T.);
#7187 = ORIENTED_EDGE('',*,*,#7171,.T.);
#7188 = PLANE('',#7189);
#7189 = AXIS2_PLACEMENT_3D('',#7190,#7191,#7192);
#7190 = CARTESIAN_POINT('',(1.991903074763E+03,2.5,113.49904345859));
#7191 = DIRECTION('',(-0.,1.,-1.110223024625E-16));
#7192 = DIRECTION('',(-1.,0.,0.));
#7193 = ADVANCED_FACE('',(#7194),#7200,.F.);
#7194 = FACE_BOUND('',#7195,.F.);
#7195 = EDGE_LOOP('',(#7196,#7197,#7198,#7199));
#7196 = ORIENTED_EDGE('',*,*,#7071,.T.);
#7197 = ORIENTED_EDGE('',*,*,#7102,.T.);
#7198 = ORIENTED_EDGE('',*,*,#7133,.T.);
#7199 = ORIENTED_EDGE('',*,*,#7164,.T.);
#7200 = PLANE('',#7201);
#7201 = AXIS2_PLACEMENT_3D('',#7202,#7203,#7204);
#7202 = CARTESIAN_POINT('',(1.991903074763E+03,-2.5,113.49904345859));
#7203 = DIRECTION('',(-0.,1.,-1.110223024625E-16));
#7204 = DIRECTION('',(-1.,0.,0.));
#7205 = MANIFOLD_SOLID_BREP('',#7206);
#7206 = CLOSED_SHELL('',(#7207,#7247,#7278,#7309,#7331,#7343));
#7207 = ADVANCED_FACE('',(#7208),#7242,.T.);
#7208 = FACE_BOUND('',#7209,.T.);
#7209 = EDGE_LOOP('',(#7210,#7220,#7228,#7236));
#7210 = ORIENTED_EDGE('',*,*,#7211,.T.);
#7211 = EDGE_CURVE('',#7212,#7214,#7216,.T.);
#7212 = VERTEX_POINT('',#7213);
#7213 = CARTESIAN_POINT('',(1.83E+03,-60.,2.5));
#7214 = VERTEX_POINT('',#7215);
#7215 = CARTESIAN_POINT('',(1.83E+03,-60.,-2.5));
#7216 = LINE('',#7217,#7218);
#7217 = CARTESIAN_POINT('',(1.83E+03,-60.,2.5));
#7218 = VECTOR('',#7219,1.);
#7219 = DIRECTION('',(0.,-1.224646799147E-16,-1.));
#7220 = ORIENTED_EDGE('',*,*,#7221,.T.);
#7221 = EDGE_CURVE('',#7214,#7222,#7224,.T.);
#7222 = VERTEX_POINT('',#7223);
#7223 = CARTESIAN_POINT('',(1.97E+03,-200.,-2.5));
#7224 = LINE('',#7225,#7226);
#7225 = CARTESIAN_POINT('',(1.83E+03,-60.,-2.5));
#7226 = VECTOR('',#7227,1.);
#7227 = DIRECTION('',(0.707106781187,-0.707106781187,8.659560562355E-17)
  );
#7228 = ORIENTED_EDGE('',*,*,#7229,.F.);
#7229 = EDGE_CURVE('',#7230,#7222,#7232,.T.);
#7230 = VERTEX_POINT('',#7231);
#7231 = CARTESIAN_POINT('',(1.97E+03,-200.,2.5));
#7232 = LINE('',#7233,#7234);
#7233 = CARTESIAN_POINT('',(1.97E+03,-200.,2.5));
#7234 = VECTOR('',#7235,1.);
#7235 = DIRECTION('',(0.,-1.224646799147E-16,-1.));
#7236 = ORIENTED_EDGE('',*,*,#7237,.F.);
#7237 = EDGE_CURVE('',#7212,#7230,#7238,.T.);
#7238 = LINE('',#7239,#7240);
#7239 = CARTESIAN_POINT('',(1.83E+03,-60.,2.5));
#7240 = VECTOR('',#7241,1.);
#7241 = DIRECTION('',(0.707106781187,-0.707106781187,8.659560562355E-17)
  );
#7242 = PLANE('',#7243);
#7243 = AXIS2_PLACEMENT_3D('',#7244,#7245,#7246);
#7244 = CARTESIAN_POINT('',(1.83E+03,-60.,2.5));
#7245 = DIRECTION('',(-0.707106781187,-0.707106781187,8.659560562355E-17
    ));
#7246 = DIRECTION('',(0.707106781187,-0.707106781187,8.659560562355E-17)
  );
#7247 = ADVANCED_FACE('',(#7248),#7273,.T.);
#7248 = FACE_BOUND('',#7249,.T.);
#7249 = EDGE_LOOP('',(#7250,#7251,#7259,#7267));
#7250 = ORIENTED_EDGE('',*,*,#7229,.T.);
#7251 = ORIENTED_EDGE('',*,*,#7252,.T.);
#7252 = EDGE_CURVE('',#7222,#7253,#7255,.T.);
#7253 = VERTEX_POINT('',#7254);
#7254 = CARTESIAN_POINT('',(2.09E+03,-200.,-2.5));
#7255 = LINE('',#7256,#7257);
#7256 = CARTESIAN_POINT('',(1.97E+03,-200.,-2.5));
#7257 = VECTOR('',#7258,1.);
#7258 = DIRECTION('',(1.,0.,0.));
#7259 = ORIENTED_EDGE('',*,*,#7260,.F.);
#7260 = EDGE_CURVE('',#7261,#7253,#7263,.T.);
#7261 = VERTEX_POINT('',#7262);
#7262 = CARTESIAN_POINT('',(2.09E+03,-200.,2.5));
#7263 = LINE('',#7264,#7265);
#7264 = CARTESIAN_POINT('',(2.09E+03,-200.,2.5));
#7265 = VECTOR('',#7266,1.);
#7266 = DIRECTION('',(0.,-1.224646799147E-16,-1.));
#7267 = ORIENTED_EDGE('',*,*,#7268,.F.);
#7268 = EDGE_CURVE('',#7230,#7261,#7269,.T.);
#7269 = LINE('',#7270,#7271);
#7270 = CARTESIAN_POINT('',(1.97E+03,-200.,2.5));
#7271 = VECTOR('',#7272,1.);
#7272 = DIRECTION('',(1.,0.,0.));
#7273 = PLANE('',#7274);
#7274 = AXIS2_PLACEMENT_3D('',#7275,#7276,#7277);
#7275 = CARTESIAN_POINT('',(1.97E+03,-200.,2.5));
#7276 = DIRECTION('',(0.,-1.,1.224646799147E-16));
#7277 = DIRECTION('',(1.,0.,0.));
#7278 = ADVANCED_FACE('',(#7279),#7304,.T.);
#7279 = FACE_BOUND('',#7280,.T.);
#7280 = EDGE_LOOP('',(#7281,#7282,#7290,#7298));
#7281 = ORIENTED_EDGE('',*,*,#7260,.T.);
#7282 = ORIENTED_EDGE('',*,*,#7283,.T.);
#7283 = EDGE_CURVE('',#7253,#7284,#7286,.T.);
#7284 = VERTEX_POINT('',#7285);
#7285 = CARTESIAN_POINT('',(2.13E+03,-60.,-2.5));
#7286 = LINE('',#7287,#7288);
#7287 = CARTESIAN_POINT('',(2.09E+03,-200.,-2.5));
#7288 = VECTOR('',#7289,1.);
#7289 = DIRECTION('',(0.274721127897,0.961523947641,-1.177527224782E-16)
  );
#7290 = ORIENTED_EDGE('',*,*,#7291,.F.);
#7291 = EDGE_CURVE('',#7292,#7284,#7294,.T.);
#7292 = VERTEX_POINT('',#7293);
#7293 = CARTESIAN_POINT('',(2.13E+03,-60.,2.5));
#7294 = LINE('',#7295,#7296);
#7295 = CARTESIAN_POINT('',(2.13E+03,-60.,2.5));
#7296 = VECTOR('',#7297,1.);
#7297 = DIRECTION('',(0.,-1.224646799147E-16,-1.));
#7298 = ORIENTED_EDGE('',*,*,#7299,.F.);
#7299 = EDGE_CURVE('',#7261,#7292,#7300,.T.);
#7300 = LINE('',#7301,#7302);
#7301 = CARTESIAN_POINT('',(2.09E+03,-200.,2.5));
#7302 = VECTOR('',#7303,1.);
#7303 = DIRECTION('',(0.274721127897,0.961523947641,-1.177527224782E-16)
  );
#7304 = PLANE('',#7305);
#7305 = AXIS2_PLACEMENT_3D('',#7306,#7307,#7308);
#7306 = CARTESIAN_POINT('',(2.09E+03,-200.,2.5));
#7307 = DIRECTION('',(0.961523947641,-0.274721127897,3.364363499377E-17)
  );
#7308 = DIRECTION('',(0.274721127897,0.961523947641,-1.177527224782E-16)
  );
#7309 = ADVANCED_FACE('',(#7310),#7326,.T.);
#7310 = FACE_BOUND('',#7311,.T.);
#7311 = EDGE_LOOP('',(#7312,#7313,#7319,#7320));
#7312 = ORIENTED_EDGE('',*,*,#7291,.T.);
#7313 = ORIENTED_EDGE('',*,*,#7314,.T.);
#7314 = EDGE_CURVE('',#7284,#7214,#7315,.T.);
#7315 = LINE('',#7316,#7317);
#7316 = CARTESIAN_POINT('',(2.13E+03,-60.,-2.5));
#7317 = VECTOR('',#7318,1.);
#7318 = DIRECTION('',(-1.,-0.,0.));
#7319 = ORIENTED_EDGE('',*,*,#7211,.F.);
#7320 = ORIENTED_EDGE('',*,*,#7321,.F.);
#7321 = EDGE_CURVE('',#7292,#7212,#7322,.T.);
#7322 = LINE('',#7323,#7324);
#7323 = CARTESIAN_POINT('',(2.13E+03,-60.,2.5));
#7324 = VECTOR('',#7325,1.);
#7325 = DIRECTION('',(-1.,-0.,0.));
#7326 = PLANE('',#7327);
#7327 = AXIS2_PLACEMENT_3D('',#7328,#7329,#7330);
#7328 = CARTESIAN_POINT('',(2.13E+03,-60.,2.5));
#7329 = DIRECTION('',(0.,1.,-1.224646799147E-16));
#7330 = DIRECTION('',(-1.,-0.,0.));
#7331 = ADVANCED_FACE('',(#7332),#7338,.T.);
#7332 = FACE_BOUND('',#7333,.T.);
#7333 = EDGE_LOOP('',(#7334,#7335,#7336,#7337));
#7334 = ORIENTED_EDGE('',*,*,#7237,.T.);
#7335 = ORIENTED_EDGE('',*,*,#7268,.T.);
#7336 = ORIENTED_EDGE('',*,*,#7299,.T.);
#7337 = ORIENTED_EDGE('',*,*,#7321,.T.);
#7338 = PLANE('',#7339);
#7339 = AXIS2_PLACEMENT_3D('',#7340,#7341,#7342);
#7340 = CARTESIAN_POINT('',(1.991903074763E+03,-113.4990434585,2.5));
#7341 = DIRECTION('',(-0.,1.224646799147E-16,1.));
#7342 = DIRECTION('',(-1.,-0.,0.));
#7343 = ADVANCED_FACE('',(#7344),#7350,.F.);
#7344 = FACE_BOUND('',#7345,.F.);
#7345 = EDGE_LOOP('',(#7346,#7347,#7348,#7349));
#7346 = ORIENTED_EDGE('',*,*,#7221,.T.);
#7347 = ORIENTED_EDGE('',*,*,#7252,.T.);
#7348 = ORIENTED_EDGE('',*,*,#7283,.T.);
#7349 = ORIENTED_EDGE('',*,*,#7314,.T.);
#7350 = PLANE('',#7351);
#7351 = AXIS2_PLACEMENT_3D('',#7352,#7353,#7354);
#7352 = CARTESIAN_POINT('',(1.991903074763E+03,-113.4990434585,-2.5));
#7353 = DIRECTION('',(-0.,1.224646799147E-16,1.));
#7354 = DIRECTION('',(-1.,-0.,0.));
#7355 = MANIFOLD_SOLID_BREP('',#7356);
#7356 = CLOSED_SHELL('',(#7357,#7397,#7428,#7459,#7481,#7493));
#7357 = ADVANCED_FACE('',(#7358),#7392,.T.);
#7358 = FACE_BOUND('',#7359,.T.);
#7359 = EDGE_LOOP('',(#7360,#7370,#7378,#7386));
#7360 = ORIENTED_EDGE('',*,*,#7361,.T.);
#7361 = EDGE_CURVE('',#7362,#7364,#7366,.T.);
#7362 = VERTEX_POINT('',#7363);
#7363 = CARTESIAN_POINT('',(1.83E+03,-2.5,-60.));
#7364 = VERTEX_POINT('',#7365);
#7365 = CARTESIAN_POINT('',(1.83E+03,2.5,-60.));
#7366 = LINE('',#7367,#7368);
#7367 = CARTESIAN_POINT('',(1.83E+03,-2.5,-60.));
#7368 = VECTOR('',#7369,1.);
#7369 = DIRECTION('',(0.,1.,-2.22044604925E-16));
#7370 = ORIENTED_EDGE('',*,*,#7371,.T.);
#7371 = EDGE_CURVE('',#7364,#7372,#7374,.T.);
#7372 = VERTEX_POINT('',#7373);
#7373 = CARTESIAN_POINT('',(1.97E+03,2.5,-200.));
#7374 = LINE('',#7375,#7376);
#7375 = CARTESIAN_POINT('',(1.83E+03,2.5,-60.));
#7376 = VECTOR('',#7377,1.);
#7377 = DIRECTION('',(0.707106781187,-1.570092458684E-16,-0.707106781187
    ));
#7378 = ORIENTED_EDGE('',*,*,#7379,.F.);
#7379 = EDGE_CURVE('',#7380,#7372,#7382,.T.);
#7380 = VERTEX_POINT('',#7381);
#7381 = CARTESIAN_POINT('',(1.97E+03,-2.5,-200.));
#7382 = LINE('',#7383,#7384);
#7383 = CARTESIAN_POINT('',(1.97E+03,-2.5,-200.));
#7384 = VECTOR('',#7385,1.);
#7385 = DIRECTION('',(0.,1.,-2.22044604925E-16));
#7386 = ORIENTED_EDGE('',*,*,#7387,.F.);
#7387 = EDGE_CURVE('',#7362,#7380,#7388,.T.);
#7388 = LINE('',#7389,#7390);
#7389 = CARTESIAN_POINT('',(1.83E+03,-2.5,-60.));
#7390 = VECTOR('',#7391,1.);
#7391 = DIRECTION('',(0.707106781187,-1.570092458684E-16,-0.707106781187
    ));
#7392 = PLANE('',#7393);
#7393 = AXIS2_PLACEMENT_3D('',#7394,#7395,#7396);
#7394 = CARTESIAN_POINT('',(1.83E+03,-2.5,-60.));
#7395 = DIRECTION('',(-0.707106781187,-1.570092458684E-16,
    -0.707106781187));
#7396 = DIRECTION('',(0.707106781187,-1.570092458684E-16,-0.707106781187
    ));
#7397 = ADVANCED_FACE('',(#7398),#7423,.T.);
#7398 = FACE_BOUND('',#7399,.T.);
#7399 = EDGE_LOOP('',(#7400,#7401,#7409,#7417));
#7400 = ORIENTED_EDGE('',*,*,#7379,.T.);
#7401 = ORIENTED_EDGE('',*,*,#7402,.T.);
#7402 = EDGE_CURVE('',#7372,#7403,#7405,.T.);
#7403 = VERTEX_POINT('',#7404);
#7404 = CARTESIAN_POINT('',(2.09E+03,2.5,-200.));
#7405 = LINE('',#7406,#7407);
#7406 = CARTESIAN_POINT('',(1.97E+03,2.5,-200.));
#7407 = VECTOR('',#7408,1.);
#7408 = DIRECTION('',(1.,0.,0.));
#7409 = ORIENTED_EDGE('',*,*,#7410,.F.);
#7410 = EDGE_CURVE('',#7411,#7403,#7413,.T.);
#7411 = VERTEX_POINT('',#7412);
#7412 = CARTESIAN_POINT('',(2.09E+03,-2.5,-200.));
#7413 = LINE('',#7414,#7415);
#7414 = CARTESIAN_POINT('',(2.09E+03,-2.5,-200.));
#7415 = VECTOR('',#7416,1.);
#7416 = DIRECTION('',(0.,1.,-2.22044604925E-16));
#7417 = ORIENTED_EDGE('',*,*,#7418,.F.);
#7418 = EDGE_CURVE('',#7380,#7411,#7419,.T.);
#7419 = LINE('',#7420,#7421);
#7420 = CARTESIAN_POINT('',(1.97E+03,-2.5,-200.));
#7421 = VECTOR('',#7422,1.);
#7422 = DIRECTION('',(1.,0.,0.));
#7423 = PLANE('',#7424);
#7424 = AXIS2_PLACEMENT_3D('',#7425,#7426,#7427);
#7425 = CARTESIAN_POINT('',(1.97E+03,-2.5,-200.));
#7426 = DIRECTION('',(0.,-2.22044604925E-16,-1.));
#7427 = DIRECTION('',(1.,0.,0.));
#7428 = ADVANCED_FACE('',(#7429),#7454,.T.);
#7429 = FACE_BOUND('',#7430,.T.);
#7430 = EDGE_LOOP('',(#7431,#7432,#7440,#7448));
#7431 = ORIENTED_EDGE('',*,*,#7410,.T.);
#7432 = ORIENTED_EDGE('',*,*,#7433,.T.);
#7433 = EDGE_CURVE('',#7403,#7434,#7436,.T.);
#7434 = VERTEX_POINT('',#7435);
#7435 = CARTESIAN_POINT('',(2.13E+03,2.5,-60.));
#7436 = LINE('',#7437,#7438);
#7437 = CARTESIAN_POINT('',(2.09E+03,2.5,-200.));
#7438 = VECTOR('',#7439,1.);
#7439 = DIRECTION('',(0.274721127897,2.135012050799E-16,0.961523947641)
  );
#7440 = ORIENTED_EDGE('',*,*,#7441,.F.);
#7441 = EDGE_CURVE('',#7442,#7434,#7444,.T.);
#7442 = VERTEX_POINT('',#7443);
#7443 = CARTESIAN_POINT('',(2.13E+03,-2.5,-60.));
#7444 = LINE('',#7445,#7446);
#7445 = CARTESIAN_POINT('',(2.13E+03,-2.5,-60.));
#7446 = VECTOR('',#7447,1.);
#7447 = DIRECTION('',(0.,1.,-2.22044604925E-16));
#7448 = ORIENTED_EDGE('',*,*,#7449,.F.);
#7449 = EDGE_CURVE('',#7411,#7442,#7450,.T.);
#7450 = LINE('',#7451,#7452);
#7451 = CARTESIAN_POINT('',(2.09E+03,-2.5,-200.));
#7452 = VECTOR('',#7453,1.);
#7453 = DIRECTION('',(0.274721127897,2.135012050799E-16,0.961523947641)
  );
#7454 = PLANE('',#7455);
#7455 = AXIS2_PLACEMENT_3D('',#7456,#7457,#7458);
#7456 = CARTESIAN_POINT('',(2.09E+03,-2.5,-200.));
#7457 = DIRECTION('',(0.961523947641,-6.100034430853E-17,-0.274721127897
    ));
#7458 = DIRECTION('',(0.274721127897,2.135012050799E-16,0.961523947641)
  );
#7459 = ADVANCED_FACE('',(#7460),#7476,.T.);
#7460 = FACE_BOUND('',#7461,.T.);
#7461 = EDGE_LOOP('',(#7462,#7463,#7469,#7470));
#7462 = ORIENTED_EDGE('',*,*,#7441,.T.);
#7463 = ORIENTED_EDGE('',*,*,#7464,.T.);
#7464 = EDGE_CURVE('',#7434,#7364,#7465,.T.);
#7465 = LINE('',#7466,#7467);
#7466 = CARTESIAN_POINT('',(2.13E+03,2.5,-60.));
#7467 = VECTOR('',#7468,1.);
#7468 = DIRECTION('',(-1.,0.,-0.));
#7469 = ORIENTED_EDGE('',*,*,#7361,.F.);
#7470 = ORIENTED_EDGE('',*,*,#7471,.F.);
#7471 = EDGE_CURVE('',#7442,#7362,#7472,.T.);
#7472 = LINE('',#7473,#7474);
#7473 = CARTESIAN_POINT('',(2.13E+03,-2.5,-60.));
#7474 = VECTOR('',#7475,1.);
#7475 = DIRECTION('',(-1.,0.,-0.));
#7476 = PLANE('',#7477);
#7477 = AXIS2_PLACEMENT_3D('',#7478,#7479,#7480);
#7478 = CARTESIAN_POINT('',(2.13E+03,-2.5,-60.));
#7479 = DIRECTION('',(0.,2.22044604925E-16,1.));
#7480 = DIRECTION('',(-1.,0.,-0.));
#7481 = ADVANCED_FACE('',(#7482),#7488,.T.);
#7482 = FACE_BOUND('',#7483,.T.);
#7483 = EDGE_LOOP('',(#7484,#7485,#7486,#7487));
#7484 = ORIENTED_EDGE('',*,*,#7387,.T.);
#7485 = ORIENTED_EDGE('',*,*,#7418,.T.);
#7486 = ORIENTED_EDGE('',*,*,#7449,.T.);
#7487 = ORIENTED_EDGE('',*,*,#7471,.T.);
#7488 = PLANE('',#7489);
#7489 = AXIS2_PLACEMENT_3D('',#7490,#7491,#7492);
#7490 = CARTESIAN_POINT('',(1.991903074763E+03,-2.5,-113.4990434585));
#7491 = DIRECTION('',(-0.,-1.,2.22044604925E-16));
#7492 = DIRECTION('',(-1.,0.,-0.));
#7493 = ADVANCED_FACE('',(#7494),#7500,.F.);
#7494 = FACE_BOUND('',#7495,.F.);
#7495 = EDGE_LOOP('',(#7496,#7497,#7498,#7499));
#7496 = ORIENTED_EDGE('',*,*,#7371,.T.);
#7497 = ORIENTED_EDGE('',*,*,#7402,.T.);
#7498 = ORIENTED_EDGE('',*,*,#7433,.T.);
#7499 = ORIENTED_EDGE('',*,*,#7464,.T.);
#7500 = PLANE('',#7501);
#7501 = AXIS2_PLACEMENT_3D('',#7502,#7503,#7504);
#7502 = CARTESIAN_POINT('',(1.991903074763E+03,2.5,-113.4990434585));
#7503 = DIRECTION('',(-0.,-1.,2.22044604925E-16));
#7504 = DIRECTION('',(-1.,0.,-0.));
#7505 = ( GEOMETRIC_REPRESENTATION_CONTEXT(3) 
GLOBAL_UNCERTAINTY_ASSIGNED_CONTEXT((#7509)) 
GLOBAL_UNIT_ASSIGNED_CONTEXT((#7506,#7507,#7508)) REPRESENTATION_CONTEXT
('Context #1','3D Context with UNIT and UNCERTAINTY') );
#7506 = ( LENGTH_UNIT() NAMED_UNIT(*) SI_UNIT(.MILLI.,.METRE.) );
#7507 = ( NAMED_UNIT(*) PLANE_ANGLE_UNIT() SI_UNIT($,.RADIAN.) );
#7508 = ( NAMED_UNIT(*) SI_UNIT($,.STERADIAN.) SOLID_ANGLE_UNIT() );
#7509 = UNCERTAINTY_MEASURE_WITH_UNIT(LENGTH_MEASURE(1.E-07),#7506,
  'distance_accuracy_value','confusion accuracy');
#7510 = PRODUCT_RELATED_PRODUCT_CATEGORY('part',$,(#7));
ENDSEC;
END-ISO-10303-21;
